seed,absolute_ms,target_elapsed_ms,fresh_vision,vision_occluded,cue,target_motion_valid,error_before_x,error_before_y,target_motion_x,target_motion_y,player_velocity_x,left_x,position_stick_x,position_stick_y,motion_stick_x,motion_stick_y,effective_motion_x,effective_motion_y,shaped_x,shaped_y,final_x,final_y
2026082703,0,0,1,0,0,0,2.66107,7.54445,0,0,0,0,0,0,0,0,0,0,0,0,0,0
2026082703,1,1,0,0,0,0,2.66107,7.54445,0,0,0,0,0,0,0,0,0,0,0,0,0,0
2026082703,2,2,0,0,0,0,2.66107,7.54445,0,0,0,0,0,0,0,0,0,0,0,0,0,0
2026082703,3,3,0,0,0,0,2.66107,7.54445,0,0,0,0,0,0,0,0,0,0,0,0,0,0
2026082703,4,4,0,0,0,0,2.66107,7.54445,0,0,0,0,0,0,0,0,0,0,0,0,0,0
2026082703,5,5,0,0,0,0,2.66107,7.54445,0,0,0,0,0,0,0,0,0,0,0,0,0,0
2026082703,6,6,0,0,0,0,2.66107,7.54445,0,0,0,0,0,0,0,0,0,0,0,0,0,0
2026082703,7,7,0,0,0,0,2.66107,7.54445,0,0,0,0,0,0,0,0,0,0,0,0,0,0
2026082703,8,8,0,0,0,0,2.66107,7.54445,0,0,0,0,0,0,0,0,0,0,0,0,0,0
2026082703,9,9,0,0,0,0,2.66107,7.54445,0,0,0,0,0,0,0,0,0,0,0,0,0,0
2026082703,10,10,1,0,0,0,2.66107,7.54445,0,0,0,0,0,0,0,0,0,0,0,-0.064,0,-0.064
2026082703,11,11,0,0,0,0,2.66107,7.54039,0,0,0,0,0,0,0,0,0,0,0,-0.128,0,-0.128
2026082703,12,12,0,0,0,0,2.66107,7.53053,0,0,0,0,0,0,0,0,0,0,0,-0.185564,0,-0.185564
2026082703,13,13,0,0,0,0,2.66107,7.51186,0,0,0,0,0,0,0,0,0,0,0,-0.185564,0,-0.185564
2026082703,14,14,0,0,0,0,2.66107,7.4932,0,0,0,0,0,0,0,0,0,0,0,-0.185564,0,-0.185564
2026082703,15,15,0,0,0,0,2.66107,7.47454,0,0,0,0,0,0,0,0,0,0,0,-0.185564,0,-0.185564
2026082703,16,16,0,0,0,0,2.66107,7.45589,0,0,0,0,0,0,0,0,0,0,0,-0.185564,0,-0.185564
2026082703,17,17,0,0,0,0,2.66107,7.43724,0,0,0,0,0,0,0,0,0,0,0,-0.185564,0,-0.185564
2026082703,18,18,0,0,0,0,2.66107,7.4186,0,0,0,0,0,0,0,0,0,0,0,-0.185564,0,-0.185564
2026082703,19,19,0,0,0,0,2.66107,7.39996,0,0,0,0,0,0,0,0,0,0,0,-0.185564,0,-0.185564
2026082703,20,20,1,0,0,0,2.66107,7.38132,0,0,0,0,0,0,0,0,0,0,0.053121,-0.202284,0.053121,-0.202284
2026082703,21,21,0,0,0,0,2.65528,7.35925,0,0,0,0,0,0,0,0,0,0,0.053121,-0.202284,0.053121,-0.202284
2026082703,22,22,0,0,0,0,2.64948,7.33718,0,0,0,0,0,0,0,0,0,0,0.053121,-0.202284,0.053121,-0.202284
2026082703,23,23,0,0,0,0,2.64369,7.31512,0,0,0,0,0,0,0,0,0,0,0.053121,-0.202284,0.053121,-0.202284
2026082703,24,24,0,0,0,0,2.6379,7.29306,0,0,0,0,0,0,0,0,0,0,0.053121,-0.202284,0.053121,-0.202284
2026082703,25,25,0,0,0,0,2.63211,7.27101,0,0,0,0,0,0,0,0,0,0,0.053121,-0.202284,0.053121,-0.202284
2026082703,26,26,0,0,0,0,2.62632,7.24897,0,0,0,0,0,0,0,0,0,0,0.053121,-0.202284,0.053121,-0.202284
2026082703,27,27,0,0,0,0,2.62053,7.22693,0,0,0,0,0,0,0,0,0,0,0.053121,-0.202284,0.053121,-0.202284
2026082703,28,28,0,0,0,0,2.61475,7.2049,0,0,0,0,0,0,0,0,0,0,0.053121,-0.202284,0.053121,-0.202284
2026082703,29,29,0,0,0,0,2.60896,7.18288,0,0,0,0,0,0,0,0,0,0,0.053121,-0.202284,0.053121,-0.202284
2026082703,30,30,1,0,0,1,2.60318,7.16086,-13.3913,11.9089,0,0,0,0,0,0,0,0,0.049885,-0.184153,0.049885,-0.184153
2026082703,31,31,0,0,0,1,2.5981,7.14209,-13.4877,11.9947,0,0,0,0,0,0,0,0,0.0496669,-0.183348,0.0496669,-0.183348
2026082703,32,32,0,0,0,1,2.59305,7.12346,-13.4877,11.9947,0,0,0,0,0,0,0,0,0.0496669,-0.183348,0.0496669,-0.183348
2026082703,33,33,0,0,0,1,2.588,7.10483,-13.4877,11.9947,0,0,0,0,0,0,0,0,0.0496669,-0.183348,0.0496669,-0.183348
2026082703,34,34,0,0,0,1,2.58296,7.08621,-13.4877,11.9947,0,0,0,0,0,0,0,0,0.0496669,-0.183348,0.0496669,-0.183348
2026082703,35,35,0,0,0,1,2.57791,7.06759,-13.4877,11.9947,0,0,0,0,0,0,0,0,0.0496669,-0.183348,0.0496669,-0.183348
2026082703,36,36,0,0,0,1,2.57287,7.04897,-13.4877,11.9947,0,0,0,0,0,0,0,0,0.0496669,-0.183348,0.0496669,-0.183348
2026082703,37,37,0,0,0,1,2.56783,7.03036,-13.4877,11.9947,0,0,0,0,0,0,0,0,0.0496669,-0.183348,0.0496669,-0.183348
2026082703,38,38,0,0,0,1,2.56279,7.01176,-13.4877,11.9947,0,0,0,0,0,0,0,0,0.0496669,-0.183348,0.0496669,-0.183348
2026082703,39,39,0,0,0,1,2.55775,6.99316,-13.4877,11.9947,0,0,0,0,0,0,0,0,0.0496669,-0.183348,0.0496669,-0.183348
2026082703,40,40,1,0,0,1,2.55271,6.97456,-5.41899,43.2897,0,0,0,0,0,0,0,0,0.0757467,-0.193632,0.0757467,-0.193632
2026082703,41,41,0,0,0,1,2.54453,6.95364,-5.41899,43.2897,0,0,0,0,0,0,0,0,0.0757467,-0.193632,0.0757467,-0.193632
2026082703,42,42,0,0,0,1,2.53635,6.93273,-5.41899,43.2897,0,0,0,0,0,0,0,0,0.0757467,-0.193632,0.0757467,-0.193632
2026082703,43,43,0,0,0,1,2.52817,6.91183,-5.41899,43.2897,0,0,0,0,0,0,0,0,0.0757467,-0.193632,0.0757467,-0.193632
2026082703,44,44,0,0,0,1,2.52,6.89093,-5.41899,43.2897,0,0,0,0,0,0,0,0,0.0757467,-0.193632,0.0757467,-0.193632
2026082703,45,45,0,0,0,1,2.51183,6.87004,-5.41899,43.2897,0,0,0,0,0,0,0,0,0.0757467,-0.193632,0.0757467,-0.193632
2026082703,46,46,0,0,0,1,2.50366,6.84915,-5.41899,43.2897,0,0,0,0,0,0,0,0,0.0757467,-0.193632,0.0757467,-0.193632
2026082703,47,47,0,0,0,1,2.49549,6.82827,-5.41899,43.2897,0,0,0,0,0,0,0,0,0.0757467,-0.193632,0.0757467,-0.193632
2026082703,48,48,0,0,0,1,2.48732,6.8074,-5.41899,43.2897,0,0,0,0,0,0,0,0,0.0757467,-0.193632,0.0757467,-0.193632
2026082703,49,49,0,0,0,1,2.47916,6.78653,-5.41899,43.2897,0,0,0,0,0,0,0,0,0.0757467,-0.193632,0.0757467,-0.193632
2026082703,50,50,1,0,0,1,2.471,6.76567,0,43.0669,0,0,0,0,0,0,0,0,0.0747123,-0.193906,0.0747123,-0.193906
2026082703,51,51,0,0,0,1,2.46295,6.74479,0,43.0669,0,0,0,0,0,0,0,0,0.0747123,-0.193906,0.0747123,-0.193906
2026082703,52,52,0,0,0,1,2.45491,6.72392,0,43.0669,0,0,0,0,0,0,0,0,0.0747123,-0.193906,0.0747123,-0.193906
2026082703,53,53,0,0,0,1,2.44687,6.70306,0,43.0669,0,0,0,0,0,0,0,0,0.0747123,-0.193906,0.0747123,-0.193906
2026082703,54,54,0,0,0,1,2.43884,6.6822,0,43.0669,0,0,0,0,0,0,0,0,0.0747123,-0.193906,0.0747123,-0.193906
2026082703,55,55,0,0,0,1,2.4308,6.66134,0,43.0669,0,0,0,0,0,0,0,0,0.0747123,-0.193906,0.0747123,-0.193906
2026082703,56,56,0,0,0,1,2.42277,6.6405,0,43.0669,0,0,0,0,0,0,0,0,0.0747123,-0.193906,0.0747123,-0.193906
2026082703,57,57,0,0,0,1,2.41474,6.61966,0,43.0669,0,0,0,0,0,0,0,0,0.0747123,-0.193906,0.0747123,-0.193906
2026082703,58,58,0,0,0,1,2.40671,6.59882,0,43.0669,0,0,0,0,0,0,0,0,0.0747123,-0.193906,0.0747123,-0.193906
2026082703,59,59,0,0,0,1,2.39868,6.57799,0,43.0669,0,0,0,0,0,0,0,0,0.0747123,-0.193906,0.0747123,-0.193906
2026082703,60,60,1,0,0,1,2.39066,6.55716,14.9746,48.2553,0,0,0,0,0,0,0,0,0.0374069,-0.201327,0.0374069,-0.201327
2026082703,61,61,0,0,0,1,2.38669,6.53582,14.9746,48.2553,0,0,0,0,0,0,0,0,0.0374069,-0.201327,0.0374069,-0.201327
2026082703,62,62,0,0,0,1,2.38273,6.51447,14.9746,48.2553,0,0,0,0,0,0,0,0,0.0374069,-0.201327,0.0374069,-0.201327
2026082703,63,63,0,0,0,1,2.37876,6.49314,14.9746,48.2553,0,0,0,0,0,0,0,0,0.0374069,-0.201327,0.0374069,-0.201327
2026082703,64,64,0,0,0,1,2.3748,6.47181,14.9746,48.2553,0,0,0,0,0,0,0,0,0.0374069,-0.201327,0.0374069,-0.201327
2026082703,65,65,0,0,0,1,2.37084,6.45048,14.9746,48.2553,0,0,0,0,0,0,0,0,0.0374069,-0.201327,0.0374069,-0.201327
2026082703,66,66,0,0,0,1,2.36688,6.42916,14.9746,48.2553,0,0,0,0,0,0,0,0,0.0374069,-0.201327,0.0374069,-0.201327
2026082703,67,67,0,0,0,1,2.36292,6.40784,14.9746,48.2553,0,0,0,0,0,0,0,0,0.0374069,-0.201327,0.0374069,-0.201327
2026082703,68,68,0,0,0,1,2.35896,6.38654,14.9746,48.2553,0,0,0,0,0,0,0,0,0.0374069,-0.201327,0.0374069,-0.201327
2026082703,69,69,0,0,0,1,2.355,6.36523,14.9746,48.2553,0,0,0,0,0,0,0,0,0.0374069,-0.201327,0.0374069,-0.201327
2026082703,70,70,1,0,0,1,2.35104,6.34393,14.9746,43.0669,0,0,0,0,0,0,0,0,0.0705976,-0.190183,0.0705976,-0.190183
2026082703,71,71,0,0,0,1,2.34364,6.32398,14.9746,43.0669,0,0,0,0,0,0,0,0,0.0705976,-0.190183,0.0705976,-0.190183
2026082703,72,72,0,0,0,1,2.33623,6.30404,14.9746,43.0669,0,0,0,0,0,0,0,0,0.0705976,-0.190183,0.0705976,-0.190183
2026082703,73,73,0,0,0,1,2.32883,6.28409,14.9746,43.0669,0,0,0,0,0,0,0,0,0.0705976,-0.190183,0.0705976,-0.190183
2026082703,74,74,0,0,0,1,2.32143,6.26416,14.9746,43.0669,0,0,0,0,0,0,0,0,0.0705976,-0.190183,0.0705976,-0.190183
2026082703,75,75,0,0,0,1,2.31403,6.24423,14.9746,43.0669,0,0,0,0,0,0,0,0,0.0705976,-0.190183,0.0705976,-0.190183
2026082703,76,76,0,0,0,1,2.30663,6.2243,14.9746,43.0669,0,0,0,0,0,0,0,0,0.0705976,-0.190183,0.0705976,-0.190183
2026082703,77,77,0,0,0,1,2.29924,6.20438,14.9746,43.0669,0,0,0,0,0,0,0,0,0.0705976,-0.190183,0.0705976,-0.190183
2026082703,78,78,0,0,0,1,2.29185,6.18447,14.9746,43.0669,0,0,0,0,0,0,0,0,0.0705976,-0.190183,0.0705976,-0.190183
2026082703,79,79,0,0,0,1,2.28445,6.16455,14.9746,43.0669,0,0,0,0,0,0,0,0,0.0705976,-0.190183,0.0705976,-0.190183
2026082703,80,80,1,0,0,1,2.27707,6.14465,0,26.6313,0,0,0,0,0,0,0,0,0.0635329,-0.164888,0.0635329,-0.164888
2026082703,81,81,0,0,0,1,2.271,6.1289,0,26.6313,0,0,0,0,0,0,0,0,0.0635329,-0.164888,0.0635329,-0.164888
2026082703,82,82,0,0,0,1,2.26493,6.11316,0,26.6313,0,0,0,0,0,0,0,0,0.0635329,-0.164888,0.0635329,-0.164888
2026082703,83,83,0,0,0,1,2.25887,6.09741,0,26.6313,0,0,0,0,0,0,0,0,0.0635329,-0.164888,0.0635329,-0.164888
2026082703,84,84,0,0,0,1,2.2528,6.08167,0,26.6313,0,0,0,0,0,0,0,0,0.0635329,-0.164888,0.0635329,-0.164888
2026082703,85,85,0,0,0,1,2.24674,6.06594,0,26.6313,0,0,0,0,0,0,0,0,0.0635329,-0.164888,0.0635329,-0.164888
2026082703,86,86,0,0,0,1,2.24068,6.05021,0,26.6313,0,0,0,0,0,0,0,0,0.0635329,-0.164888,0.0635329,-0.164888
2026082703,87,87,0,0,0,1,2.23461,6.03448,0,26.6313,0,0,0,0,0,0,0,0,0.0635329,-0.164888,0.0635329,-0.164888
2026082703,88,88,0,0,0,1,2.22856,6.01875,0,26.6313,0,0,0,0,0,0,0,0,0.0635329,-0.164888,0.0635329,-0.164888
2026082703,89,89,0,0,0,1,2.2225,6.00303,0,26.6313,0,0,0,0,0,0,0,0,0.0635329,-0.164888,0.0635329,-0.164888
2026082703,90,90,1,0,0,1,2.21644,5.9873,-6.74719,26.6313,0,0,0,0,0,0,0,0,0.0423244,-0.19298,0.0423244,-0.19298
2026082703,91,91,0,0,0,1,2.2121,5.96751,-6.74719,26.6313,0,0,0,0,0,0,0,0,0.0423244,-0.19298,0.0423244,-0.19298
2026082703,92,92,0,0,0,1,2.20776,5.94771,-6.74719,26.6313,0,0,0,0,0,0,0,0,0.0423244,-0.19298,0.0423244,-0.19298
2026082703,93,93,0,0,0,1,2.20342,5.92793,-6.74719,26.6313,0,0,0,0,0,0,0,0,0.0423244,-0.19298,0.0423244,-0.19298
2026082703,94,94,0,0,0,1,2.19908,5.90814,-6.74719,26.6313,0,0,0,0,0,0,0,0,0.0423244,-0.19298,0.0423244,-0.19298
2026082703,95,95,0,0,0,1,2.19474,5.88836,-6.74719,26.6313,0,0,0,0,0,0,0,0,0.0423244,-0.19298,0.0423244,-0.19298
2026082703,96,96,0,0,0,1,2.1904,5.86859,-6.74719,26.6313,0,0,0,0,0,0,0,0,0.0423244,-0.19298,0.0423244,-0.19298
2026082703,97,97,0,0,0,1,2.18607,5.84882,-6.74719,26.6313,0,0,0,0,0,0,0,0,0.0423244,-0.19298,0.0423244,-0.19298
2026082703,98,98,0,0,0,1,2.18173,5.82906,-6.74719,26.6313,0,0,0,0,0,0,0,0,0.0423244,-0.19298,0.0423244,-0.19298
2026082703,99,99,0,0,0,1,2.1774,5.80929,-6.74719,26.6313,0,0,0,0,0,0,0,0,0.0423244,-0.19298,0.0423244,-0.19298
2026082703,100,100,1,0,0,1,2.17307,5.78954,-6.74719,15.5773,0,0,0,0,0,0,0,0,0.0712075,-0.18184,0.0712075,-0.18184
2026082703,101,101,0,0,0,1,2.16583,5.77106,-6.74719,15.5773,0,0,0,0,0,0,0,0,0.0712075,-0.18184,0.0712075,-0.18184
2026082703,102,102,0,0,0,1,2.15859,5.75258,-6.74719,15.5773,0,0,0,0,0,0,0,0,0.0712075,-0.18184,0.0712075,-0.18184
2026082703,103,103,0,0,0,1,2.15136,5.73411,-6.74719,15.5773,0,0,0,0,0,0,0,0,0.0712075,-0.18184,0.0712075,-0.18184
2026082703,104,104,0,0,0,1,2.14413,5.71564,-6.74719,15.5773,0,0,0,0,0,0,0,0,0.0712075,-0.18184,0.0712075,-0.18184
2026082703,105,105,0,0,0,1,2.1369,5.69718,-6.74719,15.5773,0,0,0,0,0,0,0,0,0.0712075,-0.18184,0.0712075,-0.18184
2026082703,106,106,0,0,0,1,2.12967,5.67872,-6.74719,15.5773,0,0,0,0,0,0,0,0,0.0712075,-0.18184,0.0712075,-0.18184
2026082703,107,107,0,0,0,1,2.12244,5.66026,-6.74719,15.5773,0,0,0,0,0,0,0,0,0.0712075,-0.18184,0.0712075,-0.18184
2026082703,108,108,0,0,0,1,2.11522,5.64181,-6.74719,15.5773,0,0,0,0,0,0,0,0,0.0712075,-0.18184,0.0712075,-0.18184
2026082703,109,109,0,0,0,1,2.10799,5.62336,-6.74719,15.5773,0,0,0,0,0,0,0,0,0.0712075,-0.18184,0.0712075,-0.18184
2026082703,110,110,1,0,0,1,2.10077,5.60492,0,15.5773,0,0,0,0,0,0,0,0,0.0714082,-0.156049,0.0714082,-0.156049
2026082703,111,111,0,0,0,1,2.09414,5.59043,0,15.5773,0,0,0,0,0,0,0,0,0.0714082,-0.156049,0.0714082,-0.156049
2026082703,112,112,0,0,0,1,2.08751,5.57594,0,15.5773,0,0,0,0,0,0,0,0,0.0714082,-0.156049,0.0714082,-0.156049
2026082703,113,113,0,0,0,1,2.08088,5.56146,0,15.5773,0,0,0,0,0,0,0,0,0.0714082,-0.156049,0.0714082,-0.156049
2026082703,114,114,0,0,0,1,2.07426,5.54698,0,15.5773,0,0,0,0,0,0,0,0,0.0714082,-0.156049,0.0714082,-0.156049
2026082703,115,115,0,0,0,1,2.06763,5.5325,0,15.5773,0,0,0,0,0,0,0,0,0.0714082,-0.156049,0.0714082,-0.156049
2026082703,116,116,0,0,0,1,2.06101,5.51802,0,15.5773,0,0,0,0,0,0,0,0,0.0714082,-0.156049,0.0714082,-0.156049
2026082703,117,117,0,0,0,1,2.05438,5.50355,0,15.5773,0,0,0,0,0,0,0,0,0.0714082,-0.156049,0.0714082,-0.156049
2026082703,118,118,0,0,0,1,2.04776,5.48908,0,15.5773,0,0,0,0,0,0,0,0,0.0714082,-0.156049,0.0714082,-0.156049
2026082703,119,119,0,0,0,1,2.04114,5.47461,0,15.5773,0,0,0,0,0,0,0,0,0.0714082,-0.156049,0.0714082,-0.156049
2026082703,120,120,1,0,0,1,2.03452,5.46014,27.5477,15.5773,0,0,0,0,0,0,0,0,0.0642896,-0.183044,0.0642896,-0.183044
2026082703,121,121,0,0,0,1,2.02804,5.44169,27.5477,15.5773,0,0,0,0,0,0,0,0,0.0642896,-0.183044,0.0642896,-0.183044
2026082703,122,122,0,0,0,1,2.02156,5.42324,27.5477,15.5773,0,0,0,0,0,0,0,0,0.0642896,-0.183044,0.0642896,-0.183044
2026082703,123,123,0,0,0,1,2.01508,5.40479,27.5477,15.5773,0,0,0,0,0,0,0,0,0.0642896,-0.183044,0.0642896,-0.183044
2026082703,124,124,0,0,0,1,2.0086,5.38635,27.5477,15.5773,0,0,0,0,0,0,0,0,0.0642896,-0.183044,0.0642896,-0.183044
2026082703,125,125,0,0,0,1,2.00213,5.36791,27.5477,15.5773,0,0,0,0,0,0,0,0,0.0642896,-0.183044,0.0642896,-0.183044
2026082703,126,126,0,0,0,1,1.99565,5.34948,27.5477,15.5773,0,0,0,0,0,0,0,0,0.0642896,-0.183044,0.0642896,-0.183044
2026082703,127,127,0,0,0,1,1.98918,5.33105,27.5477,15.5773,0,0,0,0,0,0,0,0,0.0642896,-0.183044,0.0642896,-0.183044
2026082703,128,128,0,0,0,1,1.98271,5.31262,27.5477,15.5773,0,0,0,0,0,0,0,0,0.0642896,-0.183044,0.0642896,-0.183044
2026082703,129,129,0,0,0,1,1.97624,5.2942,27.5477,15.5773,0,0,0,0,0,0,0,0,0.0642896,-0.183044,0.0642896,-0.183044
2026082703,130,130,1,0,0,1,1.96977,5.27578,27.5477,-0,0,0,0,0,0,0,0,0,0.0962394,-0.135044,0.0962394,-0.135044
2026082703,131,131,0,0,0,1,1.9611,5.26362,27.5477,-0,0,0,0,0,0,0,0,0,0.0962394,-0.125984,0.0962394,-0.125984
2026082703,132,132,0,0,0,1,1.95276,5.2527,27.5477,-0,0,0,0,0,0,0,0,0,0.0962394,-0.125984,0.0962394,-0.125984
2026082703,133,133,0,0,0,1,1.94442,5.24178,27.5477,-0,0,0,0,0,0,0,0,0,0.0962394,-0.125984,0.0962394,-0.125984
2026082703,134,134,0,0,0,1,1.93608,5.23087,27.5477,-0,0,0,0,0,0,0,0,0,0.0962394,-0.125984,0.0962394,-0.125984
2026082703,135,135,0,0,0,1,1.92774,5.21995,27.5477,-0,0,0,0,0,0,0,0,0,0.0962394,-0.125984,0.0962394,-0.125984
2026082703,136,136,0,0,0,1,1.9194,5.20904,27.5477,-0,0,0,0,0,0,0,0,0,0.0962394,-0.125984,0.0962394,-0.125984
2026082703,137,137,0,0,0,1,1.91107,5.19812,27.5477,-0,0,0,0,0,0,0,0,0,0.0962394,-0.125984,0.0962394,-0.125984
2026082703,138,138,0,0,0,1,1.90273,5.18721,27.5477,-0,0,0,0,0,0,0,0,0,0.0962394,-0.125984,0.0962394,-0.125984
2026082703,139,139,0,0,0,1,1.8944,5.1763,27.5477,-0,0,0,0,0,0,0,0,0,0.0962394,-0.125984,0.0962394,-0.125984
2026082703,140,140,1,0,0,1,1.88607,5.16539,27.5477,40.288,0,0,0,0,0,0,0,0,0.0482394,-0.165307,0.0482394,-0.165307
2026082703,141,141,0,0,0,1,1.8816,5.15009,27.5477,40.288,0,0,0,0,0,0,0,0,0.0339974,-0.165307,0.0339974,-0.165307
2026082703,142,142,0,0,0,1,1.8785,5.13502,27.5477,40.288,0,0,0,0,0,0,0,0,0.0339974,-0.165307,0.0339974,-0.165307
2026082703,143,143,0,0,0,1,1.8754,5.11995,27.5477,40.288,0,0,0,0,0,0,0,0,0.0339974,-0.165307,0.0339974,-0.165307
2026082703,144,144,0,0,0,1,1.8723,5.10489,27.5477,40.288,0,0,0,0,0,0,0,0,0.0339974,-0.165307,0.0339974,-0.165307
2026082703,145,145,0,0,0,1,1.8692,5.08983,27.5477,40.288,0,0,0,0,0,0,0,0,0.0339974,-0.165307,0.0339974,-0.165307
2026082703,146,146,0,0,0,1,1.86611,5.07477,27.5477,40.288,0,0,0,0,0,0,0,0,0.0339974,-0.165307,0.0339974,-0.165307
2026082703,147,147,0,0,0,1,1.86301,5.05971,27.5477,40.288,0,0,0,0,0,0,0,0,0.0339974,-0.165307,0.0339974,-0.165307
2026082703,148,148,0,0,0,1,1.85991,5.04465,27.5477,40.288,0,0,0,0,0,0,0,0,0.0339974,-0.165307,0.0339974,-0.165307
2026082703,149,149,0,0,0,1,1.85682,5.0296,27.5477,40.288,0,0,0,0,0,0,0,0,0.0339974,-0.165307,0.0339974,-0.165307
2026082703,150,150,1,0,0,1,1.85372,5.01455,0,35.7327,0,0,0,0,0,0,0,0,0,-0.16911,0,-0.16911
2026082703,151,151,0,0,0,1,1.85372,4.99913,0,35.7327,0,0,0,0,0,0,0,0,0,-0.16911,0,-0.16911
2026082703,152,152,0,0,0,1,1.85372,4.98372,0,35.7327,0,0,0,0,0,0,0,0,0,-0.16911,0,-0.16911
2026082703,153,153,0,0,0,1,1.85372,4.9683,0,35.7327,0,0,0,0,0,0,0,0,0,-0.16911,0,-0.16911
2026082703,154,154,0,0,0,1,1.85372,4.95289,0,35.7327,0,0,0,0,0,0,0,0,0,-0.16911,0,-0.16911
2026082703,155,155,0,0,0,1,1.85372,4.93748,0,35.7327,0,0,0,0,0,0,0,0,0,-0.16911,0,-0.16911
2026082703,156,156,0,0,0,1,1.85372,4.92208,0,35.7327,0,0,0,0,0,0,0,0,0,-0.16911,0,-0.16911
2026082703,157,157,0,0,0,1,1.85372,4.90667,0,35.7327,0,0,0,0,0,0,0,0,0,-0.16911,0,-0.16911
2026082703,158,158,0,0,0,1,1.85372,4.89127,0,35.7327,0,0,0,0,0,0,0,0,0,-0.16911,0,-0.16911
2026082703,159,159,0,0,0,1,1.85372,4.87587,0,35.7327,0,0,0,0,0,0,0,0,0,-0.16911,0,-0.16911
2026082703,160,160,1,0,0,1,1.85372,4.86047,-34.949,35.7327,0,0,0,0,0,0,0,0,0.0828295,-0.140368,0.0828295,-0.140368
2026082703,161,161,0,0,0,1,1.8464,4.84807,-34.949,35.7327,0,0,0,0,0,0,0,0,0.0828295,-0.140368,0.0828295,-0.140368
2026082703,162,162,0,0,0,1,1.83909,4.83567,-34.949,35.7327,0,0,0,0,0,0,0,0,0.0828295,-0.140368,0.0828295,-0.140368
2026082703,163,163,0,0,0,1,1.83177,4.82327,-34.949,35.7327,0,0,0,0,0,0,0,0,0.0828295,-0.140368,0.0828295,-0.140368
2026082703,164,164,0,0,0,1,1.82445,4.81087,-34.949,35.7327,0,0,0,0,0,0,0,0,0.0828295,-0.140368,0.0828295,-0.140368
2026082703,165,165,0,0,0,1,1.81714,4.79847,-34.949,35.7327,0,0,0,0,0,0,0,0,0.0828295,-0.140368,0.0828295,-0.140368
2026082703,166,166,0,0,0,1,1.80982,4.78608,-34.949,35.7327,0,0,0,0,0,0,0,0,0.0828295,-0.140368,0.0828295,-0.140368
2026082703,167,167,0,0,0,1,1.80251,4.77368,-34.949,35.7327,0,0,0,0,0,0,0,0,0.0828295,-0.140368,0.0828295,-0.140368
2026082703,168,168,0,0,0,1,1.7952,4.76129,-34.949,35.7327,0,0,0,0,0,0,0,0,0.0828295,-0.140368,0.0828295,-0.140368
2026082703,169,169,0,0,0,1,1.78789,4.7489,-34.949,35.7327,0,0,0,0,0,0,0,0,0.0828295,-0.140368,0.0828295,-0.140368
2026082703,170,170,1,0,0,1,1.78058,4.73651,-34.949,35.7327,0,0,0,0,0,0,0,0,0.0348295,-0.169682,0.0348295,-0.169682
2026082703,171,171,0,0,0,1,1.77735,4.7208,-34.949,35.7327,0,0,0,0,0,0,0,0,0,-0.169682,0,-0.169682
2026082703,172,172,0,0,0,1,1.77735,4.70534,-34.949,35.7327,0,0,0,0,0,0,0,0,0,-0.169682,0,-0.169682
2026082703,173,173,0,0,0,1,1.77735,4.68988,-34.949,35.7327,0,0,0,0,0,0,0,0,0,-0.169682,0,-0.169682
2026082703,174,174,0,0,0,1,1.77735,4.67442,-34.949,35.7327,0,0,0,0,0,0,0,0,0,-0.169682,0,-0.169682
2026082703,175,175,0,0,0,1,1.77735,4.65897,-34.949,35.7327,0,0,0,0,0,0,0,0,0,-0.169682,0,-0.169682
2026082703,176,176,0,0,0,1,1.77735,4.64351,-34.949,35.7327,0,0,0,0,0,0,0,0,0,-0.169682,0,-0.169682
2026082703,177,177,0,0,0,1,1.77735,4.62806,-34.949,35.7327,0,0,0,0,0,0,0,0,0,-0.169682,0,-0.169682
2026082703,178,178,0,0,0,1,1.77735,4.61261,-34.949,35.7327,0,0,0,0,0,0,0,0,0,-0.169682,0,-0.169682
2026082703,179,179,0,0,0,1,1.77735,4.59716,-34.949,35.7327,0,0,0,0,0,0,0,0,0,-0.169682,0,-0.169682
2026082703,180,180,1,0,0,1,1.77735,4.58172,0,-0,0,0,0,0,0,0,0,0,0.064,-0.13954,0.064,-0.13954
2026082703,181,181,0,0,0,1,1.772,4.57006,0,-0,0,0,0,0,0,0,0,0,0.0961872,-0.13954,0.0961872,-0.13954
2026082703,182,182,0,0,0,1,1.76326,4.55737,0,-0,0,0,0,0,0,0,0,0,0.0961872,-0.13954,0.0961872,-0.13954
2026082703,183,183,0,0,0,1,1.75451,4.54469,0,-0,0,0,0,0,0,0,0,0,0.0961872,-0.13954,0.0961872,-0.13954
2026082703,184,184,0,0,0,1,1.74577,4.532,0,-0,0,0,0,0,0,0,0,0,0.0961872,-0.13954,0.0961872,-0.13954
2026082703,185,185,0,0,0,1,1.73703,4.51932,0,-0,0,0,0,0,0,0,0,0,0.0961872,-0.13954,0.0961872,-0.13954
2026082703,186,186,0,0,0,1,1.72829,4.50664,0,-0,0,0,0,0,0,0,0,0,0.0961872,-0.13954,0.0961872,-0.13954
2026082703,187,187,0,0,0,1,1.71955,4.49397,0,-0,0,0,0,0,0,0,0,0,0.0961872,-0.13954,0.0961872,-0.13954
2026082703,188,188,0,0,0,1,1.71082,4.48129,0,-0,0,0,0,0,0,0,0,0,0.0961872,-0.13954,0.0961872,-0.13954
2026082703,189,189,0,0,0,1,1.70208,4.46862,0,-0,0,0,0,0,0,0,0,0,0.0961872,-0.13954,0.0961872,-0.13954
2026082703,190,190,1,0,0,1,1.69335,4.45595,-36.2222,13.6118,0,0,0,0,0,0,0,0,0.0596477,-0.144731,0.0596477,-0.144731
2026082703,191,191,0,0,0,1,1.68828,4.44365,-36.2222,13.6118,0,0,0,0,0,0,0,0,0.0596477,-0.144731,0.0596477,-0.144731
2026082703,192,192,0,0,0,1,1.68321,4.43136,-36.2222,13.6118,0,0,0,0,0,0,0,0,0.0596477,-0.144731,0.0596477,-0.144731
2026082703,193,193,0,0,0,1,1.67814,4.41906,-36.2222,13.6118,0,0,0,0,0,0,0,0,0.0596477,-0.144731,0.0596477,-0.144731
2026082703,194,194,0,0,0,1,1.67308,4.40677,-36.2222,13.6118,0,0,0,0,0,0,0,0,0.0596477,-0.144731,0.0596477,-0.144731
2026082703,195,195,0,0,0,1,1.66801,4.39448,-36.2222,13.6118,0,0,0,0,0,0,0,0,0.0596477,-0.144731,0.0596477,-0.144731
2026082703,196,196,0,0,0,1,1.66295,4.38219,-36.2222,13.6118,0,0,0,0,0,0,0,0,0.0596477,-0.144731,0.0596477,-0.144731
2026082703,197,197,0,0,0,1,1.65788,4.3699,-36.2222,13.6118,0,0,0,0,0,0,0,0,0.0596477,-0.144731,0.0596477,-0.144731
2026082703,198,198,0,0,0,1,1.65282,4.35761,-36.2222,13.6118,0,0,0,0,0,0,0,0,0.0596477,-0.144731,0.0596477,-0.144731
2026082703,199,199,0,0,0,1,1.64776,4.34533,-36.2222,13.6118,0,0,0,0,0,0,0,0,0.0596477,-0.144731,0.0596477,-0.144731
2026082703,200,200,1,0,0,1,1.64269,4.33305,0,13.6118,0,0,0,0,0,0,0,0,0.0649206,-0.143107,0.0649206,-0.143107
2026082703,201,201,0,0,0,1,1.63717,4.32086,0,13.6118,0,0,0,0,0,0,0,0,0.0649206,-0.143107,0.0649206,-0.143107
2026082703,202,202,0,0,0,1,1.63164,4.30868,0,13.6118,0,0,0,0,0,0,0,0,0.0649206,-0.143107,0.0649206,-0.143107
2026082703,203,203,0,0,0,1,1.62611,4.29649,0,13.6118,0,0,0,0,0,0,0,0,0.0649206,-0.143107,0.0649206,-0.143107
2026082703,204,204,0,0,0,1,1.62059,4.28431,0,13.6118,0,0,0,0,0,0,0,0,0.0649206,-0.143107,0.0649206,-0.143107
2026082703,205,205,0,0,0,1,1.61506,4.27213,0,13.6118,0,0,0,0,0,0,0,0,0.0649206,-0.143107,0.0649206,-0.143107
2026082703,206,206,0,0,0,1,1.60954,4.25996,0,13.6118,0,0,0,0,0,0,0,0,0.0649206,-0.143107,0.0649206,-0.143107
2026082703,207,207,0,0,0,1,1.60401,4.24778,0,13.6118,0,0,0,0,0,0,0,0,0.0649206,-0.143107,0.0649206,-0.143107
2026082703,208,208,0,0,0,1,1.59849,4.2356,0,13.6118,0,0,0,0,0,0,0,0,0.0649206,-0.143107,0.0649206,-0.143107
2026082703,209,209,0,0,0,1,1.59297,4.22343,0,13.6118,0,0,0,0,0,0,0,0,0.0649206,-0.143107,0.0649206,-0.143107
2026082703,210,210,1,0,0,1,1.58744,4.21126,7.10334,14.1839,0,0,0,0,0,0,0,0,0.073201,-0.137654,0.073201,-0.137654
2026082703,211,211,0,0,0,1,1.58126,4.19964,7.10334,14.1839,0,0,0,0,0,0,0,0,0.073201,-0.137654,0.073201,-0.137654
2026082703,212,212,0,0,0,1,1.57508,4.18801,7.10334,14.1839,0,0,0,0,0,0,0,0,0.073201,-0.137654,0.073201,-0.137654
2026082703,213,213,0,0,0,1,1.5689,4.17639,7.10334,14.1839,0,0,0,0,0,0,0,0,0.073201,-0.137654,0.073201,-0.137654
2026082703,214,214,0,0,0,1,1.56272,4.16477,7.10334,14.1839,0,0,0,0,0,0,0,0,0.073201,-0.137654,0.073201,-0.137654
2026082703,215,215,0,0,0,1,1.55655,4.15315,7.10334,14.1839,0,0,0,0,0,0,0,0,0.073201,-0.137654,0.073201,-0.137654
2026082703,216,216,0,0,0,1,1.55037,4.14154,7.10334,14.1839,0,0,0,0,0,0,0,0,0.073201,-0.137654,0.073201,-0.137654
2026082703,217,217,0,0,0,1,1.54419,4.12992,7.10334,14.1839,0,0,0,0,0,0,0,0,0.073201,-0.137654,0.073201,-0.137654
2026082703,218,218,0,0,0,1,1.53802,4.11831,7.10334,14.1839,0,0,0,0,0,0,0,0,0.073201,-0.137654,0.073201,-0.137654
2026082703,219,219,0,0,0,1,1.53184,4.1067,7.10334,14.1839,0,0,0,0,0,0,0,0,0.073201,-0.137654,0.073201,-0.137654
2026082703,220,220,1,0,0,1,1.52567,4.09508,17.4455,16.8457,0,0,0,0,0,0,0,0,0.0764978,-0.136693,0.0764978,-0.136693
2026082703,221,221,0,0,0,1,1.51919,4.08351,17.4455,16.8457,0,0,0,0,0,0,0,0,0.0764978,-0.136693,0.0764978,-0.136693
2026082703,222,222,0,0,0,1,1.51271,4.07193,17.4455,16.8457,0,0,0,0,0,0,0,0,0.0764978,-0.136693,0.0764978,-0.136693
2026082703,223,223,0,0,0,1,1.50623,4.06036,17.4455,16.8457,0,0,0,0,0,0,0,0,0.0764978,-0.136693,0.0764978,-0.136693
2026082703,224,224,0,0,0,1,1.49975,4.04878,17.4455,16.8457,0,0,0,0,0,0,0,0,0.0764978,-0.136693,0.0764978,-0.136693
2026082703,225,225,0,0,0,1,1.49328,4.03721,17.4455,16.8457,0,0,0,0,0,0,0,0,0.0764978,-0.136693,0.0764978,-0.136693
2026082703,226,226,0,0,0,1,1.4868,4.02564,17.4455,16.8457,0,0,0,0,0,0,0,0,0.0764978,-0.136693,0.0764978,-0.136693
2026082703,227,227,0,0,0,1,1.48033,4.01407,17.4455,16.8457,0,0,0,0,0,0,0,0,0.0764978,-0.136693,0.0764978,-0.136693
2026082703,228,228,0,0,0,1,1.47385,4.0025,17.4455,16.8457,0,0,0,0,0,0,0,0,0.0764978,-0.136693,0.0764978,-0.136693
2026082703,229,229,0,0,0,1,1.46738,3.99093,17.4455,16.8457,0,0,0,0,0,0,0,0,0.0764978,-0.136693,0.0764978,-0.136693
2026082703,230,230,1,0,0,1,1.46091,3.97937,17.4455,20.6181,0,0,0,0,0,0,0,0,0.0328742,-0.163313,0.0328742,-0.163313
2026082703,231,231,0,0,0,1,1.45798,3.96481,17.4455,20.6181,0,0,0,0,0,0,0,0,0.0328742,-0.163313,0.0328742,-0.163313
2026082703,232,232,0,0,0,1,1.45505,3.95026,17.4455,20.6181,0,0,0,0,0,0,0,0,0.0328742,-0.163313,0.0328742,-0.163313
2026082703,233,233,0,0,0,1,1.45212,3.93571,17.4455,20.6181,0,0,0,0,0,0,0,0,0.0328742,-0.163313,0.0328742,-0.163313
2026082703,234,234,0,0,0,1,1.44919,3.92115,17.4455,20.6181,0,0,0,0,0,0,0,0,0.0328742,-0.163313,0.0328742,-0.163313
2026082703,235,235,0,0,0,1,1.44626,3.90661,17.4455,20.6181,0,0,0,0,0,0,0,0,0.0328742,-0.163313,0.0328742,-0.163313
2026082703,236,236,0,0,0,1,1.44333,3.89206,17.4455,20.6181,0,0,0,0,0,0,0,0,0.0328742,-0.163313,0.0328742,-0.163313
2026082703,237,237,0,0,0,1,1.4404,3.87751,17.4455,20.6181,0,0,0,0,0,0,0,0,0.0328742,-0.163313,0.0328742,-0.163313
2026082703,238,238,0,0,0,1,1.43748,3.86297,17.4455,20.6181,0,0,0,0,0,0,0,0,0.0328742,-0.163313,0.0328742,-0.163313
2026082703,239,239,0,0,0,1,1.43455,3.84843,17.4455,20.6181,0,0,0,0,0,0,0,0,0.0328742,-0.163313,0.0328742,-0.163313
2026082703,240,240,1,0,0,1,1.43162,3.83389,22.9582,20.6181,0,0,0,0,0,0,0,0,0.0696352,-0.124991,0.0696352,-0.124991
2026082703,241,241,0,0,0,1,1.42611,3.824,22.9582,20.6181,0,0,0,0,0,0,0,0,0.0696352,-0.124991,0.0696352,-0.124991
2026082703,242,242,0,0,0,1,1.4206,3.81411,22.9582,20.6181,0,0,0,0,0,0,0,0,0.0696352,-0.124991,0.0696352,-0.124991
2026082703,243,243,0,0,0,1,1.4151,3.80422,22.9582,20.6181,0,0,0,0,0,0,0,0,0.0696352,-0.124991,0.0696352,-0.124991
2026082703,244,244,0,0,0,1,1.40959,3.79434,22.9582,20.6181,0,0,0,0,0,0,0,0,0.0696352,-0.124991,0.0696352,-0.124991
2026082703,245,245,0,0,0,1,1.40408,3.78445,22.9582,20.6181,0,0,0,0,0,0,0,0,0.0696352,-0.124991,0.0696352,-0.124991
2026082703,246,246,0,0,0,1,1.39857,3.77457,22.9582,20.6181,0,0,0,0,0,0,0,0,0.0696352,-0.124991,0.0696352,-0.124991
2026082703,247,247,0,0,0,1,1.39307,3.76468,22.9582,20.6181,0,0,0,0,0,0,0,0,0.0696352,-0.124991,0.0696352,-0.124991
2026082703,248,248,0,0,0,1,1.38756,3.7548,22.9582,20.6181,0,0,0,0,0,0,0,0,0.0696352,-0.124991,0.0696352,-0.124991
2026082703,249,249,0,0,0,1,1.38205,3.74492,22.9582,20.6181,0,0,0,0,0,0,0,0,0.0696352,-0.124991,0.0696352,-0.124991
2026082703,250,250,1,0,0,1,1.37655,3.73503,3.12155,60.9061,0,0,0,0,0,0,0,0,0.0560426,-0.155451,0.0560426,-0.155451
2026082703,251,251,0,0,0,1,1.3716,3.7213,3.12155,60.9061,0,0,0,0,0,0,0,0,0.0560426,-0.155451,0.0560426,-0.155451
2026082703,252,252,0,0,0,1,1.36665,3.70757,3.12155,60.9061,0,0,0,0,0,0,0,0,0.0560426,-0.155451,0.0560426,-0.155451
2026082703,253,253,0,0,0,1,1.3617,3.69384,3.12155,60.9061,0,0,0,0,0,0,0,0,0.0560426,-0.155451,0.0560426,-0.155451
2026082703,254,254,0,0,0,1,1.35675,3.68011,3.12155,60.9061,0,0,0,0,0,0,0,0,0.0560426,-0.155451,0.0560426,-0.155451
2026082703,255,255,0,0,0,1,1.3518,3.66638,3.12155,60.9061,0,0,0,0,0,0,0,0,0.0560426,-0.155451,0.0560426,-0.155451
2026082703,256,256,0,0,0,1,1.34685,3.65265,3.12155,60.9061,0,0,0,0,0,0,0,0,0.0560426,-0.155451,0.0560426,-0.155451
2026082703,257,257,0,0,0,1,1.3419,3.63893,3.12155,60.9061,0,0,0,0,0,0,0,0,0.0560426,-0.155451,0.0560426,-0.155451
2026082703,258,258,0,0,0,1,1.33695,3.62521,3.12155,60.9061,0,0,0,0,0,0,0,0,0.0560426,-0.155451,0.0560426,-0.155451
2026082703,259,259,0,0,0,1,1.33201,3.61149,3.12155,60.9061,0,0,0,0,0,0,0,0,0.0560426,-0.155451,0.0560426,-0.155451
2026082703,260,260,1,0,0,1,1.32706,3.59777,3.12155,-0,0,0,0,0,0,0,0,0,0,-0.114045,0,-0.114045
2026082703,261,261,0,0,0,1,1.32706,3.59007,3.12155,-0,0,0,0,0,0,0,0,0,0,-0.114045,0,-0.114045
2026082703,262,262,0,0,0,1,1.32706,3.58238,3.12155,-0,0,0,0,0,0,0,0,0,0,-0.114045,0,-0.114045
2026082703,263,263,0,0,0,1,1.32706,3.57468,3.12155,-0,0,0,0,0,0,0,0,0,0,-0.114045,0,-0.114045
2026082703,264,264,0,0,0,1,1.32706,3.56699,3.12155,-0,0,0,0,0,0,0,0,0,0,-0.114045,0,-0.114045
2026082703,265,265,0,0,0,1,1.32706,3.5593,3.12155,-0,0,0,0,0,0,0,0,0,0,-0.114045,0,-0.114045
2026082703,266,266,0,0,0,1,1.32706,3.55161,3.12155,-0,0,0,0,0,0,0,0,0,0,-0.114045,0,-0.114045
2026082703,267,267,0,0,0,1,1.32706,3.54392,3.12155,-0,0,0,0,0,0,0,0,0,0,-0.114045,0,-0.114045
2026082703,268,268,0,0,0,1,1.32706,3.53623,3.12155,-0,0,0,0,0,0,0,0,0,0,-0.114045,0,-0.114045
2026082703,269,269,0,0,0,1,1.32706,3.52853,3.12155,-0,0,0,0,0,0,0,0,0,0,-0.114045,0,-0.114045
2026082703,270,270,1,0,0,1,1.32706,3.52084,3.12155,40.288,0,0,0,0,0,0,0,0,0.064,-0.133161,0.064,-0.133161
2026082703,271,271,0,0,0,1,1.32192,3.51015,3.12155,40.288,0,0,0,0,0,0,0,0,0.0743771,-0.133161,0.0743771,-0.133161
2026082703,272,272,0,0,0,1,1.31581,3.4992,3.12155,40.288,0,0,0,0,0,0,0,0,0.0743771,-0.133161,0.0743771,-0.133161
2026082703,273,273,0,0,0,1,1.30969,3.48826,3.12155,40.288,0,0,0,0,0,0,0,0,0.0743771,-0.133161,0.0743771,-0.133161
2026082703,274,274,0,0,0,1,1.30358,3.47731,3.12155,40.288,0,0,0,0,0,0,0,0,0.0743771,-0.133161,0.0743771,-0.133161
2026082703,275,275,0,0,0,1,1.29747,3.46637,3.12155,40.288,0,0,0,0,0,0,0,0,0.0743771,-0.133161,0.0743771,-0.133161
2026082703,276,276,0,0,0,1,1.29135,3.45542,3.12155,40.288,0,0,0,0,0,0,0,0,0.0743771,-0.133161,0.0743771,-0.133161
2026082703,277,277,0,0,0,1,1.28524,3.44448,3.12155,40.288,0,0,0,0,0,0,0,0,0.0743771,-0.133161,0.0743771,-0.133161
2026082703,278,278,0,0,0,1,1.27913,3.43354,3.12155,40.288,0,0,0,0,0,0,0,0,0.0743771,-0.133161,0.0743771,-0.133161
2026082703,279,279,0,0,0,1,1.27302,3.4226,3.12155,40.288,0,0,0,0,0,0,0,0,0.0743771,-0.133161,0.0743771,-0.133161
2026082703,280,280,1,0,0,1,1.26691,3.41167,0,-0,0,0,0,0,0,0,0,0,0.0795622,-0.0957297,0.0795622,-0.0957297
2026082703,281,281,0,0,0,1,1.26118,3.40476,0,-0,0,0,0,0,0,0,0,0,0.0795622,-0.0957297,0.0795622,-0.0957297
2026082703,282,282,0,0,0,1,1.25544,3.39786,0,-0,0,0,0,0,0,0,0,0,0.0795622,-0.0957297,0.0795622,-0.0957297
2026082703,283,283,0,0,0,1,1.24971,3.39096,0,-0,0,0,0,0,0,0,0,0,0.0795622,-0.0957297,0.0795622,-0.0957297
2026082703,284,284,0,0,0,1,1.24397,3.38406,0,-0,0,0,0,0,0,0,0,0,0.0795622,-0.0957297,0.0795622,-0.0957297
2026082703,285,285,0,0,0,1,1.23824,3.37716,0,-0,0,0,0,0,0,0,0,0,0.0795622,-0.0957297,0.0795622,-0.0957297
2026082703,286,286,0,0,0,1,1.2325,3.37026,0,-0,0,0,0,0,0,0,0,0,0.0795622,-0.0957297,0.0795622,-0.0957297
2026082703,287,287,0,0,0,1,1.22677,3.36336,0,-0,0,0,0,0,0,0,0,0,0.0795622,-0.0957297,0.0795622,-0.0957297
2026082703,288,288,0,0,0,1,1.22104,3.35646,0,-0,0,0,0,0,0,0,0,0,0.0795622,-0.0957297,0.0795622,-0.0957297
2026082703,289,289,0,0,0,1,1.2153,3.34957,0,-0,0,0,0,0,0,0,0,0,0.0795622,-0.0957297,0.0795622,-0.0957297
2026082703,290,290,1,0,0,1,1.20957,3.34267,32.0411,34.16,0,0,0,0,0,0,0,0,0.08246,-0.125301,0.08246,-0.125301
2026082703,291,291,0,0,0,1,1.2029,3.33254,32.0411,34.16,0,0,0,0,0,0,0,0,0.08246,-0.125301,0.08246,-0.125301
2026082703,292,292,0,0,0,1,1.19624,3.32241,32.0411,34.16,0,0,0,0,0,0,0,0,0.08246,-0.125301,0.08246,-0.125301
2026082703,293,293,0,0,0,1,1.18957,3.31228,32.0411,34.16,0,0,0,0,0,0,0,0,0.08246,-0.125301,0.08246,-0.125301
2026082703,294,294,0,0,0,1,1.18291,3.30215,32.0411,34.16,0,0,0,0,0,0,0,0,0.08246,-0.125301,0.08246,-0.125301
2026082703,295,295,0,0,0,1,1.17624,3.29202,32.0411,34.16,0,0,0,0,0,0,0,0,0.08246,-0.125301,0.08246,-0.125301
2026082703,296,296,0,0,0,1,1.16958,3.2819,32.0411,34.16,0,0,0,0,0,0,0,0,0.08246,-0.125301,0.08246,-0.125301
2026082703,297,297,0,0,0,1,1.16291,3.27177,32.0411,34.16,0,0,0,0,0,0,0,0,0.08246,-0.125301,0.08246,-0.125301
2026082703,298,298,0,0,0,1,1.15625,3.26165,32.0411,34.16,0,0,0,0,0,0,0,0,0.08246,-0.125301,0.08246,-0.125301
2026082703,299,299,0,0,0,1,1.14959,3.25153,32.0411,34.16,0,0,0,0,0,0,0,0,0.08246,-0.125301,0.08246,-0.125301
2026082703,300,300,1,0,0,1,1.14293,3.2414,0,20.897,0,0,0,0,0,0,0,0,0.03446,-0.148705,0.03446,-0.148705
2026082703,301,301,0,0,0,1,1.1401,3.2292,0,20.897,0,0,0,0,0,0,0,0,0,-0.148705,0,-0.148705
2026082703,302,302,0,0,0,1,1.1401,3.21724,0,20.897,0,0,0,0,0,0,0,0,0,-0.148705,0,-0.148705
2026082703,303,303,0,0,0,1,1.1401,3.20529,0,20.897,0,0,0,0,0,0,0,0,0,-0.148705,0,-0.148705
2026082703,304,304,0,0,0,1,1.1401,3.19334,0,20.897,0,0,0,0,0,0,0,0,0,-0.148705,0,-0.148705
2026082703,305,305,0,0,0,1,1.1401,3.18138,0,20.897,0,0,0,0,0,0,0,0,0,-0.148705,0,-0.148705
2026082703,306,306,0,0,0,1,1.1401,3.16943,0,20.897,0,0,0,0,0,0,0,0,0,-0.148705,0,-0.148705
2026082703,307,307,0,0,0,1,1.1401,3.15748,0,20.897,0,0,0,0,0,0,0,0,0,-0.148705,0,-0.148705
2026082703,308,308,0,0,0,1,1.1401,3.14553,0,20.897,0,0,0,0,0,0,0,0,0,-0.148705,0,-0.148705
2026082703,309,309,0,0,0,1,1.1401,3.13358,0,20.897,0,0,0,0,0,0,0,0,0,-0.148705,0,-0.148705
2026082703,310,310,1,0,0,1,1.1401,3.12164,32.0411,20.897,0,0,0,0,0,0,0,0,0.064,-0.116684,0.064,-0.116684
2026082703,311,311,0,0,0,1,1.13528,3.11286,32.0411,20.897,0,0,0,0,0,0,0,0,0.064482,-0.116684,0.064482,-0.116684
2026082703,312,312,0,0,0,1,1.13042,3.10406,32.0411,20.897,0,0,0,0,0,0,0,0,0.064482,-0.116684,0.064482,-0.116684
2026082703,313,313,0,0,0,1,1.12557,3.09527,32.0411,20.897,0,0,0,0,0,0,0,0,0.064482,-0.116684,0.064482,-0.116684
2026082703,314,314,0,0,0,1,1.12071,3.08648,32.0411,20.897,0,0,0,0,0,0,0,0,0.064482,-0.116684,0.064482,-0.116684
2026082703,315,315,0,0,0,1,1.11585,3.07769,32.0411,20.897,0,0,0,0,0,0,0,0,0.064482,-0.116684,0.064482,-0.116684
2026082703,316,316,0,0,0,1,1.111,3.06891,32.0411,20.897,0,0,0,0,0,0,0,0,0.064482,-0.116684,0.064482,-0.116684
2026082703,317,317,0,0,0,1,1.10614,3.06012,32.0411,20.897,0,0,0,0,0,0,0,0,0.064482,-0.116684,0.064482,-0.116684
2026082703,318,318,0,0,0,1,1.10128,3.05133,32.0411,20.897,0,0,0,0,0,0,0,0,0.064482,-0.116684,0.064482,-0.116684
2026082703,319,319,0,0,0,1,1.09643,3.04254,32.0411,20.897,0,0,0,0,0,0,0,0,0.064482,-0.116684,0.064482,-0.116684
2026082703,320,320,1,0,0,1,1.09157,3.03376,0,20.897,0,0,0,0,0,0,0,0,0,-0.148302,0,-0.148302
2026082703,321,321,0,0,0,1,1.09157,3.02187,0,20.897,0,0,0,0,0,0,0,0,0,-0.148302,0,-0.148302
2026082703,322,322,0,0,0,1,1.09157,3.00998,0,20.897,0,0,0,0,0,0,0,0,0,-0.148302,0,-0.148302
2026082703,323,323,0,0,0,1,1.09157,2.9981,0,20.897,0,0,0,0,0,0,0,0,0,-0.148302,0,-0.148302
2026082703,324,324,0,0,0,1,1.09157,2.98621,0,20.897,0,0,0,0,0,0,0,0,0,-0.148302,0,-0.148302
2026082703,325,325,0,0,0,1,1.09157,2.97433,0,20.897,0,0,0,0,0,0,0,0,0,-0.148302,0,-0.148302
2026082703,326,326,0,0,0,1,1.09157,2.96244,0,20.897,0,0,0,0,0,0,0,0,0,-0.148302,0,-0.148302
2026082703,327,327,0,0,0,1,1.09157,2.95056,0,20.897,0,0,0,0,0,0,0,0,0,-0.148302,0,-0.148302
2026082703,328,328,0,0,0,1,1.09157,2.93868,0,20.897,0,0,0,0,0,0,0,0,0,-0.148302,0,-0.148302
2026082703,329,329,0,0,0,1,1.09157,2.9268,0,20.897,0,0,0,0,0,0,0,0,0,-0.148302,0,-0.148302
2026082703,330,330,1,0,0,1,1.09157,2.91492,40.288,32.9077,0,0,0,0,0,0,0,0,0.0453007,-0.142996,0.0453007,-0.142996
2026082703,331,331,0,0,0,1,1.08792,2.9034,40.288,32.9077,0,0,0,0,0,0,0,0,0.0453007,-0.142996,0.0453007,-0.142996
2026082703,332,332,0,0,0,1,1.08427,2.89187,40.288,32.9077,0,0,0,0,0,0,0,0,0.0453007,-0.142996,0.0453007,-0.142996
2026082703,333,333,0,0,0,1,1.08062,2.88035,40.288,32.9077,0,0,0,0,0,0,0,0,0.0453007,-0.142996,0.0453007,-0.142996
2026082703,334,334,0,0,0,1,1.07697,2.86883,40.288,32.9077,0,0,0,0,0,0,0,0,0.0453007,-0.142996,0.0453007,-0.142996
2026082703,335,335,0,0,0,1,1.07332,2.85731,40.288,32.9077,0,0,0,0,0,0,0,0,0.0453007,-0.142996,0.0453007,-0.142996
2026082703,336,336,0,0,0,1,1.06967,2.84579,40.288,32.9077,0,0,0,0,0,0,0,0,0.0453007,-0.142996,0.0453007,-0.142996
2026082703,337,337,0,0,0,1,1.06602,2.83427,40.288,32.9077,0,0,0,0,0,0,0,0,0.0453007,-0.142996,0.0453007,-0.142996
2026082703,338,338,0,0,0,1,1.06237,2.82276,40.288,32.9077,0,0,0,0,0,0,0,0,0.0453007,-0.142996,0.0453007,-0.142996
2026082703,339,339,0,0,0,1,1.05873,2.81124,40.288,32.9077,0,0,0,0,0,0,0,0,0.0453007,-0.142996,0.0453007,-0.142996
2026082703,340,340,1,0,0,1,1.05508,2.79973,11.6815,32.9077,0,0,0,0,0,0,0,0,0.0534523,-0.140153,0.0534523,-0.140153
2026082703,341,341,0,0,0,1,1.05077,2.78844,11.6815,32.9077,0,0,0,0,0,0,0,0,0.0534523,-0.140153,0.0534523,-0.140153
2026082703,342,342,0,0,0,1,1.04647,2.77716,11.6815,32.9077,0,0,0,0,0,0,0,0,0.0534523,-0.140153,0.0534523,-0.140153
2026082703,343,343,0,0,0,1,1.04217,2.76587,11.6815,32.9077,0,0,0,0,0,0,0,0,0.0534523,-0.140153,0.0534523,-0.140153
2026082703,344,344,0,0,0,1,1.03786,2.75459,11.6815,32.9077,0,0,0,0,0,0,0,0,0.0534523,-0.140153,0.0534523,-0.140153
2026082703,345,345,0,0,0,1,1.03356,2.74331,11.6815,32.9077,0,0,0,0,0,0,0,0,0.0534523,-0.140153,0.0534523,-0.140153
2026082703,346,346,0,0,0,1,1.02926,2.73203,11.6815,32.9077,0,0,0,0,0,0,0,0,0.0534523,-0.140153,0.0534523,-0.140153
2026082703,347,347,0,0,0,1,1.02496,2.72075,11.6815,32.9077,0,0,0,0,0,0,0,0,0.0534523,-0.140153,0.0534523,-0.140153
2026082703,348,348,0,0,0,1,1.02066,2.70947,11.6815,32.9077,0,0,0,0,0,0,0,0,0.0534523,-0.140153,0.0534523,-0.140153
2026082703,349,349,0,0,0,1,1.01635,2.69819,11.6815,32.9077,0,0,0,0,0,0,0,0,0.0534523,-0.140153,0.0534523,-0.140153
2026082703,350,350,1,0,0,1,1.01205,2.68691,50.4073,29.5731,0,0,0,0,0,0,0,0,0.073349,-0.125817,0.073349,-0.125817
2026082703,351,351,0,0,0,1,1.00625,2.67695,50.4073,29.5731,0,0,0,0,0,0,0,0,0.073349,-0.125817,0.073349,-0.125817
2026082703,352,352,0,0,0,1,1.00044,2.66699,50.4073,29.5731,0,0,0,0,0,0,0,0,0.073349,-0.125817,0.073349,-0.125817
2026082703,353,353,0,0,0,1,0.994632,2.65703,50.4073,29.5731,0,0,0,0,0,0,0,0,0.073349,-0.125817,0.073349,-0.125817
2026082703,354,354,0,0,0,1,0.988826,2.64707,50.4073,29.5731,0,0,0,0,0,0,0,0,0.073349,-0.125817,0.073349,-0.125817
2026082703,355,355,0,0,0,1,0.98302,2.63711,50.4073,29.5731,0,0,0,0,0,0,0,0,0.073349,-0.125817,0.073349,-0.125817
2026082703,356,356,0,0,0,1,0.977215,2.62715,50.4073,29.5731,0,0,0,0,0,0,0,0,0.073349,-0.125817,0.073349,-0.125817
2026082703,357,357,0,0,0,1,0.97141,2.6172,50.4073,29.5731,0,0,0,0,0,0,0,0,0.073349,-0.125817,0.073349,-0.125817
2026082703,358,358,0,0,0,1,0.965605,2.60724,50.4073,29.5731,0,0,0,0,0,0,0,0,0.073349,-0.125817,0.073349,-0.125817
2026082703,359,359,0,0,0,1,0.959801,2.59728,50.4073,29.5731,0,0,0,0,0,0,0,0,0.073349,-0.125817,0.073349,-0.125817
2026082703,360,360,1,0,0,1,0.953998,2.58733,11.6815,12.8498,0,0,0,0,0,0,0,0,0,-0.14194,0,-0.14194
2026082703,361,361,0,0,0,1,0.953998,2.57626,11.6815,12.8498,0,0,0,0,0,0,0,0,0,-0.14194,0,-0.14194
2026082703,362,362,0,0,0,1,0.953998,2.56519,11.6815,12.8498,0,0,0,0,0,0,0,0,0,-0.14194,0,-0.14194
2026082703,363,363,0,0,0,1,0.953998,2.55413,11.6815,12.8498,0,0,0,0,0,0,0,0,0,-0.14194,0,-0.14194
2026082703,364,364,0,0,0,1,0.953998,2.54306,11.6815,12.8498,0,0,0,0,0,0,0,0,0,-0.14194,0,-0.14194
2026082703,365,365,0,0,0,1,0.953998,2.532,11.6815,12.8498,0,0,0,0,0,0,0,0,0,-0.14194,0,-0.14194
2026082703,366,366,0,0,0,1,0.953998,2.52093,11.6815,12.8498,0,0,0,0,0,0,0,0,0,-0.14194,0,-0.14194
2026082703,367,367,0,0,0,1,0.953998,2.50987,11.6815,12.8498,0,0,0,0,0,0,0,0,0,-0.14194,0,-0.14194
2026082703,368,368,0,0,0,1,0.953998,2.49881,11.6815,12.8498,0,0,0,0,0,0,0,0,0,-0.14194,0,-0.14194
2026082703,369,369,0,0,0,1,0.953998,2.48775,11.6815,12.8498,0,0,0,0,0,0,0,0,0,-0.14194,0,-0.14194
2026082703,370,370,1,0,0,1,0.953998,2.47668,0,9.68693,0,0,0,0,0,0,0,0,0,-0.0939404,0,-0.0939404
2026082703,371,371,0,0,0,1,0.953998,2.47105,0,9.68693,0,0,0,0,0,0,0,0,0,-0.0459404,0,-0.0459404
2026082703,372,372,0,0,0,1,0.953998,2.4683,0,9.68693,0,0,0,0,0,0,0,0,0,-0.0403317,0,-0.0403317
2026082703,373,373,0,0,0,1,0.953998,2.46588,0,9.68693,0,0,0,0,0,0,0,0,0,-0.0403317,0,-0.0403317
2026082703,374,374,0,0,0,1,0.953998,2.46346,0,9.68693,0,0,0,0,0,0,0,0,0,-0.0403317,0,-0.0403317
2026082703,375,375,0,0,0,1,0.953998,2.46104,0,9.68693,0,0,0,0,0,0,0,0,0,-0.0403317,0,-0.0403317
2026082703,376,376,0,0,0,1,0.953998,2.45862,0,9.68693,0,0,0,0,0,0,0,0,0,-0.0403317,0,-0.0403317
2026082703,377,377,0,0,0,1,0.953998,2.4562,0,9.68693,0,0,0,0,0,0,0,0,0,-0.0403317,0,-0.0403317
2026082703,378,378,0,0,0,1,0.953998,2.45378,0,9.68693,0,0,0,0,0,0,0,0,0,-0.0403317,0,-0.0403317
2026082703,379,379,0,0,0,1,0.953998,2.45137,0,9.68693,0,0,0,0,0,0,0,0,0,-0.0403317,0,-0.0403317
2026082703,380,380,1,0,0,1,0.953998,2.44895,-30.1867,12.8498,0,0,0,0,0,0,0,0,0,-0.104332,0,-0.104332
2026082703,381,381,0,0,0,1,0.953998,2.44251,-30.1867,12.8498,0,0,0,0,0,0,0,0,0,-0.147112,0,-0.147112
2026082703,382,382,0,0,0,1,0.953998,2.43082,-30.1867,12.8498,0,0,0,0,0,0,0,0,0,-0.147112,0,-0.147112
2026082703,383,383,0,0,0,1,0.953998,2.41913,-30.1867,12.8498,0,0,0,0,0,0,0,0,0,-0.147112,0,-0.147112
2026082703,384,384,0,0,0,1,0.953998,2.40743,-30.1867,12.8498,0,0,0,0,0,0,0,0,0,-0.147112,0,-0.147112
2026082703,385,385,0,0,0,1,0.953998,2.39574,-30.1867,12.8498,0,0,0,0,0,0,0,0,0,-0.147112,0,-0.147112
2026082703,386,386,0,0,0,1,0.953998,2.38405,-30.1867,12.8498,0,0,0,0,0,0,0,0,0,-0.147112,0,-0.147112
2026082703,387,387,0,0,0,1,0.953998,2.37236,-30.1867,12.8498,0,0,0,0,0,0,0,0,0,-0.147112,0,-0.147112
2026082703,388,388,0,0,0,1,0.953998,2.36067,-30.1867,12.8498,0,0,0,0,0,0,0,0,0,-0.147112,0,-0.147112
2026082703,389,389,0,0,0,1,0.953998,2.34898,-30.1867,12.8498,0,0,0,0,0,0,0,0,0,-0.147112,0,-0.147112
2026082703,390,390,1,0,0,1,0.953998,2.33729,0,-0,0,0,0,0,0,0,0,0,0.093295,-0.0991115,0.093295,-0.0991115
2026082703,391,391,0,0,0,1,0.946913,2.32977,0,-0,0,0,0,0,0,0,0,0,0.118628,-0.0511115,0.118628,-0.0511115
2026082703,392,392,0,0,0,1,0.938205,2.32601,0,-0,0,0,0,0,0,0,0,0,0.118628,0,0.118628,0
2026082703,393,393,0,0,0,1,0.930019,2.32601,0,-0,0,0,0,0,0,0,0,0,0.118628,0,0.118628,0
2026082703,394,394,0,0,0,1,0.921834,2.32601,0,-0,0,0,0,0,0,0,0,0,0.118628,0,0.118628,0
2026082703,395,395,0,0,0,1,0.913648,2.32601,0,-0,0,0,0,0,0,0,0,0,0.118628,0,0.118628,0
2026082703,396,396,0,0,0,1,0.905463,2.32601,0,-0,0,0,0,0,0,0,0,0,0.118628,0,0.118628,0
2026082703,397,397,0,0,0,1,0.897278,2.32601,0,-0,0,0,0,0,0,0,0,0,0.118628,0,0.118628,0
2026082703,398,398,0,0,0,1,0.889093,2.32601,0,-0,0,0,0,0,0,0,0,0,0.118628,0,0.118628,0
2026082703,399,399,0,0,0,1,0.880908,2.32601,0,-0,0,0,0,0,0,0,0,0,0.118628,0,0.118628,0
2026082703,400,400,1,0,0,1,0.872723,2.32601,21.4539,40.288,0,0,0,0,0,0,0,0,0.0706283,-0.070901,0.0706283,-0.070901
2026082703,401,401,0,0,0,1,0.868492,2.32177,21.4539,40.288,0,0,0,0,0,0,0,0,0,-0.134901,0,-0.134901
2026082703,402,402,0,0,0,1,0.868492,2.31158,21.4539,40.288,0,0,0,0,0,0,0,0,0,-0.15,0,-0.15
2026082703,403,403,0,0,0,1,0.868492,2.29954,21.4539,40.288,0,0,0,0,0,0,0,0,0,-0.15,0,-0.15
2026082703,404,404,0,0,0,1,0.868492,2.2875,21.4539,40.288,0,0,0,0,0,0,0,0,0,-0.15,0,-0.15
2026082703,405,405,0,0,0,1,0.868492,2.27547,21.4539,40.288,0,0,0,0,0,0,0,0,0,-0.15,0,-0.15
2026082703,406,406,0,0,0,1,0.868492,2.26343,21.4539,40.288,0,0,0,0,0,0,0,0,0,-0.15,0,-0.15
2026082703,407,407,0,0,0,1,0.868492,2.2514,21.4539,40.288,0,0,0,0,0,0,0,0,0,-0.15,0,-0.15
2026082703,408,408,0,0,0,1,0.868492,2.23936,21.4539,40.288,0,0,0,0,0,0,0,0,0,-0.15,0,-0.15
2026082703,409,409,0,0,0,1,0.868492,2.22733,21.4539,40.288,0,0,0,0,0,0,0,0,0,-0.15,0,-0.15
2026082703,410,410,1,0,0,1,0.868492,2.21529,0,55.0784,0,0,0,0,0,0,0,0,0,-0.149464,0,-0.149464
2026082703,411,411,0,0,0,1,0.868492,2.20333,0,55.0784,0,0,0,0,0,0,0,0,0,-0.149464,0,-0.149464
2026082703,412,412,0,0,0,1,0.868492,2.19136,0,55.0784,0,0,0,0,0,0,0,0,0,-0.149464,0,-0.149464
2026082703,413,413,0,0,0,1,0.868492,2.17939,0,55.0784,0,0,0,0,0,0,0,0,0,-0.149464,0,-0.149464
2026082703,414,414,0,0,0,1,0.868492,2.16743,0,55.0784,0,0,0,0,0,0,0,0,0,-0.149464,0,-0.149464
2026082703,415,415,0,0,0,1,0.868492,2.15546,0,55.0784,0,0,0,0,0,0,0,0,0,-0.149464,0,-0.149464
2026082703,416,416,0,0,0,1,0.868492,2.1435,0,55.0784,0,0,0,0,0,0,0,0,0,-0.149464,0,-0.149464
2026082703,417,417,0,0,0,1,0.868492,2.13154,0,55.0784,0,0,0,0,0,0,0,0,0,-0.149464,0,-0.149464
2026082703,418,418,0,0,0,1,0.868492,2.11958,0,55.0784,0,0,0,0,0,0,0,0,0,-0.149464,0,-0.149464
2026082703,419,419,0,0,0,1,0.868492,2.10762,0,55.0784,0,0,0,0,0,0,0,0,0,-0.149464,0,-0.149464
2026082703,420,420,1,0,0,1,0.868492,2.09566,-1.6145,55.0784,0,0,0,0,0,0,0,0,0.0766636,-0.101464,0.0766636,-0.101464
2026082703,421,421,0,0,0,1,0.862931,2.0883,-1.64928,56.2646,0,0,0,0,0,0,0,0,0.0904837,-0.0607975,0.0904837,-0.0607975
2026082703,422,422,0,0,0,1,0.857126,2.0844,-1.64928,56.2646,0,0,0,0,0,0,0,0,0.0904837,-0.0607975,0.0904837,-0.0607975
2026082703,423,423,0,0,0,1,0.851321,2.0805,-1.64928,56.2646,0,0,0,0,0,0,0,0,0.0904837,-0.0607975,0.0904837,-0.0607975
2026082703,424,424,0,0,0,1,0.845516,2.07659,-1.64928,56.2646,0,0,0,0,0,0,0,0,0.0904837,-0.0607975,0.0904837,-0.0607975
2026082703,425,425,0,0,0,1,0.839711,2.07269,-1.64928,56.2646,0,0,0,0,0,0,0,0,0.0904837,-0.0607975,0.0904837,-0.0607975
2026082703,426,426,0,0,0,1,0.833906,2.06879,-1.64928,56.2646,0,0,0,0,0,0,0,0,0.0904837,-0.0607975,0.0904837,-0.0607975
2026082703,427,427,0,0,0,1,0.828101,2.06489,-1.64928,56.2646,0,0,0,0,0,0,0,0,0.0904837,-0.0607975,0.0904837,-0.0607975
2026082703,428,428,0,0,0,1,0.822297,2.06099,-1.64928,56.2646,0,0,0,0,0,0,0,0,0.0904837,-0.0607975,0.0904837,-0.0607975
2026082703,429,429,0,0,0,1,0.816493,2.05709,-1.64928,56.2646,0,0,0,0,0,0,0,0,0.0904837,-0.0607975,0.0904837,-0.0607975
2026082703,430,430,1,0,0,1,0.810689,2.05319,-1.64928,56.2646,0,0,0,0,0,0,0,0,0.0424837,-0.124798,0.0424837,-0.124798
2026082703,431,431,0,0,0,1,0.807533,2.04392,-1.64928,56.2646,0,0,0,0,0,0,0,0,0.0356604,-0.145699,0.0356604,-0.145699
2026082703,432,432,0,0,0,1,0.804675,2.03225,-1.64928,56.2646,0,0,0,0,0,0,0,0,0.0356604,-0.145699,0.0356604,-0.145699
2026082703,433,433,0,0,0,1,0.801818,2.02057,-1.64928,56.2646,0,0,0,0,0,0,0,0,0.0356604,-0.145699,0.0356604,-0.145699
2026082703,434,434,0,0,0,1,0.79896,2.0089,-1.64928,56.2646,0,0,0,0,0,0,0,0,0.0356604,-0.145699,0.0356604,-0.145699
2026082703,435,435,0,0,0,1,0.796103,1.99722,-1.64928,56.2646,0,0,0,0,0,0,0,0,0.0356604,-0.145699,0.0356604,-0.145699
2026082703,436,436,0,0,0,1,0.793246,1.98555,-1.64928,56.2646,0,0,0,0,0,0,0,0,0.0356604,-0.145699,0.0356604,-0.145699
2026082703,437,437,0,0,0,1,0.790389,1.97388,-1.64928,56.2646,0,0,0,0,0,0,0,0,0.0356604,-0.145699,0.0356604,-0.145699
2026082703,438,438,0,0,0,1,0.787532,1.9622,-1.64928,56.2646,0,0,0,0,0,0,0,0,0.0356604,-0.145699,0.0356604,-0.145699
2026082703,439,439,0,0,0,1,0.784675,1.95053,-1.64928,56.2646,0,0,0,0,0,0,0,0,0.0356604,-0.145699,0.0356604,-0.145699
2026082703,440,440,1,0,0,1,0.781819,1.93886,-23.6611,-0,0,0,0,0,0,0,0,0,0,-0.0976995,0,-0.0976995
2026082703,441,441,0,0,0,1,0.781819,1.93302,-23.6611,-0,0,0,0,0,0,0,0,0,0,-0.0496995,0,-0.0496995
2026082703,442,442,0,0,0,1,0.781819,1.93005,-23.6611,-0,0,0,0,0,0,0,0,0,0,0,0,0
2026082703,443,443,0,0,0,1,0.781819,1.93005,-23.6611,-0,0,0,0,0,0,0,0,0,0,0,0,0
2026082703,444,444,0,0,0,1,0.781819,1.93005,-23.6611,-0,0,0,0,0,0,0,0,0,0,0,0,0
2026082703,445,445,0,0,0,1,0.781819,1.93005,-23.6611,-0,0,0,0,0,0,0,0,0,0,0,0,0
2026082703,446,446,0,0,0,1,0.781819,1.93005,-23.6611,-0,0,0,0,0,0,0,0,0,0,0,0,0
2026082703,447,447,0,0,0,1,0.781819,1.93005,-23.6611,-0,0,0,0,0,0,0,0,0,0,0,0,0
2026082703,448,448,0,0,0,1,0.781819,1.93005,-23.6611,-0,0,0,0,0,0,0,0,0,0,0,0,0
2026082703,449,449,0,0,0,1,0.781819,1.93005,-23.6611,-0,0,0,0,0,0,0,0,0,0,0,0,0
2026082703,450,450,1,0,0,1,0.781819,1.93005,-23.6611,41.1557,0,0,0,0,0,0,0,0,0.064,-0.064,0.064,-0.064
2026082703,451,451,0,0,0,1,0.777993,1.92622,-23.6611,41.1557,0,0,0,0,0,0,0,0,0.0933122,-0.117443,0.0933122,-0.117443
2026082703,452,452,0,0,0,1,0.770519,1.91682,-23.6611,41.1557,0,0,0,0,0,0,0,0,0.0933122,-0.117443,0.0933122,-0.117443
2026082703,453,453,0,0,0,1,0.763046,1.90741,-23.6611,41.1557,0,0,0,0,0,0,0,0,0.0933122,-0.117443,0.0933122,-0.117443
2026082703,454,454,0,0,0,1,0.755574,1.89801,-23.6611,41.1557,0,0,0,0,0,0,0,0,0.0933122,-0.117443,0.0933122,-0.117443
2026082703,455,455,0,0,0,1,0.748101,1.8886,-23.6611,41.1557,0,0,0,0,0,0,0,0,0.0933122,-0.117443,0.0933122,-0.117443
2026082703,456,456,0,0,0,1,0.740629,1.8792,-23.6611,41.1557,0,0,0,0,0,0,0,0,0.0933122,-0.117443,0.0933122,-0.117443
2026082703,457,457,0,0,0,1,0.733158,1.86979,-23.6611,41.1557,0,0,0,0,0,0,0,0,0.0933122,-0.117443,0.0933122,-0.117443
2026082703,458,458,0,0,0,1,0.725687,1.86039,-23.6611,41.1557,0,0,0,0,0,0,0,0,0.0933122,-0.117443,0.0933122,-0.117443
2026082703,459,459,0,0,0,1,0.718216,1.85099,-23.6611,41.1557,0,0,0,0,0,0,0,0,0.0933122,-0.117443,0.0933122,-0.117443
2026082703,460,460,1,0,0,1,0.710746,1.84159,-49.2583,13.1131,0,0,0,0,0,0,0,0,0.0453122,-0.144353,0.0453122,-0.144353
2026082703,461,461,0,0,0,1,0.707092,1.82995,-49.2583,13.1131,0,0,0,0,0,0,0,0,0,-0.144353,0,-0.144353
2026082703,462,462,0,0,0,1,0.707092,1.81863,-49.2583,13.1131,0,0,0,0,0,0,0,0,0,-0.144353,0,-0.144353
2026082703,463,463,0,0,0,1,0.707092,1.80732,-49.2583,13.1131,0,0,0,0,0,0,0,0,0,-0.144353,0,-0.144353
2026082703,464,464,0,0,0,1,0.707092,1.796,-49.2583,13.1131,0,0,0,0,0,0,0,0,0,-0.144353,0,-0.144353
2026082703,465,465,0,0,0,1,0.707092,1.78469,-49.2583,13.1131,0,0,0,0,0,0,0,0,0,-0.144353,0,-0.144353
2026082703,466,466,0,0,0,1,0.707092,1.77338,-49.2583,13.1131,0,0,0,0,0,0,0,0,0,-0.144353,0,-0.144353
2026082703,467,467,0,0,0,1,0.707092,1.76206,-49.2583,13.1131,0,0,0,0,0,0,0,0,0,-0.144353,0,-0.144353
2026082703,468,468,0,0,0,1,0.707092,1.75075,-49.2583,13.1131,0,0,0,0,0,0,0,0,0,-0.144353,0,-0.144353
2026082703,469,469,0,0,0,1,0.707092,1.73944,-49.2583,13.1131,0,0,0,0,0,0,0,0,0,-0.144353,0,-0.144353
2026082703,470,470,1,0,0,1,0.707092,1.72813,0,13.1131,0,0,0,0,0,0,0,0,0,-0.0963527,0,-0.0963527
2026082703,471,471,0,0,0,1,0.707092,1.72238,0,13.0229,0,0,0,0,0,0,0,0,0,-0.0483527,0,-0.0483527
2026082703,472,472,0,0,0,1,0.707092,1.71949,0,13.0229,0,0,0,0,0,0,0,0,0,0,0,0
2026082703,473,473,0,0,0,1,0.707092,1.71949,0,13.0229,0,0,0,0,0,0,0,0,0,0,0,0
2026082703,474,474,0,0,0,1,0.707092,1.71949,0,13.0229,0,0,0,0,0,0,0,0,0,0,0,0
2026082703,475,475,0,0,0,1,0.707092,1.71949,0,13.0229,0,0,0,0,0,0,0,0,0,0,0,0
2026082703,476,476,0,0,0,1,0.707092,1.71949,0,13.0229,0,0,0,0,0,0,0,0,0,0,0,0
2026082703,477,477,0,0,0,1,0.707092,1.71949,0,13.0229,0,0,0,0,0,0,0,0,0,0,0,0
2026082703,478,478,0,0,0,1,0.707092,1.71949,0,13.0229,0,0,0,0,0,0,0,0,0,0,0,0
2026082703,479,479,0,0,0,1,0.707092,1.71949,0,13.0229,0,0,0,0,0,0,0,0,0,0,0,0
2026082703,480,480,1,0,0,1,0.707092,1.71949,26.9348,13.0229,0,0,0,0,0,0,0,0,0,0,0,0
2026082703,481,481,0,0,0,1,0.707092,1.71949,26.9348,13.0229,0,0,0,0,0,0,0,0,0,0,0,0
2026082703,482,482,0,0,0,1,0.707092,1.71949,26.9348,13.0229,0,0,0,0,0,0,0,0,0,0,0,0
2026082703,483,483,0,0,0,1,0.707092,1.71949,26.9348,13.0229,0,0,0,0,0,0,0,0,0,0,0,0
2026082703,484,484,0,0,0,1,0.707092,1.71949,26.9348,13.0229,0,0,0,0,0,0,0,0,0,0,0,0
2026082703,485,485,0,0,0,1,0.707092,1.71949,26.9348,13.0229,0,0,0,0,0,0,0,0,0,0,0,0
2026082703,486,486,0,0,0,1,0.707092,1.71949,26.9348,13.0229,0,0,0,0,0,0,0,0,0,0,0,0
2026082703,487,487,0,0,0,1,0.707092,1.71949,26.9348,13.0229,0,0,0,0,0,0,0,0,0,0,0,0
2026082703,488,488,0,0,0,1,0.707092,1.71949,26.9348,13.0229,0,0,0,0,0,0,0,0,0,0,0,0
2026082703,489,489,0,0,0,1,0.707092,1.71949,26.9348,13.0229,0,0,0,0,0,0,0,0,0,0,0,0
2026082703,490,490,1,0,0,1,0.707092,1.71949,26.9348,17.1929,0,0,0,0,0,0,0,0,0,-0.064,0,-0.064
2026082703,491,491,0,0,0,1,0.707092,1.71567,27.8359,17.768,0,0,0,0,0,0,0,0,0,-0.128,0,-0.128
2026082703,492,492,0,0,0,1,0.707092,1.70636,27.8359,17.768,0,0,0,0,0,0,0,0,0,-0.149973,0,-0.149973
2026082703,493,493,0,0,0,1,0.707092,1.69436,27.8359,17.768,0,0,0,0,0,0,0,0,0,-0.149973,0,-0.149973
2026082703,494,494,0,0,0,1,0.707092,1.68237,27.8359,17.768,0,0,0,0,0,0,0,0,0,-0.149973,0,-0.149973
2026082703,495,495,0,0,0,1,0.707092,1.67037,27.8359,17.768,0,0,0,0,0,0,0,0,0,-0.149973,0,-0.149973
2026082703,496,496,0,0,0,1,0.707092,1.65837,27.8359,17.768,0,0,0,0,0,0,0,0,0,-0.149973,0,-0.149973
2026082703,497,497,0,0,0,1,0.707092,1.64638,27.8359,17.768,0,0,0,0,0,0,0,0,0,-0.149973,0,-0.149973
2026082703,498,498,0,0,0,1,0.707092,1.63438,27.8359,17.768,0,0,0,0,0,0,0,0,0,-0.149973,0,-0.149973
2026082703,499,499,0,0,0,1,0.707092,1.62239,27.8359,17.768,0,0,0,0,0,0,0,0,0,-0.149973,0,-0.149973
2026082703,500,500,1,0,0,1,0.707092,1.6104,18.6035,17.768,0,0,0,0,0,0,0,0,0.052626,-0.140465,0.052626,-0.140465
2026082703,501,501,0,0,0,1,0.702883,1.59916,18.6035,17.768,0,0,0,0,0,0,0,0,0.052626,-0.140465,0.052626,-0.140465
2026082703,502,502,0,0,0,1,0.698675,1.58793,18.6035,17.768,0,0,0,0,0,0,0,0,0.052626,-0.140465,0.052626,-0.140465
2026082703,503,503,0,0,0,1,0.694466,1.5767,18.6035,17.768,0,0,0,0,0,0,0,0,0.052626,-0.140465,0.052626,-0.140465
2026082703,504,504,0,0,0,1,0.690258,1.56546,18.6035,17.768,0,0,0,0,0,0,0,0,0.052626,-0.140465,0.052626,-0.140465
2026082703,505,505,0,0,0,1,0.68605,1.55423,18.6035,17.768,0,0,0,0,0,0,0,0,0.052626,-0.140465,0.052626,-0.140465
2026082703,506,506,0,0,0,1,0.681843,1.543,18.6035,17.768,0,0,0,0,0,0,0,0,0.052626,-0.140465,0.052626,-0.140465
2026082703,507,507,0,0,0,1,0.677635,1.53177,18.6035,17.768,0,0,0,0,0,0,0,0,0.052626,-0.140465,0.052626,-0.140465
2026082703,508,508,0,0,0,1,0.673428,1.52054,18.6035,17.768,0,0,0,0,0,0,0,0,0.052626,-0.140465,0.052626,-0.140465
2026082703,509,509,0,0,0,1,0.669221,1.50931,18.6035,17.768,0,0,0,0,0,0,0,0,0.052626,-0.140465,0.052626,-0.140465
2026082703,510,510,1,0,0,1,0.665014,1.49808,18.6035,9.21703,0,0,0,0,0,0,0,0,0,-0.0924653,0,-0.0924653
2026082703,511,511,0,0,0,1,0.665014,1.49257,19.4502,9.63649,0,0,0,0,0,0,0,0,0,-0.0444653,0,-0.0444653
2026082703,512,512,0,0,0,1,0.665014,1.48991,19.4502,9.63649,0,0,0,0,0,0,0,0,0,0,0,0
2026082703,513,513,0,0,0,1,0.665014,1.48991,19.4502,9.63649,0,0,0,0,0,0,0,0,0,0,0,0
2026082703,514,514,0,0,0,1,0.665014,1.48991,19.4502,9.63649,0,0,0,0,0,0,0,0,0,0,0,0
2026082703,515,515,0,0,0,1,0.665014,1.48991,19.4502,9.63649,0,0,0,0,0,0,0,0,0,0,0,0
2026082703,516,516,0,0,0,1,0.665014,1.48991,19.4502,9.63649,0,0,0,0,0,0,0,0,0,0,0,0
2026082703,517,517,0,0,0,1,0.665014,1.48991,19.4502,9.63649,0,0,0,0,0,0,0,0,0,0,0,0
2026082703,518,518,0,0,0,1,0.665014,1.48991,19.4502,9.63649,0,0,0,0,0,0,0,0,0,0,0,0
2026082703,519,519,0,0,0,1,0.665014,1.48991,19.4502,9.63649,0,0,0,0,0,0,0,0,0,0,0,0
2026082703,520,520,1,0,0,1,0.665014,1.48991,19.4502,9.63649,0,0,0,0,0,0,0,0,0,0,0,0
2026082703,521,521,0,0,0,1,0.665014,1.48991,19.4502,9.63649,0,0,0,0,0,0,0,0,0,0,0,0
2026082703,522,522,0,0,0,1,0.665014,1.48991,19.4502,9.63649,0,0,0,0,0,0,0,0,0,0,0,0
2026082703,523,523,0,0,0,1,0.665014,1.48991,19.4502,9.63649,0,0,0,0,0,0,0,0,0,0,0,0
2026082703,524,524,0,0,0,1,0.665014,1.48991,19.4502,9.63649,0,0,0,0,0,0,0,0,0,0,0,0
2026082703,525,525,0,0,0,1,0.665014,1.48991,19.4502,9.63649,0,0,0,0,0,0,0,0,0,0,0,0
2026082703,526,526,0,0,0,1,0.665014,1.48991,19.4502,9.63649,0,0,0,0,0,0,0,0,0,0,0,0
2026082703,527,527,0,0,0,1,0.665014,1.48991,19.4502,9.63649,0,0,0,0,0,0,0,0,0,0,0,0
2026082703,528,528,0,0,0,1,0.665014,1.48991,19.4502,9.63649,0,0,0,0,0,0,0,0,0,0,0,0
2026082703,529,529,0,0,0,1,0.665014,1.48991,19.4502,9.63649,0,0,0,0,0,0,0,0,0,0,0,0
2026082703,530,530,1,0,0,1,0.665014,1.48991,0,14.8123,0,0,0,0,0,0,0,0,0,0,0,0
2026082703,531,531,0,0,0,1,0.665014,1.48991,0,15.4987,0,0,0,0,0,0,0,0,0,0,0,0
2026082703,532,532,0,0,0,1,0.665014,1.48991,0,15.4987,0,0,0,0,0,0,0,0,0,0,0,0
2026082703,533,533,0,0,0,1,0.665014,1.48991,0,15.4987,0,0,0,0,0,0,0,0,0,0,0,0
2026082703,534,534,0,0,0,1,0.665014,1.48991,0,15.4987,0,0,0,0,0,0,0,0,0,0,0,0
2026082703,535,535,0,0,0,1,0.665014,1.48991,0,15.4987,0,0,0,0,0,0,0,0,0,0,0,0
2026082703,536,536,0,0,0,1,0.665014,1.48991,0,15.4987,0,0,0,0,0,0,0,0,0,0,0,0
2026082703,537,537,0,0,0,1,0.665014,1.48991,0,15.4987,0,0,0,0,0,0,0,0,0,0,0,0
2026082703,538,538,0,0,0,1,0.665014,1.48991,0,15.4987,0,0,0,0,0,0,0,0,0,0,0,0
2026082703,539,539,0,0,0,1,0.665014,1.48991,0,15.4987,0,0,0,0,0,0,0,0,0,0,0,0
2026082703,540,540,1,0,0,1,0.665014,1.48991,-2.16541,15.4987,0,0,0,0,0,0,0,0,0,0,0,0
2026082703,541,541,0,0,0,1,0.665014,1.48991,-2.16541,15.4987,0,0,0,0,0,0,0,0,0,0,0,0
2026082703,542,542,0,0,0,1,0.665014,1.48991,-2.16541,15.4987,0,0,0,0,0,0,0,0,0,0,0,0
2026082703,543,543,0,0,0,1,0.665014,1.48991,-2.16541,15.4987,0,0,0,0,0,0,0,0,0,0,0,0
2026082703,544,544,0,0,0,1,0.665014,1.48991,-2.16541,15.4987,0,0,0,0,0,0,0,0,0,0,0,0
2026082703,545,545,0,0,0,1,0.665014,1.48991,-2.16541,15.4987,0,0,0,0,0,0,0,0,0,0,0,0
2026082703,546,546,0,0,0,1,0.665014,1.48991,-2.16541,15.4987,0,0,0,0,0,0,0,0,0,0,0,0
2026082703,547,547,0,0,0,1,0.665014,1.48991,-2.16541,15.4987,0,0,0,0,0,0,0,0,0,0,0,0
2026082703,548,548,0,0,0,1,0.665014,1.48991,-2.16541,15.4987,0,0,0,0,0,0,0,0,0,0,0,0
2026082703,549,549,0,0,0,1,0.665014,1.48991,-2.16541,15.4987,0,0,0,0,0,0,0,0,0,0,0,0
2026082703,550,550,1,0,0,1,0.665014,1.48991,-22.2412,51.8962,0,0,0,0,0,0,0,0,0,0,0,0
2026082703,551,551,0,0,0,1,0.665014,1.48991,-22.2412,51.8962,0,0,0,0,0,0,0,0,0,0,0,0
2026082703,552,552,0,0,0,1,0.665014,1.48991,-22.2412,51.8962,0,0,0,0,0,0,0,0,0,0,0,0
2026082703,553,553,0,0,0,1,0.665014,1.48991,-22.2412,51.8962,0,0,0,0,0,0,0,0,0,0,0,0
2026082703,554,554,0,0,0,1,0.665014,1.48991,-22.2412,51.8962,0,0,0,0,0,0,0,0,0,0,0,0
2026082703,555,555,0,0,0,1,0.665014,1.48991,-22.2412,51.8962,0,0,0,0,0,0,0,0,0,0,0,0
2026082703,556,556,0,0,0,1,0.665014,1.48991,-22.2412,51.8962,0,0,0,0,0,0,0,0,0,0,0,0
2026082703,557,557,0,0,0,1,0.665014,1.48991,-22.2412,51.8962,0,0,0,0,0,0,0,0,0,0,0,0
2026082703,558,558,0,0,0,1,0.665014,1.48991,-22.2412,51.8962,0,0,0,0,0,0,0,0,0,0,0,0
2026082703,559,559,0,0,0,1,0.665014,1.48991,-22.2412,51.8962,0,0,0,0,0,0,0,0,0,0,0,0
2026082703,560,560,1,0,0,1,0.665014,1.48991,0,-0,0,0,0,0,0,0,0,0,0,0,0,0
2026082703,561,561,0,0,0,1,0.665014,1.48991,0,-0,0,0,0,0,0,0,0,0,0,0,0,0
2026082703,562,562,0,0,0,1,0.665014,1.48991,0,-0,0,0,0,0,0,0,0,0,0,0,0,0
2026082703,563,563,0,0,0,1,0.665014,1.48991,0,-0,0,0,0,0,0,0,0,0,0,0,0,0
2026082703,564,564,0,0,0,1,0.665014,1.48991,0,-0,0,0,0,0,0,0,0,0,0,0,0,0
2026082703,565,565,0,0,0,1,0.665014,1.48991,0,-0,0,0,0,0,0,0,0,0,0,0,0,0
2026082703,566,566,0,0,0,1,0.665014,1.48991,0,-0,0,0,0,0,0,0,0,0,0,0,0,0
2026082703,567,567,0,0,0,1,0.665014,1.48991,0,-0,0,0,0,0,0,0,0,0,0,0,0,0
2026082703,568,568,0,0,0,1,0.665014,1.48991,0,-0,0,0,0,0,0,0,0,0,0,0,0,0
2026082703,569,569,0,0,0,1,0.665014,1.48991,0,-0,0,0,0,0,0,0,0,0,0,0,0,0
2026082703,570,570,1,0,0,1,0.665014,1.48991,9.59473,14.0045,0,0,0,0,0,0,0,0,0,0,0,0
2026082703,571,571,0,0,0,1,0.665014,1.48991,9.59473,14.0045,0,0,0,0,0,0,0,0,0,0,0,0
2026082703,572,572,0,0,0,1,0.665014,1.48991,9.59473,14.0045,0,0,0,0,0,0,0,0,0,0,0,0
2026082703,573,573,0,0,0,1,0.665014,1.48991,9.59473,14.0045,0,0,0,0,0,0,0,0,0,0,0,0
2026082703,574,574,0,0,0,1,0.665014,1.48991,9.59473,14.0045,0,0,0,0,0,0,0,0,0,0,0,0
2026082703,1625,0,1,0,0,0,-7.56075,2.6144,0,0,0,0,0,0,0,0,0,0,0,0,0,0
2026082703,1626,1,0,0,0,0,-7.56075,2.6144,0,0,0,0,0,0,0,0,0,0,0,0,0,0
2026082703,1627,2,0,0,0,0,-7.56075,2.6144,0,0,0,0,0,0,0,0,0,0,0,0,0,0
2026082703,1628,3,0,0,0,0,-7.56075,2.6144,0,0,0,0,0,0,0,0,0,0,0,0,0,0
2026082703,1629,4,0,0,0,0,-7.56075,2.6144,0,0,0,0,0,0,0,0,0,0,0,0,0,0
2026082703,1630,5,0,0,0,0,-7.56075,2.6144,0,0,0,0,0,0,0,0,0,0,0,0,0,0
2026082703,1631,6,0,0,0,0,-7.56075,2.6144,0,0,0,0,0,0,0,0,0,0,0,0,0,0
2026082703,1632,7,0,0,0,0,-7.56075,2.6144,0,0,0,0,0,0,0,0,0,0,0,0,0,0
2026082703,1633,8,0,0,0,0,-7.56075,2.6144,0,0,0,0,0,0,0,0,0,0,0,0,0,0
2026082703,1634,9,0,0,0,0,-7.56075,2.6144,0,0,0,0,0,0,0,0,0,0,0,0,0,0
2026082703,1635,10,1,0,0,0,-7.56075,2.6144,0,0,0,0,0,0,0,0,0,0,-0.064,-0.0521084,-0.064,-0.0521084
2026082703,1636,11,0,0,0,0,-7.5567,2.6111,0,0,0,0,0,0,0,0,0,0,-0.128,-0.0521084,-0.128,-0.0521084
2026082703,1637,12,0,0,0,0,-7.54633,2.60688,0,0,0,0,0,0,0,0,0,0,-0.192,-0.0521084,-0.192,-0.0521084
2026082703,1638,13,0,0,0,0,-7.52616,2.6014,0,0,0,0,0,0,0,0,0,0,-0.215535,-0.0521084,-0.215535,-0.0521084
2026082703,1639,14,0,0,0,0,-7.50149,2.59544,0,0,0,0,0,0,0,0,0,0,-0.215535,-0.0521084,-0.215535,-0.0521084
2026082703,1640,15,0,0,0,0,-7.47684,2.58948,0,0,0,0,0,0,0,0,0,0,-0.215535,-0.0521084,-0.215535,-0.0521084
2026082703,1641,16,0,0,0,0,-7.45219,2.58352,0,0,0,0,0,0,0,0,0,0,-0.215535,-0.0521084,-0.215535,-0.0521084
2026082703,1642,17,0,0,0,0,-7.42755,2.57756,0,0,0,0,0,0,0,0,0,0,-0.215535,-0.0521084,-0.215535,-0.0521084
2026082703,1643,18,0,0,0,0,-7.40292,2.57161,0,0,0,0,0,0,0,0,0,0,-0.215535,-0.0521084,-0.215535,-0.0521084
2026082703,1644,19,0,0,0,0,-7.37829,2.56565,0,0,0,0,0,0,0,0,0,0,-0.215535,-0.0521084,-0.215535,-0.0521084
2026082703,1645,20,1,0,0,1,-7.35368,2.5597,4.1837,-29.327,0,0,0,0,0,0,0,0,-0.167535,-0.0571966,-0.167535,-0.0571966
2026082703,1646,21,0,0,0,1,-7.33741,2.55415,4.1837,-29.327,0,0,0,0,0,0,0,0,-0.157071,-0.0571966,-0.157071,-0.0571966
2026082703,1647,22,0,0,0,1,-7.32281,2.54883,4.1837,-29.327,0,0,0,0,0,0,0,0,-0.157071,-0.0571966,-0.157071,-0.0571966
2026082703,1648,23,0,0,0,1,-7.30821,2.54351,4.1837,-29.327,0,0,0,0,0,0,0,0,-0.157071,-0.0571966,-0.157071,-0.0571966
2026082703,1649,24,0,0,0,1,-7.29361,2.5382,4.1837,-29.327,0,0,0,0,0,0,0,0,-0.157071,-0.0571966,-0.157071,-0.0571966
2026082703,1650,25,0,0,0,1,-7.27902,2.53288,4.1837,-29.327,0,0,0,0,0,0,0,0,-0.157071,-0.0571966,-0.157071,-0.0571966
2026082703,1651,26,0,0,0,1,-7.26443,2.52757,4.1837,-29.327,0,0,0,0,0,0,0,0,-0.157071,-0.0571966,-0.157071,-0.0571966
2026082703,1652,27,0,0,0,1,-7.24984,2.52226,4.1837,-29.327,0,0,0,0,0,0,0,0,-0.157071,-0.0571966,-0.157071,-0.0571966
2026082703,1653,28,0,0,0,1,-7.23525,2.51695,4.1837,-29.327,0,0,0,0,0,0,0,0,-0.157071,-0.0571966,-0.157071,-0.0571966
2026082703,1654,29,0,0,0,1,-7.22067,2.51164,4.1837,-29.327,0,0,0,0,0,0,0,0,-0.157071,-0.0571966,-0.157071,-0.0571966
2026082703,1655,30,1,0,0,1,-7.20609,2.50633,0,-28.2471,0,0,0,0,0,0,0,0,-0.187412,-0.0373581,-0.187412,-0.0373581
2026082703,1656,31,0,0,0,1,-7.18697,2.50252,0,-28.2471,0,0,0,0,0,0,0,0,-0.187412,-0.0373581,-0.187412,-0.0373581
2026082703,1657,32,0,0,0,1,-7.16785,2.49871,0,-28.2471,0,0,0,0,0,0,0,0,-0.187412,-0.0373581,-0.187412,-0.0373581
2026082703,1658,33,0,0,0,1,-7.14873,2.4949,0,-28.2471,0,0,0,0,0,0,0,0,-0.187412,-0.0373581,-0.187412,-0.0373581
2026082703,1659,34,0,0,0,1,-7.12962,2.49109,0,-28.2471,0,0,0,0,0,0,0,0,-0.187412,-0.0373581,-0.187412,-0.0373581
2026082703,1660,35,0,0,0,1,-7.11051,2.48728,0,-28.2471,0,0,0,0,0,0,0,0,-0.187412,-0.0373581,-0.187412,-0.0373581
2026082703,1661,36,0,0,0,1,-7.09141,2.48347,0,-28.2471,0,0,0,0,0,0,0,0,-0.187412,-0.0373581,-0.187412,-0.0373581
2026082703,1662,37,0,0,0,1,-7.07231,2.47966,0,-28.2471,0,0,0,0,0,0,0,0,-0.187412,-0.0373581,-0.187412,-0.0373581
2026082703,1663,38,0,0,0,1,-7.05322,2.47586,0,-28.2471,0,0,0,0,0,0,0,0,-0.187412,-0.0373581,-0.187412,-0.0373581
2026082703,1664,39,0,0,0,1,-7.03413,2.47205,0,-28.2471,0,0,0,0,0,0,0,0,-0.187412,-0.0373581,-0.187412,-0.0373581
2026082703,1665,40,1,0,0,1,-7.01505,2.46825,-46.2091,-26.6136,0,0,0,0,0,0,0,0,-0.199862,-0.0842233,-0.199862,-0.0842233
2026082703,1666,41,0,0,0,1,-6.99271,2.45883,-46.2091,-26.6136,0,0,0,0,0,0,0,0,-0.199862,-0.0842233,-0.199862,-0.0842233
2026082703,1667,42,0,0,0,1,-6.97038,2.44942,-46.2091,-26.6136,0,0,0,0,0,0,0,0,-0.199862,-0.0842233,-0.199862,-0.0842233
2026082703,1668,43,0,0,0,1,-6.94806,2.44002,-46.2091,-26.6136,0,0,0,0,0,0,0,0,-0.199862,-0.0842233,-0.199862,-0.0842233
2026082703,1669,44,0,0,0,1,-6.92574,2.43061,-46.2091,-26.6136,0,0,0,0,0,0,0,0,-0.199862,-0.0842233,-0.199862,-0.0842233
2026082703,1670,45,0,0,0,1,-6.90343,2.42121,-46.2091,-26.6136,0,0,0,0,0,0,0,0,-0.199862,-0.0842233,-0.199862,-0.0842233
2026082703,1671,46,0,0,0,1,-6.88113,2.41181,-46.2091,-26.6136,0,0,0,0,0,0,0,0,-0.199862,-0.0842233,-0.199862,-0.0842233
2026082703,1672,47,0,0,0,1,-6.85883,2.40242,-46.2091,-26.6136,0,0,0,0,0,0,0,0,-0.199862,-0.0842233,-0.199862,-0.0842233
2026082703,1673,48,0,0,0,1,-6.83654,2.39302,-46.2091,-26.6136,0,0,0,0,0,0,0,0,-0.199862,-0.0842233,-0.199862,-0.0842233
2026082703,1674,49,0,0,0,1,-6.81426,2.38363,-46.2091,-26.6136,0,0,0,0,0,0,0,0,-0.199862,-0.0842233,-0.199862,-0.0842233
2026082703,1675,50,1,0,0,1,-6.79198,2.37425,-66.694,-26.6136,0,0,0,0,0,0,0,0,-0.166349,-0.0556368,-0.166349,-0.0556368
2026082703,1676,51,0,0,0,1,-6.77606,2.36892,-66.694,-26.6136,0,0,0,0,0,0,0,0,-0.166349,-0.0556368,-0.166349,-0.0556368
2026082703,1677,52,0,0,0,1,-6.76013,2.36359,-66.694,-26.6136,0,0,0,0,0,0,0,0,-0.166349,-0.0556368,-0.166349,-0.0556368
2026082703,1678,53,0,0,0,1,-6.74421,2.35827,-66.694,-26.6136,0,0,0,0,0,0,0,0,-0.166349,-0.0556368,-0.166349,-0.0556368
2026082703,1679,54,0,0,0,1,-6.7283,2.35295,-66.694,-26.6136,0,0,0,0,0,0,0,0,-0.166349,-0.0556368,-0.166349,-0.0556368
2026082703,1680,55,0,0,0,1,-6.71238,2.34762,-66.694,-26.6136,0,0,0,0,0,0,0,0,-0.166349,-0.0556368,-0.166349,-0.0556368
2026082703,1681,56,0,0,0,1,-6.69647,2.3423,-66.694,-26.6136,0,0,0,0,0,0,0,0,-0.166349,-0.0556368,-0.166349,-0.0556368
2026082703,1682,57,0,0,0,1,-6.68056,2.33698,-66.694,-26.6136,0,0,0,0,0,0,0,0,-0.166349,-0.0556368,-0.166349,-0.0556368
2026082703,1683,58,0,0,0,1,-6.66466,2.33166,-66.694,-26.6136,0,0,0,0,0,0,0,0,-0.166349,-0.0556368,-0.166349,-0.0556368
2026082703,1684,59,0,0,0,1,-6.64876,2.32634,-66.694,-26.6136,0,0,0,0,0,0,0,0,-0.166349,-0.0556368,-0.166349,-0.0556368
2026082703,1685,60,1,0,0,1,-6.63286,2.32103,-43.6611,-0,0,0,0,0,0,0,0,0,-0.172724,-0.081122,-0.172724,-0.081122
2026082703,1686,61,0,0,0,1,-6.61538,2.31282,-43.6611,-0,0,0,0,0,0,0,0,0,-0.172724,-0.081122,-0.172724,-0.081122
2026082703,1687,62,0,0,0,1,-6.59791,2.30461,-43.6611,-0,0,0,0,0,0,0,0,0,-0.172724,-0.081122,-0.172724,-0.081122
2026082703,1688,63,0,0,0,1,-6.58044,2.29641,-43.6611,-0,0,0,0,0,0,0,0,0,-0.172724,-0.081122,-0.172724,-0.081122
2026082703,1689,64,0,0,0,1,-6.56298,2.2882,-43.6611,-0,0,0,0,0,0,0,0,0,-0.172724,-0.081122,-0.172724,-0.081122
2026082703,1690,65,0,0,0,1,-6.54551,2.28,-43.6611,-0,0,0,0,0,0,0,0,0,-0.172724,-0.081122,-0.172724,-0.081122
2026082703,1691,66,0,0,0,1,-6.52806,2.2718,-43.6611,-0,0,0,0,0,0,0,0,0,-0.172724,-0.081122,-0.172724,-0.081122
2026082703,1692,67,0,0,0,1,-6.5106,2.26361,-43.6611,-0,0,0,0,0,0,0,0,0,-0.172724,-0.081122,-0.172724,-0.081122
2026082703,1693,68,0,0,0,1,-6.49315,2.25541,-43.6611,-0,0,0,0,0,0,0,0,0,-0.172724,-0.081122,-0.172724,-0.081122
2026082703,1694,69,0,0,0,1,-6.47571,2.24722,-43.6611,-0,0,0,0,0,0,0,0,0,-0.172724,-0.081122,-0.172724,-0.081122
2026082703,1695,70,1,0,0,1,-6.45827,2.23903,-43.6611,6.16619,0,0,0,0,0,0,0,0,-0.179352,-0.0724703,-0.179352,-0.0724703
2026082703,1696,71,0,0,0,1,-6.44,2.23165,-43.6611,6.16619,0,0,0,0,0,0,0,0,-0.179352,-0.0724703,-0.179352,-0.0724703
2026082703,1697,72,0,0,0,1,-6.42175,2.22427,-43.6611,6.16619,0,0,0,0,0,0,0,0,-0.179352,-0.0724703,-0.179352,-0.0724703
2026082703,1698,73,0,0,0,1,-6.40349,2.21689,-43.6611,6.16619,0,0,0,0,0,0,0,0,-0.179352,-0.0724703,-0.179352,-0.0724703
2026082703,1699,74,0,0,0,1,-6.38525,2.20952,-43.6611,6.16619,0,0,0,0,0,0,0,0,-0.179352,-0.0724703,-0.179352,-0.0724703
2026082703,1700,75,0,0,0,1,-6.367,2.20215,-43.6611,6.16619,0,0,0,0,0,0,0,0,-0.179352,-0.0724703,-0.179352,-0.0724703
2026082703,1701,76,0,0,0,1,-6.34876,2.19478,-43.6611,6.16619,0,0,0,0,0,0,0,0,-0.179352,-0.0724703,-0.179352,-0.0724703
2026082703,1702,77,0,0,0,1,-6.33053,2.18741,-43.6611,6.16619,0,0,0,0,0,0,0,0,-0.179352,-0.0724703,-0.179352,-0.0724703
2026082703,1703,78,0,0,0,1,-6.31229,2.18004,-43.6611,6.16619,0,0,0,0,0,0,0,0,-0.179352,-0.0724703,-0.179352,-0.0724703
2026082703,1704,79,0,0,0,1,-6.29407,2.17268,-43.6611,6.16619,0,0,0,0,0,0,0,0,-0.179352,-0.0724703,-0.179352,-0.0724703
2026082703,1705,80,1,0,0,1,-6.27584,2.16532,-43.6611,6.16619,0,0,0,0,0,0,0,0,-0.147472,0,-0.147472,0
2026082703,1706,81,0,0,0,1,-6.26366,2.16532,-43.6611,6.16619,0,0,0,0,0,0,0,0,-0.147472,0,-0.147472,0
2026082703,1707,82,0,0,0,1,-6.25147,2.16532,-43.6611,6.16619,0,0,0,0,0,0,0,0,-0.147472,0,-0.147472,0
2026082703,1708,83,0,0,0,1,-6.23929,2.16532,-43.6611,6.16619,0,0,0,0,0,0,0,0,-0.147472,0,-0.147472,0
2026082703,1709,84,0,0,0,1,-6.22711,2.16532,-43.6611,6.16619,0,0,0,0,0,0,0,0,-0.147472,0,-0.147472,0
2026082703,1710,85,0,0,0,1,-6.21493,2.16532,-43.6611,6.16619,0,0,0,0,0,0,0,0,-0.147472,0,-0.147472,0
2026082703,1711,86,0,0,0,1,-6.20275,2.16532,-43.6611,6.16619,0,0,0,0,0,0,0,0,-0.147472,0,-0.147472,0
2026082703,1712,87,0,0,0,1,-6.19057,2.16532,-43.6611,6.16619,0,0,0,0,0,0,0,0,-0.147472,0,-0.147472,0
2026082703,1713,88,0,0,0,1,-6.1784,2.16532,-43.6611,6.16619,0,0,0,0,0,0,0,0,-0.147472,0,-0.147472,0
2026082703,1714,89,0,0,0,1,-6.16622,2.16532,-43.6611,6.16619,0,0,0,0,0,0,0,0,-0.147472,0,-0.147472,0
2026082703,1715,90,1,0,0,1,-6.15405,2.16532,-50.1159,6.16619,0,0,0,0,0,0,0,0,-0.177303,-0.0620691,-0.177303,-0.0620691
2026082703,1716,91,0,0,0,1,-6.1364,2.15914,-50.1159,6.16619,0,0,0,0,0,0,0,0,-0.177303,-0.0620691,-0.177303,-0.0620691
2026082703,1717,92,0,0,0,1,-6.11875,2.15296,-50.1159,6.16619,0,0,0,0,0,0,0,0,-0.177303,-0.0620691,-0.177303,-0.0620691
2026082703,1718,93,0,0,0,1,-6.1011,2.14678,-50.1159,6.16619,0,0,0,0,0,0,0,0,-0.177303,-0.0620691,-0.177303,-0.0620691
2026082703,1719,94,0,0,0,1,-6.08346,2.1406,-50.1159,6.16619,0,0,0,0,0,0,0,0,-0.177303,-0.0620691,-0.177303,-0.0620691
2026082703,1720,95,0,0,0,1,-6.06582,2.13443,-50.1159,6.16619,0,0,0,0,0,0,0,0,-0.177303,-0.0620691,-0.177303,-0.0620691
2026082703,1721,96,0,0,0,1,-6.04819,2.12826,-50.1159,6.16619,0,0,0,0,0,0,0,0,-0.177303,-0.0620691,-0.177303,-0.0620691
2026082703,1722,97,0,0,0,1,-6.03055,2.12208,-50.1159,6.16619,0,0,0,0,0,0,0,0,-0.177303,-0.0620691,-0.177303,-0.0620691
2026082703,1723,98,0,0,0,1,-6.01293,2.11591,-50.1159,6.16619,0,0,0,0,0,0,0,0,-0.177303,-0.0620691,-0.177303,-0.0620691
2026082703,1724,99,0,0,0,1,-5.99531,2.10974,-50.1159,6.16619,0,0,0,0,0,0,0,0,-0.177303,-0.0620691,-0.177303,-0.0620691
2026082703,1725,100,1,0,0,1,-5.97769,2.10358,-52.7711,19.316,0,0,0,0,0,0,0,0,-0.17585,-0.065103,-0.17585,-0.065103
2026082703,1726,101,0,0,0,1,-5.96024,2.09711,-52.7711,19.316,0,0,0,0,0,0,0,0,-0.17585,-0.065103,-0.17585,-0.065103
2026082703,1727,102,0,0,0,1,-5.94279,2.09066,-52.7711,19.316,0,0,0,0,0,0,0,0,-0.17585,-0.065103,-0.17585,-0.065103
2026082703,1728,103,0,0,0,1,-5.92535,2.0842,-52.7711,19.316,0,0,0,0,0,0,0,0,-0.17585,-0.065103,-0.17585,-0.065103
2026082703,1729,104,0,0,0,1,-5.90791,2.07774,-52.7711,19.316,0,0,0,0,0,0,0,0,-0.17585,-0.065103,-0.17585,-0.065103
2026082703,1730,105,0,0,0,1,-5.89047,2.07129,-52.7711,19.316,0,0,0,0,0,0,0,0,-0.17585,-0.065103,-0.17585,-0.065103
2026082703,1731,106,0,0,0,1,-5.87304,2.06483,-52.7711,19.316,0,0,0,0,0,0,0,0,-0.17585,-0.065103,-0.17585,-0.065103
2026082703,1732,107,0,0,0,1,-5.85562,2.05838,-52.7711,19.316,0,0,0,0,0,0,0,0,-0.17585,-0.065103,-0.17585,-0.065103
2026082703,1733,108,0,0,0,1,-5.83819,2.05193,-52.7711,19.316,0,0,0,0,0,0,0,0,-0.17585,-0.065103,-0.17585,-0.065103
2026082703,1734,109,0,0,0,1,-5.82077,2.04548,-52.7711,19.316,0,0,0,0,0,0,0,0,-0.17585,-0.065103,-0.17585,-0.065103
2026082703,1735,110,1,0,0,1,-5.80336,2.03903,-52.7711,19.316,0,0,0,0,0,0,0,0,-0.149363,0,-0.149363,0
2026082703,1736,111,0,0,0,1,-5.791,2.03903,-52.7711,19.316,0,0,0,0,0,0,0,0,-0.149363,0,-0.149363,0
2026082703,1737,112,0,0,0,1,-5.77864,2.03903,-52.7711,19.316,0,0,0,0,0,0,0,0,-0.149363,0,-0.149363,0
2026082703,1738,113,0,0,0,1,-5.76629,2.03903,-52.7711,19.316,0,0,0,0,0,0,0,0,-0.149363,0,-0.149363,0
2026082703,1739,114,0,0,0,1,-5.75393,2.03903,-52.7711,19.316,0,0,0,0,0,0,0,0,-0.149363,0,-0.149363,0
2026082703,1740,115,0,0,0,1,-5.74158,2.03903,-52.7711,19.316,0,0,0,0,0,0,0,0,-0.149363,0,-0.149363,0
2026082703,1741,116,0,0,0,1,-5.72923,2.03903,-52.7711,19.316,0,0,0,0,0,0,0,0,-0.149363,0,-0.149363,0
2026082703,1742,117,0,0,0,1,-5.71689,2.03903,-52.7711,19.316,0,0,0,0,0,0,0,0,-0.149363,0,-0.149363,0
2026082703,1743,118,0,0,0,1,-5.70454,2.03903,-52.7711,19.316,0,0,0,0,0,0,0,0,-0.149363,0,-0.149363,0
2026082703,1744,119,0,0,0,1,-5.69219,2.03903,-52.7711,19.316,0,0,0,0,0,0,0,0,-0.149363,0,-0.149363,0
2026082703,1745,120,1,0,0,1,-5.67985,2.03903,-52.7711,8.68886,0,0,0,0,0,0,0,0,-0.166107,-0.0358049,-0.166107,-0.0358049
2026082703,1746,121,0,0,0,1,-5.66454,2.03573,-52.7711,8.68886,0,0,0,0,0,0,0,0,-0.166107,-0.0358049,-0.166107,-0.0358049
2026082703,1747,122,0,0,0,1,-5.64922,2.03243,-52.7711,8.68886,0,0,0,0,0,0,0,0,-0.166107,-0.0358049,-0.166107,-0.0358049
2026082703,1748,123,0,0,0,1,-5.63391,2.02913,-52.7711,8.68886,0,0,0,0,0,0,0,0,-0.166107,-0.0358049,-0.166107,-0.0358049
2026082703,1749,124,0,0,0,1,-5.61861,2.02583,-52.7711,8.68886,0,0,0,0,0,0,0,0,-0.166107,-0.0358049,-0.166107,-0.0358049
2026082703,1750,125,0,0,0,1,-5.6033,2.02253,-52.7711,8.68886,0,0,0,0,0,0,0,0,-0.166107,-0.0358049,-0.166107,-0.0358049
2026082703,1751,126,0,0,0,1,-5.588,2.01924,-52.7711,8.68886,0,0,0,0,0,0,0,0,-0.166107,-0.0358049,-0.166107,-0.0358049
2026082703,1752,127,0,0,0,1,-5.5727,2.01594,-52.7711,8.68886,0,0,0,0,0,0,0,0,-0.166107,-0.0358049,-0.166107,-0.0358049
2026082703,1753,128,0,0,0,1,-5.5574,2.01264,-52.7711,8.68886,0,0,0,0,0,0,0,0,-0.166107,-0.0358049,-0.166107,-0.0358049
2026082703,1754,129,0,0,0,1,-5.54211,2.00934,-52.7711,8.68886,0,0,0,0,0,0,0,0,-0.166107,-0.0358049,-0.166107,-0.0358049
2026082703,1755,130,1,0,0,1,-5.52682,2.00605,-47.924,8.68886,0,0,0,0,0,0,0,0,-0.167609,-0.0468196,-0.167609,-0.0468196
2026082703,1756,131,0,0,0,1,-5.51111,2.00166,-47.924,8.68886,0,0,0,0,0,0,0,0,-0.167609,-0.0468196,-0.167609,-0.0468196
2026082703,1757,132,0,0,0,1,-5.4954,1.99727,-47.924,8.68886,0,0,0,0,0,0,0,0,-0.167609,-0.0468196,-0.167609,-0.0468196
2026082703,1758,133,0,0,0,1,-5.4797,1.99289,-47.924,8.68886,0,0,0,0,0,0,0,0,-0.167609,-0.0468196,-0.167609,-0.0468196
2026082703,1759,134,0,0,0,1,-5.464,1.9885,-47.924,8.68886,0,0,0,0,0,0,0,0,-0.167609,-0.0468196,-0.167609,-0.0468196
2026082703,1760,135,0,0,0,1,-5.4483,1.98412,-47.924,8.68886,0,0,0,0,0,0,0,0,-0.167609,-0.0468196,-0.167609,-0.0468196
2026082703,1761,136,0,0,0,1,-5.43261,1.97973,-47.924,8.68886,0,0,0,0,0,0,0,0,-0.167609,-0.0468196,-0.167609,-0.0468196
2026082703,1762,137,0,0,0,1,-5.41692,1.97535,-47.924,8.68886,0,0,0,0,0,0,0,0,-0.167609,-0.0468196,-0.167609,-0.0468196
2026082703,1763,138,0,0,0,1,-5.40123,1.97097,-47.924,8.68886,0,0,0,0,0,0,0,0,-0.167609,-0.0468196,-0.167609,-0.0468196
2026082703,1764,139,0,0,0,1,-5.38555,1.96658,-47.924,8.68886,0,0,0,0,0,0,0,0,-0.167609,-0.0468196,-0.167609,-0.0468196
2026082703,1765,140,1,0,0,1,-5.36986,1.9622,-47.924,30.266,0,0,0,0,0,0,0,0,-0.129989,-0.0873816,-0.129989,-0.0873816
2026082703,1766,141,0,0,0,1,-5.3587,1.9547,-47.924,30.266,0,0,0,0,0,0,0,0,-0.129989,-0.0873816,-0.129989,-0.0873816
2026082703,1767,142,0,0,0,1,-5.34755,1.9472,-47.924,30.266,0,0,0,0,0,0,0,0,-0.129989,-0.0873816,-0.129989,-0.0873816
2026082703,1768,143,0,0,0,1,-5.33639,1.9397,-47.924,30.266,0,0,0,0,0,0,0,0,-0.129989,-0.0873816,-0.129989,-0.0873816
2026082703,1769,144,0,0,0,1,-5.32523,1.9322,-47.924,30.266,0,0,0,0,0,0,0,0,-0.129989,-0.0873816,-0.129989,-0.0873816
2026082703,1770,145,0,0,0,1,-5.31408,1.92471,-47.924,30.266,0,0,0,0,0,0,0,0,-0.129989,-0.0873816,-0.129989,-0.0873816
2026082703,1771,146,0,0,0,1,-5.30293,1.91721,-47.924,30.266,0,0,0,0,0,0,0,0,-0.129989,-0.0873816,-0.129989,-0.0873816
2026082703,1772,147,0,0,0,1,-5.29178,1.90971,-47.924,30.266,0,0,0,0,0,0,0,0,-0.129989,-0.0873816,-0.129989,-0.0873816
2026082703,1773,148,0,0,0,1,-5.28063,1.90222,-47.924,30.266,0,0,0,0,0,0,0,0,-0.129989,-0.0873816,-0.129989,-0.0873816
2026082703,1774,149,0,0,0,1,-5.26949,1.89473,-47.924,30.266,0,0,0,0,0,0,0,0,-0.129989,-0.0873816,-0.129989,-0.0873816
2026082703,1775,150,1,0,0,1,-5.25834,1.88724,-24.8567,30.266,0,0,0,0,0,0,0,0,-0.144918,-0.0596013,-0.144918,-0.0596013
2026082703,1776,151,0,0,0,1,-5.24591,1.88212,-24.8567,30.266,0,0,0,0,0,0,0,0,-0.144918,-0.0596013,-0.144918,-0.0596013
2026082703,1777,152,0,0,0,1,-5.23349,1.87701,-24.8567,30.266,0,0,0,0,0,0,0,0,-0.144918,-0.0596013,-0.144918,-0.0596013
2026082703,1778,153,0,0,0,1,-5.22106,1.8719,-24.8567,30.266,0,0,0,0,0,0,0,0,-0.144918,-0.0596013,-0.144918,-0.0596013
2026082703,1779,154,0,0,0,1,-5.20864,1.86679,-24.8567,30.266,0,0,0,0,0,0,0,0,-0.144918,-0.0596013,-0.144918,-0.0596013
2026082703,1780,155,0,0,0,1,-5.19622,1.86169,-24.8567,30.266,0,0,0,0,0,0,0,0,-0.144918,-0.0596013,-0.144918,-0.0596013
2026082703,1781,156,0,0,0,1,-5.1838,1.85658,-24.8567,30.266,0,0,0,0,0,0,0,0,-0.144918,-0.0596013,-0.144918,-0.0596013
2026082703,1782,157,0,0,0,1,-5.17138,1.85147,-24.8567,30.266,0,0,0,0,0,0,0,0,-0.144918,-0.0596013,-0.144918,-0.0596013
2026082703,1783,158,0,0,0,1,-5.15896,1.84636,-24.8567,30.266,0,0,0,0,0,0,0,0,-0.144918,-0.0596013,-0.144918,-0.0596013
2026082703,1784,159,0,0,0,1,-5.14655,1.84126,-24.8567,30.266,0,0,0,0,0,0,0,0,-0.144918,-0.0596013,-0.144918,-0.0596013
2026082703,1785,160,1,0,0,1,-5.13414,1.83615,-24.8567,-0,0,0,0,0,0,0,0,0,-0.180636,0,-0.180636,0
2026082703,1786,161,0,0,0,1,-5.11683,1.83615,-24.8567,-0,0,0,0,0,0,0,0,0,-0.180636,0,-0.180636,0
2026082703,1787,162,0,0,0,1,-5.09953,1.83615,-24.8567,-0,0,0,0,0,0,0,0,0,-0.180636,0,-0.180636,0
2026082703,1788,163,0,0,0,1,-5.08222,1.83615,-24.8567,-0,0,0,0,0,0,0,0,0,-0.180636,0,-0.180636,0
2026082703,1789,164,0,0,0,1,-5.06493,1.83615,-24.8567,-0,0,0,0,0,0,0,0,0,-0.180636,0,-0.180636,0
2026082703,1790,165,0,0,0,1,-5.04763,1.83615,-24.8567,-0,0,0,0,0,0,0,0,0,-0.180636,0,-0.180636,0
2026082703,1791,166,0,0,0,1,-5.03034,1.83615,-24.8567,-0,0,0,0,0,0,0,0,0,-0.180636,0,-0.180636,0
2026082703,1792,167,0,0,0,1,-5.01305,1.83615,-24.8567,-0,0,0,0,0,0,0,0,0,-0.180636,0,-0.180636,0
2026082703,1793,168,0,0,0,1,-4.99576,1.83615,-24.8567,-0,0,0,0,0,0,0,0,0,-0.180636,0,-0.180636,0
2026082703,1794,169,0,0,0,1,-4.97848,1.83615,-24.8567,-0,0,0,0,0,0,0,0,0,-0.180636,0,-0.180636,0
2026082703,1795,170,1,0,0,1,-4.9612,1.83615,-24.8567,-17.5841,0,0,0,0,0,0,0,0,-0.155793,-0.0496843,-0.155793,-0.0496843
2026082703,1796,171,0,0,0,1,-4.94738,1.83175,-24.8567,-17.5841,0,0,0,0,0,0,0,0,-0.155793,-0.0496843,-0.155793,-0.0496843
2026082703,1797,172,0,0,0,1,-4.93356,1.82734,-24.8567,-17.5841,0,0,0,0,0,0,0,0,-0.155793,-0.0496843,-0.155793,-0.0496843
2026082703,1798,173,0,0,0,1,-4.91975,1.82294,-24.8567,-17.5841,0,0,0,0,0,0,0,0,-0.155793,-0.0496843,-0.155793,-0.0496843
2026082703,1799,174,0,0,0,1,-4.90594,1.81853,-24.8567,-17.5841,0,0,0,0,0,0,0,0,-0.155793,-0.0496843,-0.155793,-0.0496843
2026082703,1800,175,0,0,0,1,-4.89213,1.81413,-24.8567,-17.5841,0,0,0,0,0,0,0,0,-0.155793,-0.0496843,-0.155793,-0.0496843
2026082703,1801,176,0,0,0,1,-4.87832,1.80972,-24.8567,-17.5841,0,0,0,0,0,0,0,0,-0.155793,-0.0496843,-0.155793,-0.0496843
2026082703,1802,177,0,0,0,1,-4.86452,1.80532,-24.8567,-17.5841,0,0,0,0,0,0,0,0,-0.155793,-0.0496843,-0.155793,-0.0496843
2026082703,1803,178,0,0,0,1,-4.85071,1.80092,-24.8567,-17.5841,0,0,0,0,0,0,0,0,-0.155793,-0.0496843,-0.155793,-0.0496843
2026082703,1804,179,0,0,0,1,-4.83691,1.79652,-24.8567,-17.5841,0,0,0,0,0,0,0,0,-0.155793,-0.0496843,-0.155793,-0.0496843
2026082703,1805,180,1,0,0,1,-4.82311,1.79212,-9.93612,-52.1257,0,0,0,0,0,0,0,0,-0.132019,0,-0.132019,0
2026082703,1806,181,0,0,0,1,-4.81307,1.79212,-9.93612,-52.1257,0,0,0,0,0,0,0,0,-0.132019,0,-0.132019,0
2026082703,1807,182,0,0,0,1,-4.80302,1.79212,-9.93612,-52.1257,0,0,0,0,0,0,0,0,-0.132019,0,-0.132019,0
2026082703,1808,183,0,0,0,1,-4.79298,1.79212,-9.93612,-52.1257,0,0,0,0,0,0,0,0,-0.132019,0,-0.132019,0
2026082703,1809,184,0,0,0,1,-4.78294,1.79212,-9.93612,-52.1257,0,0,0,0,0,0,0,0,-0.132019,0,-0.132019,0
2026082703,1810,185,0,0,0,1,-4.77289,1.79212,-9.93612,-52.1257,0,0,0,0,0,0,0,0,-0.132019,0,-0.132019,0
2026082703,1811,186,0,0,0,1,-4.76285,1.79212,-9.93612,-52.1257,0,0,0,0,0,0,0,0,-0.132019,0,-0.132019,0
2026082703,1812,187,0,0,0,1,-4.75281,1.79212,-9.93612,-52.1257,0,0,0,0,0,0,0,0,-0.132019,0,-0.132019,0
2026082703,1813,188,0,0,0,1,-4.74278,1.79212,-9.93612,-52.1257,0,0,0,0,0,0,0,0,-0.132019,0,-0.132019,0
2026082703,1814,189,0,0,0,1,-4.73274,1.79212,-9.93612,-52.1257,0,0,0,0,0,0,0,0,-0.132019,0,-0.132019,0
2026082703,1815,190,1,0,0,1,-4.7227,1.79212,-9.93612,-0,0,0,0,0,0,0,0,0,-0.146276,-0.0610555,-0.146276,-0.0610555
2026082703,1816,191,0,0,0,1,-4.7101,1.78686,-9.93612,-0,0,0,0,0,0,0,0,0,-0.146276,-0.0610555,-0.146276,-0.0610555
2026082703,1817,192,0,0,0,1,-4.6975,1.7816,-9.93612,-0,0,0,0,0,0,0,0,0,-0.146276,-0.0610555,-0.146276,-0.0610555
2026082703,1818,193,0,0,0,1,-4.6849,1.77634,-9.93612,-0,0,0,0,0,0,0,0,0,-0.146276,-0.0610555,-0.146276,-0.0610555
2026082703,1819,194,0,0,0,1,-4.6723,1.77108,-9.93612,-0,0,0,0,0,0,0,0,0,-0.146276,-0.0610555,-0.146276,-0.0610555
2026082703,1820,195,0,0,0,1,-4.65971,1.76582,-9.93612,-0,0,0,0,0,0,0,0,0,-0.146276,-0.0610555,-0.146276,-0.0610555
2026082703,1821,196,0,0,0,1,-4.64711,1.76057,-9.93612,-0,0,0,0,0,0,0,0,0,-0.146276,-0.0610555,-0.146276,-0.0610555
2026082703,1822,197,0,0,0,1,-4.63452,1.75531,-9.93612,-0,0,0,0,0,0,0,0,0,-0.146276,-0.0610555,-0.146276,-0.0610555
2026082703,1823,198,0,0,0,1,-4.62193,1.75006,-9.93612,-0,0,0,0,0,0,0,0,0,-0.146276,-0.0610555,-0.146276,-0.0610555
2026082703,1824,199,0,0,0,1,-4.60934,1.7448,-9.93612,-0,0,0,0,0,0,0,0,0,-0.146276,-0.0610555,-0.146276,-0.0610555
2026082703,1825,200,1,0,0,1,-4.59675,1.73955,-9.35673,17.9779,0,0,0,0,0,0,0,0,-0.137578,-0.065968,-0.137578,-0.065968
2026082703,1826,201,0,0,0,1,-4.58532,1.73407,-9.35673,17.9779,0,0,0,0,0,0,0,0,-0.137578,-0.065968,-0.137578,-0.065968
2026082703,1827,202,0,0,0,1,-4.57389,1.72858,-9.35673,17.9779,0,0,0,0,0,0,0,0,-0.137578,-0.065968,-0.137578,-0.065968
2026082703,1828,203,0,0,0,1,-4.56246,1.7231,-9.35673,17.9779,0,0,0,0,0,0,0,0,-0.137578,-0.065968,-0.137578,-0.065968
2026082703,1829,204,0,0,0,1,-4.55103,1.71762,-9.35673,17.9779,0,0,0,0,0,0,0,0,-0.137578,-0.065968,-0.137578,-0.065968
2026082703,1830,205,0,0,0,1,-4.5396,1.71214,-9.35673,17.9779,0,0,0,0,0,0,0,0,-0.137578,-0.065968,-0.137578,-0.065968
2026082703,1831,206,0,0,0,1,-4.52818,1.70667,-9.35673,17.9779,0,0,0,0,0,0,0,0,-0.137578,-0.065968,-0.137578,-0.065968
2026082703,1832,207,0,0,0,1,-4.51675,1.70119,-9.35673,17.9779,0,0,0,0,0,0,0,0,-0.137578,-0.065968,-0.137578,-0.065968
2026082703,1833,208,0,0,0,1,-4.50533,1.69571,-9.35673,17.9779,0,0,0,0,0,0,0,0,-0.137578,-0.065968,-0.137578,-0.065968
2026082703,1834,209,0,0,0,1,-4.49391,1.69023,-9.35673,17.9779,0,0,0,0,0,0,0,0,-0.137578,-0.065968,-0.137578,-0.065968
2026082703,1835,210,1,0,0,1,-4.48249,1.68476,-38.847,17.9779,0,0,0,0,0,0,0,0,-0.149901,0,-0.149901,0
2026082703,1836,211,0,0,0,1,-4.47024,1.68476,-38.847,17.9779,0,0,0,0,0,0,0,0,-0.149901,0,-0.149901,0
2026082703,1837,212,0,0,0,1,-4.45799,1.68476,-38.847,17.9779,0,0,0,0,0,0,0,0,-0.149901,0,-0.149901,0
2026082703,1838,213,0,0,0,1,-4.44575,1.68476,-38.847,17.9779,0,0,0,0,0,0,0,0,-0.149901,0,-0.149901,0
2026082703,1839,214,0,0,0,1,-4.4335,1.68476,-38.847,17.9779,0,0,0,0,0,0,0,0,-0.149901,0,-0.149901,0
2026082703,1840,215,0,0,0,1,-4.42126,1.68476,-38.847,17.9779,0,0,0,0,0,0,0,0,-0.149901,0,-0.149901,0
2026082703,1841,216,0,0,0,1,-4.40902,1.68476,-38.847,17.9779,0,0,0,0,0,0,0,0,-0.149901,0,-0.149901,0
2026082703,1842,217,0,0,0,1,-4.39678,1.68476,-38.847,17.9779,0,0,0,0,0,0,0,0,-0.149901,0,-0.149901,0
2026082703,1843,218,0,0,0,1,-4.38455,1.68476,-38.847,17.9779,0,0,0,0,0,0,0,0,-0.149901,0,-0.149901,0
2026082703,1844,219,0,0,0,1,-4.37231,1.68476,-38.847,17.9779,0,0,0,0,0,0,0,0,-0.149901,0,-0.149901,0
2026082703,1845,220,1,0,0,1,-4.36007,1.68476,-42.774,4.73579,0,0,0,0,0,0,0,0,-0.157734,-0.0371038,-0.157734,-0.0371038
2026082703,1846,221,0,0,0,1,-4.34627,1.68151,-42.774,4.73579,0,0,0,0,0,0,0,0,-0.157734,-0.0371038,-0.157734,-0.0371038
2026082703,1847,222,0,0,0,1,-4.33248,1.67827,-42.774,4.73579,0,0,0,0,0,0,0,0,-0.157734,-0.0371038,-0.157734,-0.0371038
2026082703,1848,223,0,0,0,1,-4.31868,1.67502,-42.774,4.73579,0,0,0,0,0,0,0,0,-0.157734,-0.0371038,-0.157734,-0.0371038
2026082703,1849,224,0,0,0,1,-4.30489,1.67178,-42.774,4.73579,0,0,0,0,0,0,0,0,-0.157734,-0.0371038,-0.157734,-0.0371038
2026082703,1850,225,0,0,0,1,-4.2911,1.66853,-42.774,4.73579,0,0,0,0,0,0,0,0,-0.157734,-0.0371038,-0.157734,-0.0371038
2026082703,1851,226,0,0,0,1,-4.27731,1.66529,-42.774,4.73579,0,0,0,0,0,0,0,0,-0.157734,-0.0371038,-0.157734,-0.0371038
2026082703,1852,227,0,0,0,1,-4.26352,1.66205,-42.774,4.73579,0,0,0,0,0,0,0,0,-0.157734,-0.0371038,-0.157734,-0.0371038
2026082703,1853,228,0,0,0,1,-4.24974,1.6588,-42.774,4.73579,0,0,0,0,0,0,0,0,-0.157734,-0.0371038,-0.157734,-0.0371038
2026082703,1854,229,0,0,0,1,-4.23595,1.65556,-42.774,4.73579,0,0,0,0,0,0,0,0,-0.157734,-0.0371038,-0.157734,-0.0371038
2026082703,1855,230,1,0,0,1,-4.22217,1.65232,-42.774,-0,0,0,0,0,0,0,0,0,-0.109734,-0.0499043,-0.109734,-0.0499043
2026082703,1856,231,0,0,0,1,-4.21439,1.64878,-42.774,-0,0,0,0,0,0,0,0,0,-0.108762,-0.0499043,-0.108762,-0.0499043
2026082703,1857,232,0,0,0,1,-4.20671,1.64526,-42.774,-0,0,0,0,0,0,0,0,0,-0.108762,-0.0499043,-0.108762,-0.0499043
2026082703,1858,233,0,0,0,1,-4.19904,1.64174,-42.774,-0,0,0,0,0,0,0,0,0,-0.108762,-0.0499043,-0.108762,-0.0499043
2026082703,1859,234,0,0,0,1,-4.19137,1.63822,-42.774,-0,0,0,0,0,0,0,0,0,-0.108762,-0.0499043,-0.108762,-0.0499043
2026082703,1860,235,0,0,0,1,-4.1837,1.6347,-42.774,-0,0,0,0,0,0,0,0,0,-0.108762,-0.0499043,-0.108762,-0.0499043
2026082703,1861,236,0,0,0,1,-4.17602,1.63118,-42.774,-0,0,0,0,0,0,0,0,0,-0.108762,-0.0499043,-0.108762,-0.0499043
2026082703,1862,237,0,0,0,1,-4.16835,1.62766,-42.774,-0,0,0,0,0,0,0,0,0,-0.108762,-0.0499043,-0.108762,-0.0499043
2026082703,1863,238,0,0,0,1,-4.16068,1.62414,-42.774,-0,0,0,0,0,0,0,0,0,-0.108762,-0.0499043,-0.108762,-0.0499043
2026082703,1864,239,0,0,0,1,-4.15302,1.62062,-42.774,-0,0,0,0,0,0,0,0,0,-0.108762,-0.0499043,-0.108762,-0.0499043
2026082703,1865,240,1,0,0,1,-4.14535,1.6171,-14.4487,4.7358,0,0,0,0,0,0,0,0,-0.125839,-0.0727668,-0.125839,-0.0727668
2026082703,1866,241,0,0,0,1,-4.13527,1.61127,-14.4487,4.7358,0,0,0,0,0,0,0,0,-0.125839,-0.0727668,-0.125839,-0.0727668
2026082703,1867,242,0,0,0,1,-4.12519,1.60544,-14.4487,4.7358,0,0,0,0,0,0,0,0,-0.125839,-0.0727668,-0.125839,-0.0727668
2026082703,1868,243,0,0,0,1,-4.11511,1.59962,-14.4487,4.7358,0,0,0,0,0,0,0,0,-0.125839,-0.0727668,-0.125839,-0.0727668
2026082703,1869,244,0,0,0,1,-4.10504,1.59379,-14.4487,4.7358,0,0,0,0,0,0,0,0,-0.125839,-0.0727668,-0.125839,-0.0727668
2026082703,1870,245,0,0,0,1,-4.09497,1.58797,-14.4487,4.7358,0,0,0,0,0,0,0,0,-0.125839,-0.0727668,-0.125839,-0.0727668
2026082703,1871,246,0,0,0,1,-4.08489,1.58214,-14.4487,4.7358,0,0,0,0,0,0,0,0,-0.125839,-0.0727668,-0.125839,-0.0727668
2026082703,1872,247,0,0,0,1,-4.07482,1.57632,-14.4487,4.7358,0,0,0,0,0,0,0,0,-0.125839,-0.0727668,-0.125839,-0.0727668
2026082703,1873,248,0,0,0,1,-4.06475,1.57049,-14.4487,4.7358,0,0,0,0,0,0,0,0,-0.125839,-0.0727668,-0.125839,-0.0727668
2026082703,1874,249,0,0,0,1,-4.05468,1.56467,-14.4487,4.7358,0,0,0,0,0,0,0,0,-0.125839,-0.0727668,-0.125839,-0.0727668
2026082703,1875,250,1,0,0,1,-4.04461,1.55885,-14.4487,-0,0,0,0,0,0,0,0,0,-0.153951,0,-0.153951,0
2026082703,1876,251,0,0,0,1,-4.03178,1.55885,-14.4487,-0,0,0,0,0,0,0,0,0,-0.153951,0,-0.153951,0
2026082703,1877,252,0,0,0,1,-4.01895,1.55885,-14.4487,-0,0,0,0,0,0,0,0,0,-0.153951,0,-0.153951,0
2026082703,1878,253,0,0,0,1,-4.00612,1.55885,-14.4487,-0,0,0,0,0,0,0,0,0,-0.153951,0,-0.153951,0
2026082703,1879,254,0,0,0,1,-3.9933,1.55885,-14.4487,-0,0,0,0,0,0,0,0,0,-0.153951,0,-0.153951,0
2026082703,1880,255,0,0,0,1,-3.98047,1.55885,-14.4487,-0,0,0,0,0,0,0,0,0,-0.153951,0,-0.153951,0
2026082703,1881,256,0,0,0,1,-3.96765,1.55885,-14.4487,-0,0,0,0,0,0,0,0,0,-0.153951,0,-0.153951,0
2026082703,1882,257,0,0,0,1,-3.95482,1.55885,-14.4487,-0,0,0,0,0,0,0,0,0,-0.153951,0,-0.153951,0
2026082703,1883,258,0,0,0,1,-3.942,1.55885,-14.4487,-0,0,0,0,0,0,0,0,0,-0.153951,0,-0.153951,0
2026082703,1884,259,0,0,0,1,-3.92918,1.55885,-14.4487,-0,0,0,0,0,0,0,0,0,-0.153951,0,-0.153951,0
2026082703,1885,260,1,0,0,1,-3.91636,1.55885,-14.4487,46.2091,0,0,0,0,0,0,0,0,-0.105951,-0.064,-0.105951,-0.064
2026082703,1886,261,0,0,0,1,-3.90872,1.55423,-14.4487,46.2091,0,0,0,0,0,0,0,0,-0.105307,-0.072533,-0.105307,-0.072533
2026082703,1887,262,0,0,0,1,-3.90095,1.54888,-14.4487,46.2091,0,0,0,0,0,0,0,0,-0.105307,-0.072533,-0.105307,-0.072533
2026082703,1888,263,0,0,0,1,-3.89317,1.54352,-14.4487,46.2091,0,0,0,0,0,0,0,0,-0.105307,-0.072533,-0.105307,-0.072533
2026082703,1889,264,0,0,0,1,-3.8854,1.53817,-14.4487,46.2091,0,0,0,0,0,0,0,0,-0.105307,-0.072533,-0.105307,-0.072533
2026082703,1890,265,0,0,0,1,-3.87763,1.53282,-14.4487,46.2091,0,0,0,0,0,0,0,0,-0.105307,-0.072533,-0.105307,-0.072533
2026082703,1891,266,0,0,0,1,-3.86986,1.52746,-14.4487,46.2091,0,0,0,0,0,0,0,0,-0.105307,-0.072533,-0.105307,-0.072533
2026082703,1892,267,0,0,0,1,-3.86209,1.52211,-14.4487,46.2091,0,0,0,0,0,0,0,0,-0.105307,-0.072533,-0.105307,-0.072533
2026082703,1893,268,0,0,0,1,-3.85432,1.51676,-14.4487,46.2091,0,0,0,0,0,0,0,0,-0.105307,-0.072533,-0.105307,-0.072533
2026082703,1894,269,0,0,0,1,-3.84655,1.51141,-14.4487,46.2091,0,0,0,0,0,0,0,0,-0.105307,-0.072533,-0.105307,-0.072533
2026082703,1895,270,1,0,0,1,-3.83878,1.50606,-56.2963,29.6212,0,0,0,0,0,0,0,0,-0.134057,-0.0672949,-0.134057,-0.0672949
2026082703,1896,271,0,0,0,1,-3.82789,1.50059,-56.2963,29.6212,0,0,0,0,0,0,0,0,-0.134057,-0.0672949,-0.134057,-0.0672949
2026082703,1897,272,0,0,0,1,-3.817,1.49512,-56.2963,29.6212,0,0,0,0,0,0,0,0,-0.134057,-0.0672949,-0.134057,-0.0672949
2026082703,1898,273,0,0,0,1,-3.80611,1.48966,-56.2963,29.6212,0,0,0,0,0,0,0,0,-0.134057,-0.0672949,-0.134057,-0.0672949
2026082703,1899,274,0,0,0,1,-3.79523,1.48419,-56.2963,29.6212,0,0,0,0,0,0,0,0,-0.134057,-0.0672949,-0.134057,-0.0672949
2026082703,1900,275,0,0,0,1,-3.78434,1.47873,-56.2963,29.6212,0,0,0,0,0,0,0,0,-0.134057,-0.0672949,-0.134057,-0.0672949
2026082703,1901,276,0,0,0,1,-3.77346,1.47327,-56.2963,29.6212,0,0,0,0,0,0,0,0,-0.134057,-0.0672949,-0.134057,-0.0672949
2026082703,1902,277,0,0,0,1,-3.76257,1.4678,-56.2963,29.6212,0,0,0,0,0,0,0,0,-0.134057,-0.0672949,-0.134057,-0.0672949
2026082703,1903,278,0,0,0,1,-3.75169,1.46234,-56.2963,29.6212,0,0,0,0,0,0,0,0,-0.134057,-0.0672949,-0.134057,-0.0672949
2026082703,1904,279,0,0,0,1,-3.74081,1.45688,-56.2963,29.6212,0,0,0,0,0,0,0,0,-0.134057,-0.0672949,-0.134057,-0.0672949
2026082703,1905,280,1,0,0,1,-3.72993,1.45142,0,32.4307,0,0,0,0,0,0,0,0,-0.100114,-0.0909676,-0.100114,-0.0909676
2026082703,1906,281,0,0,0,1,-3.72228,1.44446,0,32.4307,0,0,0,0,0,0,0,0,-0.100114,-0.0909676,-0.100114,-0.0909676
2026082703,1907,282,0,0,0,1,-3.71462,1.43751,0,32.4307,0,0,0,0,0,0,0,0,-0.100114,-0.0909676,-0.100114,-0.0909676
2026082703,1908,283,0,0,0,1,-3.70697,1.43056,0,32.4307,0,0,0,0,0,0,0,0,-0.100114,-0.0909676,-0.100114,-0.0909676
2026082703,1909,284,0,0,0,1,-3.69932,1.4236,0,32.4307,0,0,0,0,0,0,0,0,-0.100114,-0.0909676,-0.100114,-0.0909676
2026082703,1910,285,0,0,0,1,-3.69167,1.41665,0,32.4307,0,0,0,0,0,0,0,0,-0.100114,-0.0909676,-0.100114,-0.0909676
2026082703,1911,286,0,0,0,1,-3.68402,1.4097,0,32.4307,0,0,0,0,0,0,0,0,-0.100114,-0.0909676,-0.100114,-0.0909676
2026082703,1912,287,0,0,0,1,-3.67637,1.40275,0,32.4307,0,0,0,0,0,0,0,0,-0.100114,-0.0909676,-0.100114,-0.0909676
2026082703,1913,288,0,0,0,1,-3.66872,1.3958,0,32.4307,0,0,0,0,0,0,0,0,-0.100114,-0.0909676,-0.100114,-0.0909676
2026082703,1914,289,0,0,0,1,-3.66107,1.38884,0,32.4307,0,0,0,0,0,0,0,0,-0.100114,-0.0909676,-0.100114,-0.0909676
2026082703,1915,290,1,0,0,1,-3.65342,1.3819,-41.0885,29.6212,0,0,0,0,0,0,0,0,-0.1331,-0.0638734,-0.1331,-0.0638734
2026082703,1916,291,0,0,0,1,-3.64272,1.37676,-41.0885,29.6212,0,0,0,0,0,0,0,0,-0.1331,-0.0638734,-0.1331,-0.0638734
2026082703,1917,292,0,0,0,1,-3.63202,1.37163,-41.0885,29.6212,0,0,0,0,0,0,0,0,-0.1331,-0.0638734,-0.1331,-0.0638734
2026082703,1918,293,0,0,0,1,-3.62132,1.36649,-41.0885,29.6212,0,0,0,0,0,0,0,0,-0.1331,-0.0638734,-0.1331,-0.0638734
2026082703,1919,294,0,0,0,1,-3.61063,1.36136,-41.0885,29.6212,0,0,0,0,0,0,0,0,-0.1331,-0.0638734,-0.1331,-0.0638734
2026082703,1920,295,0,0,0,1,-3.59993,1.35623,-41.0885,29.6212,0,0,0,0,0,0,0,0,-0.1331,-0.0638734,-0.1331,-0.0638734
2026082703,1921,296,0,0,0,1,-3.58924,1.35109,-41.0885,29.6212,0,0,0,0,0,0,0,0,-0.1331,-0.0638734,-0.1331,-0.0638734
2026082703,1922,297,0,0,0,1,-3.57854,1.34596,-41.0885,29.6212,0,0,0,0,0,0,0,0,-0.1331,-0.0638734,-0.1331,-0.0638734
2026082703,1923,298,0,0,0,1,-3.56785,1.34083,-41.0885,29.6212,0,0,0,0,0,0,0,0,-0.1331,-0.0638734,-0.1331,-0.0638734
2026082703,1924,299,0,0,0,1,-3.55716,1.3357,-41.0885,29.6212,0,0,0,0,0,0,0,0,-0.1331,-0.0638734,-0.1331,-0.0638734
2026082703,1925,300,1,0,0,1,-3.54647,1.33057,0,-0,0,0,0,0,0,0,0,0,-0.118067,-0.0693317,-0.118067,-0.0693317
2026082703,1926,301,0,0,0,1,-3.53739,1.32524,0,-0,0,0,0,0,0,0,0,0,-0.118067,-0.0693317,-0.118067,-0.0693317
2026082703,1927,302,0,0,0,1,-3.52831,1.31991,0,-0,0,0,0,0,0,0,0,0,-0.118067,-0.0693317,-0.118067,-0.0693317
2026082703,1928,303,0,0,0,1,-3.51923,1.31458,0,-0,0,0,0,0,0,0,0,0,-0.118067,-0.0693317,-0.118067,-0.0693317
2026082703,1929,304,0,0,0,1,-3.51016,1.30925,0,-0,0,0,0,0,0,0,0,0,-0.118067,-0.0693317,-0.118067,-0.0693317
2026082703,1930,305,0,0,0,1,-3.50108,1.30392,0,-0,0,0,0,0,0,0,0,0,-0.118067,-0.0693317,-0.118067,-0.0693317
2026082703,1931,306,0,0,0,1,-3.49201,1.29859,0,-0,0,0,0,0,0,0,0,0,-0.118067,-0.0693317,-0.118067,-0.0693317
2026082703,1932,307,0,0,0,1,-3.48293,1.29326,0,-0,0,0,0,0,0,0,0,0,-0.118067,-0.0693317,-0.118067,-0.0693317
2026082703,1933,308,0,0,0,1,-3.47386,1.28793,0,-0,0,0,0,0,0,0,0,0,-0.118067,-0.0693317,-0.118067,-0.0693317
2026082703,1934,309,0,0,0,1,-3.46479,1.28261,0,-0,0,0,0,0,0,0,0,0,-0.118067,-0.0693317,-0.118067,-0.0693317
2026082703,1935,310,1,0,0,1,-3.45572,1.27728,-41.0885,-7.23076,0,0,0,0,0,0,0,0,-0.15,0,-0.15,0
2026082703,1936,311,0,0,0,1,-3.44358,1.27728,-41.0885,-7.23076,0,0,0,0,0,0,0,0,-0.15,0,-0.15,0
2026082703,1937,312,0,0,0,1,-3.43144,1.27728,-41.0885,-7.23076,0,0,0,0,0,0,0,0,-0.15,0,-0.15,0
2026082703,1938,313,0,0,0,1,-3.4193,1.27728,-41.0885,-7.23076,0,0,0,0,0,0,0,0,-0.15,0,-0.15,0
2026082703,1939,314,0,0,0,1,-3.40716,1.27728,-41.0885,-7.23076,0,0,0,0,0,0,0,0,-0.15,0,-0.15,0
2026082703,1940,315,0,0,0,1,-3.39503,1.27728,-41.0885,-7.23076,0,0,0,0,0,0,0,0,-0.15,0,-0.15,0
2026082703,1941,316,0,0,0,1,-3.38289,1.27728,-41.0885,-7.23076,0,0,0,0,0,0,0,0,-0.15,0,-0.15,0
2026082703,1942,317,0,0,0,1,-3.37076,1.27728,-41.0885,-7.23076,0,0,0,0,0,0,0,0,-0.15,0,-0.15,0
2026082703,1943,318,0,0,0,1,-3.35863,1.27728,-41.0885,-7.23076,0,0,0,0,0,0,0,0,-0.15,0,-0.15,0
2026082703,1944,319,0,0,0,1,-3.3465,1.27728,-41.0885,-7.23076,0,0,0,0,0,0,0,0,-0.15,0,-0.15,0
2026082703,1945,320,1,0,0,1,-3.33437,1.27728,-43.2467,-0.288992,0,0,0,0,0,0,0,0,-0.146481,-0.0323,-0.146481,-0.0323
2026082703,1946,321,0,0,0,1,-3.32252,1.27467,-43.2467,-0.288992,0,0,0,0,0,0,0,0,-0.146481,-0.0323,-0.146481,-0.0323
2026082703,1947,322,0,0,0,1,-3.31068,1.27206,-43.2467,-0.288992,0,0,0,0,0,0,0,0,-0.146481,-0.0323,-0.146481,-0.0323
2026082703,1948,323,0,0,0,1,-3.29884,1.26944,-43.2467,-0.288992,0,0,0,0,0,0,0,0,-0.146481,-0.0323,-0.146481,-0.0323
2026082703,1949,324,0,0,0,1,-3.28699,1.26683,-43.2467,-0.288992,0,0,0,0,0,0,0,0,-0.146481,-0.0323,-0.146481,-0.0323
2026082703,1950,325,0,0,0,1,-3.27515,1.26422,-43.2467,-0.288992,0,0,0,0,0,0,0,0,-0.146481,-0.0323,-0.146481,-0.0323
2026082703,1951,326,0,0,0,1,-3.26331,1.26161,-43.2467,-0.288992,0,0,0,0,0,0,0,0,-0.146481,-0.0323,-0.146481,-0.0323
2026082703,1952,327,0,0,0,1,-3.25148,1.259,-43.2467,-0.288992,0,0,0,0,0,0,0,0,-0.146481,-0.0323,-0.146481,-0.0323
2026082703,1953,328,0,0,0,1,-3.23964,1.25639,-43.2467,-0.288992,0,0,0,0,0,0,0,0,-0.146481,-0.0323,-0.146481,-0.0323
2026082703,1954,329,0,0,0,1,-3.2278,1.25378,-43.2467,-0.288992,0,0,0,0,0,0,0,0,-0.146481,-0.0323,-0.146481,-0.0323
2026082703,1955,330,1,0,0,1,-3.21597,1.25117,-58.917,-0,0,0,0,0,0,0,0,0,-0.143135,-0.0448601,-0.143135,-0.0448601
2026082703,1956,331,0,0,0,1,-3.20441,1.24755,-58.917,-0,0,0,0,0,0,0,0,0,-0.143135,-0.0448601,-0.143135,-0.0448601
2026082703,1957,332,0,0,0,1,-3.19284,1.24392,-58.917,-0,0,0,0,0,0,0,0,0,-0.143135,-0.0448601,-0.143135,-0.0448601
2026082703,1958,333,0,0,0,1,-3.18128,1.2403,-58.917,-0,0,0,0,0,0,0,0,0,-0.143135,-0.0448601,-0.143135,-0.0448601
2026082703,1959,334,0,0,0,1,-3.16972,1.23668,-58.917,-0,0,0,0,0,0,0,0,0,-0.143135,-0.0448601,-0.143135,-0.0448601
2026082703,1960,335,0,0,0,1,-3.15816,1.23305,-58.917,-0,0,0,0,0,0,0,0,0,-0.143135,-0.0448601,-0.143135,-0.0448601
2026082703,1961,336,0,0,0,1,-3.1466,1.22943,-58.917,-0,0,0,0,0,0,0,0,0,-0.143135,-0.0448601,-0.143135,-0.0448601
2026082703,1962,337,0,0,0,1,-3.13505,1.22581,-58.917,-0,0,0,0,0,0,0,0,0,-0.143135,-0.0448601,-0.143135,-0.0448601
2026082703,1963,338,0,0,0,1,-3.12349,1.22219,-58.917,-0,0,0,0,0,0,0,0,0,-0.143135,-0.0448601,-0.143135,-0.0448601
2026082703,1964,339,0,0,0,1,-3.11194,1.21857,-58.917,-0,0,0,0,0,0,0,0,0,-0.143135,-0.0448601,-0.143135,-0.0448601
2026082703,1965,340,1,0,0,1,-3.10038,1.21495,-43.2467,21.0508,0,0,0,0,0,0,0,0,-0.146381,0,-0.146381,0
2026082703,1966,341,0,0,0,1,-3.08872,1.21495,-43.2467,21.0508,0,0,0,0,0,0,0,0,-0.146381,0,-0.146381,0
2026082703,1967,342,0,0,0,1,-3.07706,1.21495,-43.2467,21.0508,0,0,0,0,0,0,0,0,-0.146381,0,-0.146381,0
2026082703,1968,343,0,0,0,1,-3.06541,1.21495,-43.2467,21.0508,0,0,0,0,0,0,0,0,-0.146381,0,-0.146381,0
2026082703,1969,344,0,0,0,1,-3.05375,1.21495,-43.2467,21.0508,0,0,0,0,0,0,0,0,-0.146381,0,-0.146381,0
2026082703,1970,345,0,0,0,1,-3.04209,1.21495,-43.2467,21.0508,0,0,0,0,0,0,0,0,-0.146381,0,-0.146381,0
2026082703,1971,346,0,0,0,1,-3.03044,1.21495,-43.2467,21.0508,0,0,0,0,0,0,0,0,-0.146381,0,-0.146381,0
2026082703,1972,347,0,0,0,1,-3.01878,1.21495,-43.2467,21.0508,0,0,0,0,0,0,0,0,-0.146381,0,-0.146381,0
2026082703,1973,348,0,0,0,1,-3.00713,1.21495,-43.2467,21.0508,0,0,0,0,0,0,0,0,-0.146381,0,-0.146381,0
2026082703,1974,349,0,0,0,1,-2.99548,1.21495,-43.2467,21.0508,0,0,0,0,0,0,0,0,-0.146381,0,-0.146381,0
2026082703,1975,350,1,0,0,1,-2.98383,1.21495,-23.4708,9.70477,0,0,0,0,0,0,0,0,-0.0983808,-0.0305608,-0.0983808,-0.0305608
2026082703,1976,351,0,0,0,1,-2.97781,1.21308,-23.4708,9.70477,0,0,0,0,0,0,0,0,-0.0503808,-0.0305608,-0.0503808,-0.0305608
2026082703,1977,352,0,0,0,1,-2.97478,1.21124,-23.4708,9.70477,0,0,0,0,0,0,0,0,-0.042784,-0.0305608,-0.042784,-0.0305608
2026082703,1978,353,0,0,0,1,-2.97221,1.2094,-23.4708,9.70477,0,0,0,0,0,0,0,0,-0.042784,-0.0305608,-0.042784,-0.0305608
2026082703,1979,354,0,0,0,1,-2.96963,1.20756,-23.4708,9.70477,0,0,0,0,0,0,0,0,-0.042784,-0.0305608,-0.042784,-0.0305608
2026082703,1980,355,0,0,0,1,-2.96705,1.20572,-23.4708,9.70477,0,0,0,0,0,0,0,0,-0.042784,-0.0305608,-0.042784,-0.0305608
2026082703,1981,356,0,0,0,1,-2.96448,1.20388,-23.4708,9.70477,0,0,0,0,0,0,0,0,-0.042784,-0.0305608,-0.042784,-0.0305608
2026082703,1982,357,0,0,0,1,-2.9619,1.20204,-23.4708,9.70477,0,0,0,0,0,0,0,0,-0.042784,-0.0305608,-0.042784,-0.0305608
2026082703,1983,358,0,0,0,1,-2.95933,1.2002,-23.4708,9.70477,0,0,0,0,0,0,0,0,-0.042784,-0.0305608,-0.042784,-0.0305608
2026082703,1984,359,0,0,0,1,-2.95675,1.19836,-23.4708,9.70477,0,0,0,0,0,0,0,0,-0.042784,-0.0305608,-0.042784,-0.0305608
2026082703,1985,360,1,0,0,1,-2.95418,1.19652,-19.0724,9.70477,0,0,0,0,0,0,0,0,-0.106784,-0.0601879,-0.106784,-0.0601879
2026082703,1986,361,0,0,0,1,-2.94659,1.19225,-19.0724,9.70477,0,0,0,0,0,0,0,0,-0.131967,-0.0601879,-0.131967,-0.0601879
2026082703,1987,362,0,0,0,1,-2.93615,1.18748,-19.0724,9.70477,0,0,0,0,0,0,0,0,-0.131967,-0.0601879,-0.131967,-0.0601879
2026082703,1988,363,0,0,0,1,-2.9257,1.18272,-19.0724,9.70477,0,0,0,0,0,0,0,0,-0.131967,-0.0601879,-0.131967,-0.0601879
2026082703,1989,364,0,0,0,1,-2.91525,1.17795,-19.0724,9.70477,0,0,0,0,0,0,0,0,-0.131967,-0.0601879,-0.131967,-0.0601879
2026082703,1990,365,0,0,0,1,-2.90481,1.17319,-19.0724,9.70477,0,0,0,0,0,0,0,0,-0.131967,-0.0601879,-0.131967,-0.0601879
2026082703,1991,366,0,0,0,1,-2.89437,1.16843,-19.0724,9.70477,0,0,0,0,0,0,0,0,-0.131967,-0.0601879,-0.131967,-0.0601879
2026082703,1992,367,0,0,0,1,-2.88392,1.16366,-19.0724,9.70477,0,0,0,0,0,0,0,0,-0.131967,-0.0601879,-0.131967,-0.0601879
2026082703,1993,368,0,0,0,1,-2.87348,1.1589,-19.0724,9.70477,0,0,0,0,0,0,0,0,-0.131967,-0.0601879,-0.131967,-0.0601879
2026082703,1994,369,0,0,0,1,-2.86304,1.15414,-19.0724,9.70477,0,0,0,0,0,0,0,0,-0.131967,-0.0601879,-0.131967,-0.0601879
2026082703,1995,370,1,0,0,1,-2.8526,1.14938,-19.0724,46.5778,0,0,0,0,0,0,0,0,-0.135012,-0.0653594,-0.135012,-0.0653594
2026082703,1996,371,0,0,0,1,-2.84172,1.14411,-20.3042,49.5862,0,0,0,0,0,0,0,0,-0.134902,-0.0655846,-0.134902,-0.0655846
2026082703,1997,372,0,0,0,1,-2.83086,1.13883,-20.3042,49.5862,0,0,0,0,0,0,0,0,-0.134902,-0.0655846,-0.134902,-0.0655846
2026082703,1998,373,0,0,0,1,-2.81999,1.13355,-20.3042,49.5862,0,0,0,0,0,0,0,0,-0.134902,-0.0655846,-0.134902,-0.0655846
2026082703,1999,374,0,0,0,1,-2.80912,1.12826,-20.3042,49.5862,0,0,0,0,0,0,0,0,-0.134902,-0.0655846,-0.134902,-0.0655846
2026082703,2000,375,0,0,0,1,-2.79826,1.12298,-20.3042,49.5862,0,0,0,0,0,0,0,0,-0.134902,-0.0655846,-0.134902,-0.0655846
2026082703,2001,376,0,0,0,1,-2.78739,1.1177,-20.3042,49.5862,0,0,0,0,0,0,0,0,-0.134902,-0.0655846,-0.134902,-0.0655846
2026082703,2002,377,0,0,0,1,-2.77653,1.11242,-20.3042,49.5862,0,0,0,0,0,0,0,0,-0.134902,-0.0655846,-0.134902,-0.0655846
2026082703,2003,378,0,0,0,1,-2.76567,1.10714,-20.3042,49.5862,0,0,0,0,0,0,0,0,-0.134902,-0.0655846,-0.134902,-0.0655846
2026082703,2004,379,0,0,0,1,-2.75481,1.10186,-20.3042,49.5862,0,0,0,0,0,0,0,0,-0.134902,-0.0655846,-0.134902,-0.0655846
2026082703,2005,380,1,0,0,1,-2.74395,1.09658,-20.3042,49.5862,0,0,0,0,0,0,0,0,-0.0869024,0,-0.0869024,0
2026082703,2006,381,0,0,0,1,-2.73872,1.09658,-20.3042,49.5862,0,0,0,0,0,0,0,0,-0.0596958,0,-0.0596958,0
2026082703,2007,382,0,0,0,1,-2.73514,1.09658,-20.3042,49.5862,0,0,0,0,0,0,0,0,-0.0596958,0,-0.0596958,0
2026082703,2008,383,0,0,0,1,-2.73155,1.09658,-20.3042,49.5862,0,0,0,0,0,0,0,0,-0.0596958,0,-0.0596958,0
2026082703,2009,384,0,0,0,1,-2.72796,1.09658,-20.3042,49.5862,0,0,0,0,0,0,0,0,-0.0596958,0,-0.0596958,0
2026082703,2010,385,0,0,0,1,-2.72438,1.09658,-20.3042,49.5862,0,0,0,0,0,0,0,0,-0.0596958,0,-0.0596958,0
2026082703,2011,386,0,0,0,1,-2.72079,1.09658,-20.3042,49.5862,0,0,0,0,0,0,0,0,-0.0596958,0,-0.0596958,0
2026082703,2012,387,0,0,0,1,-2.7172,1.09658,-20.3042,49.5862,0,0,0,0,0,0,0,0,-0.0596958,0,-0.0596958,0
2026082703,2013,388,0,0,0,1,-2.71362,1.09658,-20.3042,49.5862,0,0,0,0,0,0,0,0,-0.0596958,0,-0.0596958,0
2026082703,2014,389,0,0,0,1,-2.71003,1.09658,-20.3042,49.5862,0,0,0,0,0,0,0,0,-0.0596958,0,-0.0596958,0
2026082703,2015,390,1,0,0,1,-2.70644,1.09658,-15.1182,74.8011,0,0,0,0,0,0,0,0,-0.104784,-0.064,-0.104784,-0.064
2026082703,2016,391,0,0,0,1,-2.699,1.09203,-15.1182,74.8011,0,0,0,0,0,0,0,0,-0.104784,-0.101082,-0.104784,-0.101082
2026082703,2017,392,0,0,0,1,-2.69071,1.08403,-15.1182,74.8011,0,0,0,0,0,0,0,0,-0.104784,-0.101082,-0.104784,-0.101082
2026082703,2018,393,0,0,0,1,-2.68241,1.07602,-15.1182,74.8011,0,0,0,0,0,0,0,0,-0.104784,-0.101082,-0.104784,-0.101082
2026082703,2019,394,0,0,0,1,-2.67411,1.06802,-15.1182,74.8011,0,0,0,0,0,0,0,0,-0.104784,-0.101082,-0.104784,-0.101082
2026082703,2020,395,0,0,0,1,-2.66582,1.06002,-15.1182,74.8011,0,0,0,0,0,0,0,0,-0.104784,-0.101082,-0.104784,-0.101082
2026082703,2021,396,0,0,0,1,-2.65752,1.05202,-15.1182,74.8011,0,0,0,0,0,0,0,0,-0.104784,-0.101082,-0.104784,-0.101082
2026082703,2022,397,0,0,0,1,-2.64923,1.04402,-15.1182,74.8011,0,0,0,0,0,0,0,0,-0.104784,-0.101082,-0.104784,-0.101082
2026082703,2023,398,0,0,0,1,-2.64094,1.03602,-15.1182,74.8011,0,0,0,0,0,0,0,0,-0.104784,-0.101082,-0.104784,-0.101082
2026082703,2024,399,0,0,0,1,-2.63264,1.02802,-15.1182,74.8011,0,0,0,0,0,0,0,0,-0.104784,-0.101082,-0.104784,-0.101082
2026082703,2025,400,1,0,0,1,-2.62435,1.02002,-15.1182,-0,0,0,0,0,0,0,0,0,-0.141387,-0.0530818,-0.141387,-0.0530818
2026082703,2026,401,0,0,0,1,-2.61291,1.01572,-15.1182,-0,0,0,0,0,0,0,0,0,-0.141387,0,-0.141387,0
2026082703,2027,402,0,0,0,1,-2.60191,1.01572,-15.1182,-0,0,0,0,0,0,0,0,0,-0.141387,0,-0.141387,0
2026082703,2028,403,0,0,0,1,-2.59091,1.01572,-15.1182,-0,0,0,0,0,0,0,0,0,-0.141387,0,-0.141387,0
2026082703,2029,404,0,0,0,1,-2.57991,1.01572,-15.1182,-0,0,0,0,0,0,0,0,0,-0.141387,0,-0.141387,0
2026082703,2030,405,0,0,0,1,-2.56891,1.01572,-15.1182,-0,0,0,0,0,0,0,0,0,-0.141387,0,-0.141387,0
2026082703,2031,406,0,0,0,1,-2.55791,1.01572,-15.1182,-0,0,0,0,0,0,0,0,0,-0.141387,0,-0.141387,0
2026082703,2032,407,0,0,0,1,-2.54691,1.01572,-15.1182,-0,0,0,0,0,0,0,0,0,-0.141387,0,-0.141387,0
2026082703,2033,408,0,0,0,1,-2.53591,1.01572,-15.1182,-0,0,0,0,0,0,0,0,0,-0.141387,0,-0.141387,0
2026082703,2034,409,0,0,0,1,-2.52491,1.01572,-15.1182,-0,0,0,0,0,0,0,0,0,-0.141387,0,-0.141387,0
2026082703,2035,410,1,0,0,1,-2.51391,1.01572,-23.2419,-3.55464,0,0,0,0,0,0,0,0,-0.149785,0,-0.149785,0
2026082703,2036,411,0,0,0,1,-2.50188,1.01572,-23.2419,-3.55464,0,0,0,0,0,0,0,0,-0.149785,0,-0.149785,0
2026082703,2037,412,0,0,0,1,-2.48986,1.01572,-23.2419,-3.55464,0,0,0,0,0,0,0,0,-0.149785,0,-0.149785,0
2026082703,2038,413,0,0,0,1,-2.47783,1.01572,-23.2419,-3.55464,0,0,0,0,0,0,0,0,-0.149785,0,-0.149785,0
2026082703,2039,414,0,0,0,1,-2.4658,1.01572,-23.2419,-3.55464,0,0,0,0,0,0,0,0,-0.149785,0,-0.149785,0
2026082703,2040,415,0,0,0,1,-2.45377,1.01572,-23.2419,-3.55464,0,0,0,0,0,0,0,0,-0.149785,0,-0.149785,0
2026082703,2041,416,0,0,0,1,-2.44175,1.01572,-23.2419,-3.55464,0,0,0,0,0,0,0,0,-0.149785,0,-0.149785,0
2026082703,2042,417,0,0,0,1,-2.42972,1.01572,-23.2419,-3.55464,0,0,0,0,0,0,0,0,-0.149785,0,-0.149785,0
2026082703,2043,418,0,0,0,1,-2.4177,1.01572,-23.2419,-3.55464,0,0,0,0,0,0,0,0,-0.149785,0,-0.149785,0
2026082703,2044,419,0,0,0,1,-2.40568,1.01572,-23.2419,-3.55464,0,0,0,0,0,0,0,0,-0.149785,0,-0.149785,0
2026082703,2045,420,1,0,0,1,-2.39365,1.01572,-23.2419,-3.55464,0,0,0,0,0,0,0,0,-0.101785,-0.0720215,-0.101785,-0.0720215
2026082703,2046,421,0,0,0,1,-2.38636,1.01056,-23.2419,-3.55464,0,0,0,0,0,0,0,0,-0.0537854,-0.108955,-0.0537854,-0.108955
2026082703,2047,422,0,0,0,1,-2.38258,1.0029,-23.2419,-3.55464,0,0,0,0,0,0,0,0,0,-0.108955,0,-0.108955
2026082703,2048,423,0,0,0,1,-2.38258,0.9959,-23.2419,-3.55464,0,0,0,0,0,0,0,0,0,-0.108955,0,-0.108955
2026082703,2049,424,0,0,0,1,-2.38258,0.9889,-23.2419,-3.55464,0,0,0,0,0,0,0,0,0,-0.108955,0,-0.108955
2026082703,2050,425,0,0,0,1,-2.38258,0.9819,-23.2419,-3.55464,0,0,0,0,0,0,0,0,0,-0.108955,0,-0.108955
2026082703,2051,426,0,0,0,1,-2.38258,0.9749,-23.2419,-3.55464,0,0,0,0,0,0,0,0,0,-0.108955,0,-0.108955
2026082703,2052,427,0,0,0,1,-2.38258,0.967901,-23.2419,-3.55464,0,0,0,0,0,0,0,0,0,-0.108955,0,-0.108955
2026082703,2053,428,0,0,0,1,-2.38258,0.960901,-23.2419,-3.55464,0,0,0,0,0,0,0,0,0,-0.108955,0,-0.108955
2026082703,2054,429,0,0,0,1,-2.38258,0.953902,-23.2419,-3.55464,0,0,0,0,0,0,0,0,0,-0.108955,0,-0.108955
2026082703,2055,430,1,0,0,1,-2.38258,0.946903,-72.4355,-3.55464,0,0,0,0,0,0,0,0,-0.0785003,-0.0609547,-0.0785003,-0.0609547
2026082703,2056,431,0,0,0,1,-2.37787,0.943249,-72.4355,-3.55464,0,0,0,0,0,0,0,0,-0.1425,0,-0.1425,0
2026082703,2057,432,0,0,0,1,-2.36675,0.943249,-72.4355,-3.55464,0,0,0,0,0,0,0,0,-0.149182,0,-0.149182,0
2026082703,2058,433,0,0,0,1,-2.3548,0.943249,-72.4355,-3.55464,0,0,0,0,0,0,0,0,-0.149182,0,-0.149182,0
2026082703,2059,434,0,0,0,1,-2.34286,0.943249,-72.4355,-3.55464,0,0,0,0,0,0,0,0,-0.149182,0,-0.149182,0
2026082703,2060,435,0,0,0,1,-2.33092,0.943249,-72.4355,-3.55464,0,0,0,0,0,0,0,0,-0.149182,0,-0.149182,0
2026082703,2061,436,0,0,0,1,-2.31898,0.943249,-72.4355,-3.55464,0,0,0,0,0,0,0,0,-0.149182,0,-0.149182,0
2026082703,2062,437,0,0,0,1,-2.30704,0.943249,-72.4355,-3.55464,0,0,0,0,0,0,0,0,-0.149182,0,-0.149182,0
2026082703,2063,438,0,0,0,1,-2.2951,0.943249,-72.4355,-3.55464,0,0,0,0,0,0,0,0,-0.149182,0,-0.149182,0
2026082703,2064,439,0,0,0,1,-2.28316,0.943249,-72.4355,-3.55464,0,0,0,0,0,0,0,0,-0.149182,0,-0.149182,0
2026082703,2065,440,1,0,0,1,-2.27122,0.943249,-4.49604,-12.1719,0,0,0,0,0,0,0,0,-0.14689,0,-0.14689,0
2026082703,2066,441,0,0,0,1,-2.25956,0.943249,-4.49604,-12.1719,0,0,0,0,0,0,0,0,-0.14689,0,-0.14689,0
2026082703,2067,442,0,0,0,1,-2.24791,0.943249,-4.49604,-12.1719,0,0,0,0,0,0,0,0,-0.14689,0,-0.14689,0
2026082703,2068,443,0,0,0,1,-2.23625,0.943249,-4.49604,-12.1719,0,0,0,0,0,0,0,0,-0.14689,0,-0.14689,0
2026082703,2069,444,0,0,0,1,-2.2246,0.943249,-4.49604,-12.1719,0,0,0,0,0,0,0,0,-0.14689,0,-0.14689,0
2026082703,2070,445,0,0,0,1,-2.21295,0.943249,-4.49604,-12.1719,0,0,0,0,0,0,0,0,-0.14689,0,-0.14689,0
2026082703,2071,446,0,0,0,1,-2.20129,0.943249,-4.49604,-12.1719,0,0,0,0,0,0,0,0,-0.14689,0,-0.14689,0
2026082703,2072,447,0,0,0,1,-2.18964,0.943249,-4.49604,-12.1719,0,0,0,0,0,0,0,0,-0.14689,0,-0.14689,0
2026082703,2073,448,0,0,0,1,-2.17799,0.943249,-4.49604,-12.1719,0,0,0,0,0,0,0,0,-0.14689,0,-0.14689,0
2026082703,2074,449,0,0,0,1,-2.16634,0.943249,-4.49604,-12.1719,0,0,0,0,0,0,0,0,-0.14689,0,-0.14689,0
2026082703,2075,450,1,0,0,1,-2.15469,0.943249,-16.9834,-12.1719,0,0,0,0,0,0,0,0,-0.127793,-0.0680891,-0.127793,-0.0680891
2026082703,2076,451,0,0,0,1,-2.14464,0.937892,-17.7902,-12.7501,0,0,0,0,0,0,0,0,-0.127919,-0.0680363,-0.127919,-0.0680363
2026082703,2077,452,0,0,0,1,-2.13457,0.932538,-17.7902,-12.7501,0,0,0,0,0,0,0,0,-0.127919,-0.0680363,-0.127919,-0.0680363
2026082703,2078,453,0,0,0,1,-2.1245,0.927184,-17.7902,-12.7501,0,0,0,0,0,0,0,0,-0.127919,-0.0680363,-0.127919,-0.0680363
2026082703,2079,454,0,0,0,1,-2.11444,0.92183,-17.7902,-12.7501,0,0,0,0,0,0,0,0,-0.127919,-0.0680363,-0.127919,-0.0680363
2026082703,2080,455,0,0,0,1,-2.10437,0.916477,-17.7902,-12.7501,0,0,0,0,0,0,0,0,-0.127919,-0.0680363,-0.127919,-0.0680363
2026082703,2081,456,0,0,0,1,-2.09431,0.911124,-17.7902,-12.7501,0,0,0,0,0,0,0,0,-0.127919,-0.0680363,-0.127919,-0.0680363
2026082703,2082,457,0,0,0,1,-2.08424,0.905771,-17.7902,-12.7501,0,0,0,0,0,0,0,0,-0.127919,-0.0680363,-0.127919,-0.0680363
2026082703,2083,458,0,0,0,1,-2.07418,0.900419,-17.7902,-12.7501,0,0,0,0,0,0,0,0,-0.127919,-0.0680363,-0.127919,-0.0680363
2026082703,2084,459,0,0,0,1,-2.06412,0.895067,-17.7902,-12.7501,0,0,0,0,0,0,0,0,-0.127919,-0.0680363,-0.127919,-0.0680363
2026082703,2085,460,1,0,0,1,-2.05406,0.889715,-4.70964,-7.35299,0,0,0,0,0,0,0,0,-0.0969482,-0.0646491,-0.0969482,-0.0646491
2026082703,2086,461,0,0,0,1,-2.04747,0.885323,-4.70964,-7.35299,0,0,0,0,0,0,0,0,-0.0969482,-0.0646491,-0.0969482,-0.0646491
2026082703,2087,462,0,0,0,1,-2.04089,0.880932,-4.70964,-7.35299,0,0,0,0,0,0,0,0,-0.0969482,-0.0646491,-0.0969482,-0.0646491
2026082703,2088,463,0,0,0,1,-2.0343,0.876541,-4.70964,-7.35299,0,0,0,0,0,0,0,0,-0.0969482,-0.0646491,-0.0969482,-0.0646491
2026082703,2089,464,0,0,0,1,-2.02772,0.87215,-4.70964,-7.35299,0,0,0,0,0,0,0,0,-0.0969482,-0.0646491,-0.0969482,-0.0646491
2026082703,2090,465,0,0,0,1,-2.02113,0.867759,-4.70964,-7.35299,0,0,0,0,0,0,0,0,-0.0969482,-0.0646491,-0.0969482,-0.0646491
2026082703,2091,466,0,0,0,1,-2.01455,0.863368,-4.70964,-7.35299,0,0,0,0,0,0,0,0,-0.0969482,-0.0646491,-0.0969482,-0.0646491
2026082703,2092,467,0,0,0,1,-2.00796,0.858978,-4.70964,-7.35299,0,0,0,0,0,0,0,0,-0.0969482,-0.0646491,-0.0969482,-0.0646491
2026082703,2093,468,0,0,0,1,-2.00138,0.854587,-4.70964,-7.35299,0,0,0,0,0,0,0,0,-0.0969482,-0.0646491,-0.0969482,-0.0646491
2026082703,2094,469,0,0,0,1,-1.99479,0.850197,-4.70964,-7.35299,0,0,0,0,0,0,0,0,-0.0969482,-0.0646491,-0.0969482,-0.0646491
2026082703,2095,470,1,0,0,1,-1.98821,0.845807,0,-7.35299,0,0,0,0,0,0,0,0,-0.0489482,0,-0.0489482,0
2026082703,2096,471,0,0,0,1,-1.98528,0.845807,0,-7.35299,0,0,0,0,0,0,0,0,0,0,0,0
2026082703,2097,472,0,0,0,1,-1.98528,0.845807,0,-7.35299,0,0,0,0,0,0,0,0,0,0,0,0
2026082703,2098,473,0,0,0,1,-1.98528,0.845807,0,-7.35299,0,0,0,0,0,0,0,0,0,0,0,0
2026082703,2099,474,0,0,0,1,-1.98528,0.845807,0,-7.35299,0,0,0,0,0,0,0,0,0,0,0,0
2026082703,2100,475,0,0,0,1,-1.98528,0.845807,0,-7.35299,0,0,0,0,0,0,0,0,0,0,0,0
2026082703,2101,476,0,0,0,1,-1.98528,0.845807,0,-7.35299,0,0,0,0,0,0,0,0,0,0,0,0
2026082703,2102,477,0,0,0,1,-1.98528,0.845807,0,-7.35299,0,0,0,0,0,0,0,0,0,0,0,0
2026082703,2103,478,0,0,0,1,-1.98528,0.845807,0,-7.35299,0,0,0,0,0,0,0,0,0,0,0,0
2026082703,2104,479,0,0,0,1,-1.98528,0.845807,0,-7.35299,0,0,0,0,0,0,0,0,0,0,0,0
2026082703,2105,480,1,0,0,1,-1.98528,0.845807,11.156,-7.42011,0,0,0,0,0,0,0,0,0,0,0,0
2026082703,2106,481,0,0,0,1,-1.98528,0.845807,11.156,-7.42011,0,0,0,0,0,0,0,0,0,0,0,0
2026082703,2107,482,0,0,0,1,-1.98528,0.845807,11.156,-7.42011,0,0,0,0,0,0,0,0,0,0,0,0
2026082703,2108,483,0,0,0,1,-1.98528,0.845807,11.156,-7.42011,0,0,0,0,0,0,0,0,0,0,0,0
2026082703,2109,484,0,0,0,1,-1.98528,0.845807,11.156,-7.42011,0,0,0,0,0,0,0,0,0,0,0,0
2026082703,2110,485,0,0,0,1,-1.98528,0.845807,11.156,-7.42011,0,0,0,0,0,0,0,0,0,0,0,0
2026082703,2111,486,0,0,0,1,-1.98528,0.845807,11.156,-7.42011,0,0,0,0,0,0,0,0,0,0,0,0
2026082703,2112,487,0,0,0,1,-1.98528,0.845807,11.156,-7.42011,0,0,0,0,0,0,0,0,0,0,0,0
2026082703,2113,488,0,0,0,1,-1.98528,0.845807,11.156,-7.42011,0,0,0,0,0,0,0,0,0,0,0,0
2026082703,2114,489,0,0,0,1,-1.98528,0.845807,11.156,-7.42011,0,0,0,0,0,0,0,0,0,0,0,0
2026082703,2115,490,1,0,0,1,-1.98528,0.845807,37.1643,-7.42011,0,0,0,0,0,0,0,0,-0.064,-0.064,-0.064,-0.064
2026082703,2116,491,0,0,0,1,-1.98146,0.841979,37.1643,-7.42011,0,0,0,0,0,0,0,0,-0.0791433,-0.104526,-0.0791433,-0.104526
2026082703,2117,492,0,0,0,1,-1.9756,0.834245,37.1643,-7.42011,0,0,0,0,0,0,0,0,-0.0791433,-0.104526,-0.0791433,-0.104526
2026082703,2118,493,0,0,0,1,-1.96975,0.826512,37.1643,-7.42011,0,0,0,0,0,0,0,0,-0.0791433,-0.104526,-0.0791433,-0.104526
2026082703,2119,494,0,0,0,1,-1.96389,0.818779,37.1643,-7.42011,0,0,0,0,0,0,0,0,-0.0791433,-0.104526,-0.0791433,-0.104526
2026082703,2120,495,0,0,0,1,-1.95803,0.811046,37.1643,-7.42011,0,0,0,0,0,0,0,0,-0.0791433,-0.104526,-0.0791433,-0.104526
2026082703,2121,496,0,0,0,1,-1.95218,0.803313,37.1643,-7.42011,0,0,0,0,0,0,0,0,-0.0791433,-0.104526,-0.0791433,-0.104526
2026082703,2122,497,0,0,0,1,-1.94632,0.795581,37.1643,-7.42011,0,0,0,0,0,0,0,0,-0.0791433,-0.104526,-0.0791433,-0.104526
2026082703,2123,498,0,0,0,1,-1.94047,0.787849,37.1643,-7.42011,0,0,0,0,0,0,0,0,-0.0791433,-0.104526,-0.0791433,-0.104526
2026082703,2124,499,0,0,0,1,-1.93462,0.780117,37.1643,-7.42011,0,0,0,0,0,0,0,0,-0.0791433,-0.104526,-0.0791433,-0.104526
2026082703,2125,500,1,0,0,1,-1.92876,0.772385,0,-6.90415,0,0,0,0,0,0,0,0,-0.131855,-0.0715147,-0.131855,-0.0715147
2026082703,2126,501,0,0,0,1,-1.9182,0.766658,0,-6.90415,0,0,0,0,0,0,0,0,-0.131855,-0.0715147,-0.131855,-0.0715147
2026082703,2127,502,0,0,0,1,-1.90764,0.76093,0,-6.90415,0,0,0,0,0,0,0,0,-0.131855,-0.0715147,-0.131855,-0.0715147
2026082703,2128,503,0,0,0,1,-1.89708,0.755203,0,-6.90415,0,0,0,0,0,0,0,0,-0.131855,-0.0715147,-0.131855,-0.0715147
2026082703,2129,504,0,0,0,1,-1.88652,0.749477,0,-6.90415,0,0,0,0,0,0,0,0,-0.131855,-0.0715147,-0.131855,-0.0715147
2026082703,2130,505,0,0,0,1,-1.87597,0.74375,0,-6.90415,0,0,0,0,0,0,0,0,-0.131855,-0.0715147,-0.131855,-0.0715147
2026082703,2131,506,0,0,0,1,-1.86541,0.738024,0,-6.90415,0,0,0,0,0,0,0,0,-0.131855,-0.0715147,-0.131855,-0.0715147
2026082703,2132,507,0,0,0,1,-1.85485,0.732298,0,-6.90415,0,0,0,0,0,0,0,0,-0.131855,-0.0715147,-0.131855,-0.0715147
2026082703,2133,508,0,0,0,1,-1.8443,0.726573,0,-6.90415,0,0,0,0,0,0,0,0,-0.131855,-0.0715147,-0.131855,-0.0715147
2026082703,2134,509,0,0,0,1,-1.83374,0.720848,0,-6.90415,0,0,0,0,0,0,0,0,-0.131855,-0.0715147,-0.131855,-0.0715147
2026082703,2135,510,1,0,0,1,-1.82319,0.715123,-19.0895,-0,0,0,0,0,0,0,0,0,-0.131684,-0.0572007,-0.131684,-0.0572007
2026082703,2136,511,0,0,0,1,-1.8129,0.710653,-20.0482,-0,0,0,0,0,0,0,0,0,-0.131684,-0.0572007,-0.131684,-0.0572007
2026082703,2137,512,0,0,0,1,-1.80261,0.706184,-20.0482,-0,0,0,0,0,0,0,0,0,-0.131684,-0.0572007,-0.131684,-0.0572007
2026082703,2138,513,0,0,0,1,-1.79232,0.701714,-20.0482,-0,0,0,0,0,0,0,0,0,-0.131684,-0.0572007,-0.131684,-0.0572007
2026082703,2139,514,0,0,0,1,-1.78203,0.697245,-20.0482,-0,0,0,0,0,0,0,0,0,-0.131684,-0.0572007,-0.131684,-0.0572007
2026082703,2140,515,0,0,0,1,-1.77174,0.692776,-20.0482,-0,0,0,0,0,0,0,0,0,-0.131684,-0.0572007,-0.131684,-0.0572007
2026082703,2141,516,0,0,0,1,-1.76145,0.688308,-20.0482,-0,0,0,0,0,0,0,0,0,-0.131684,-0.0572007,-0.131684,-0.0572007
2026082703,2142,517,0,0,0,1,-1.75117,0.683839,-20.0482,-0,0,0,0,0,0,0,0,0,-0.131684,-0.0572007,-0.131684,-0.0572007
2026082703,2143,518,0,0,0,1,-1.74088,0.679371,-20.0482,-0,0,0,0,0,0,0,0,0,-0.131684,-0.0572007,-0.131684,-0.0572007
2026082703,2144,519,0,0,0,1,-1.73059,0.674903,-20.0482,-0,0,0,0,0,0,0,0,0,-0.131684,-0.0572007,-0.131684,-0.0572007
2026082703,2145,520,1,0,0,1,-1.72031,0.670435,-20.0482,-7.2509,0,0,0,0,0,0,0,0,-0.0836838,0,-0.0836838,0
2026082703,2146,521,0,0,0,1,-1.71531,0.670435,-20.0482,-7.2509,0,0,0,0,0,0,0,0,-0.0356838,0,-0.0356838,0
2026082703,2147,522,0,0,0,1,-1.71318,0.670435,-20.0482,-7.2509,0,0,0,0,0,0,0,0,0,0,0,0
2026082703,2148,523,0,0,0,1,-1.71318,0.670435,-20.0482,-7.2509,0,0,0,0,0,0,0,0,0,0,0,0
2026082703,2149,524,0,0,0,1,-1.71318,0.670435,-20.0482,-7.2509,0,0,0,0,0,0,0,0,0,0,0,0
2026082703,2150,525,0,0,0,1,-1.71318,0.670435,-20.0482,-7.2509,0,0,0,0,0,0,0,0,0,0,0,0
2026082703,2151,526,0,0,0,1,-1.71318,0.670435,-20.0482,-7.2509,0,0,0,0,0,0,0,0,0,0,0,0
2026082703,2152,527,0,0,0,1,-1.71318,0.670435,-20.0482,-7.2509,0,0,0,0,0,0,0,0,0,0,0,0
2026082703,2153,528,0,0,0,1,-1.71318,0.670435,-20.0482,-7.2509,0,0,0,0,0,0,0,0,0,0,0,0
2026082703,2154,529,0,0,0,1,-1.71318,0.670435,-20.0482,-7.2509,0,0,0,0,0,0,0,0,0,0,0,0
2026082703,2155,530,1,0,0,1,-1.71318,0.670435,-20.0482,-0,0,0,0,0,0,0,0,0,-0.064,-0.064,-0.064,-0.064
2026082703,2156,531,0,0,0,1,-1.70936,0.666613,-20.0482,-0,0,0,0,0,0,0,0,0,-0.124397,-0.0838181,-0.124397,-0.0838181
2026082703,2157,532,0,0,0,1,-1.69941,0.659908,-20.0482,-0,0,0,0,0,0,0,0,0,-0.124397,-0.0838181,-0.124397,-0.0838181
2026082703,2158,533,0,0,0,1,-1.68945,0.653203,-20.0482,-0,0,0,0,0,0,0,0,0,-0.124397,-0.0838181,-0.124397,-0.0838181
2026082703,2159,534,0,0,0,1,-1.6795,0.646498,-20.0482,-0,0,0,0,0,0,0,0,0,-0.124397,-0.0838181,-0.124397,-0.0838181
2026082703,2160,535,0,0,0,1,-1.66955,0.639793,-20.0482,-0,0,0,0,0,0,0,0,0,-0.124397,-0.0838181,-0.124397,-0.0838181
2026082703,2161,536,0,0,0,1,-1.6596,0.633089,-20.0482,-0,0,0,0,0,0,0,0,0,-0.124397,-0.0838181,-0.124397,-0.0838181
2026082703,2162,537,0,0,0,1,-1.64965,0.626385,-20.0482,-0,0,0,0,0,0,0,0,0,-0.124397,-0.0838181,-0.124397,-0.0838181
2026082703,2163,538,0,0,0,1,-1.63971,0.619682,-20.0482,-0,0,0,0,0,0,0,0,0,-0.124397,-0.0838181,-0.124397,-0.0838181
2026082703,2164,539,0,0,0,1,-1.62976,0.612979,-20.0482,-0,0,0,0,0,0,0,0,0,-0.124397,-0.0838181,-0.124397,-0.0838181
2026082703,2165,540,1,0,0,1,-1.61981,0.606276,0,-54.1187,0,0,0,0,0,0,0,0,-0.0763967,-0.0358181,-0.0763967,-0.0358181
2026082703,2166,541,0,0,0,1,-1.61525,0.604138,0,-54.1187,0,0,0,0,0,0,0,0,0,0,0,0
2026082703,2167,542,0,0,0,1,-1.61525,0.604138,0,-54.1187,0,0,0,0,0,0,0,0,0,0,0,0
2026082703,2168,543,0,0,0,1,-1.61525,0.604138,0,-54.1187,0,0,0,0,0,0,0,0,0,0,0,0
2026082703,2169,544,0,0,0,1,-1.61525,0.604138,0,-54.1187,0,0,0,0,0,0,0,0,0,0,0,0
2026082703,2170,545,0,0,0,1,-1.61525,0.604138,0,-54.1187,0,0,0,0,0,0,0,0,0,0,0,0
2026082703,2171,546,0,0,0,1,-1.61525,0.604138,0,-54.1187,0,0,0,0,0,0,0,0,0,0,0,0
2026082703,2172,547,0,0,0,1,-1.61525,0.604138,0,-54.1187,0,0,0,0,0,0,0,0,0,0,0,0
2026082703,2173,548,0,0,0,1,-1.61525,0.604138,0,-54.1187,0,0,0,0,0,0,0,0,0,0,0,0
2026082703,2174,549,0,0,0,1,-1.61525,0.604138,0,-54.1187,0,0,0,0,0,0,0,0,0,0,0,0
2026082703,2175,550,1,0,0,1,-1.61525,0.604138,-41.7232,-0,0,0,0,0,0,0,0,0,-0.064,-0.0556272,-0.064,-0.0556272
2026082703,2176,551,0,0,0,1,-1.61143,0.600818,-41.7232,-0,0,0,0,0,0,0,0,0,-0.128,-0.0556272,-0.128,-0.0556272
2026082703,2177,552,0,0,0,1,-1.6016,0.596546,-41.7232,-0,0,0,0,0,0,0,0,0,-0.139304,-0.0556272,-0.139304,-0.0556272
2026082703,2178,553,0,0,0,1,-1.59046,0.592098,-41.7232,-0,0,0,0,0,0,0,0,0,-0.139304,-0.0556272,-0.139304,-0.0556272
2026082703,2179,554,0,0,0,1,-1.57932,0.587651,-41.7232,-0,0,0,0,0,0,0,0,0,-0.139304,-0.0556272,-0.139304,-0.0556272
2026082703,2180,555,0,0,0,1,-1.56819,0.583203,-41.7232,-0,0,0,0,0,0,0,0,0,-0.139304,-0.0556272,-0.139304,-0.0556272
2026082703,2181,556,0,0,0,1,-1.55705,0.578756,-41.7232,-0,0,0,0,0,0,0,0,0,-0.139304,-0.0556272,-0.139304,-0.0556272
2026082703,2182,557,0,0,0,1,-1.54591,0.574309,-41.7232,-0,0,0,0,0,0,0,0,0,-0.139304,-0.0556272,-0.139304,-0.0556272
2026082703,2183,558,0,0,0,1,-1.53478,0.569862,-41.7232,-0,0,0,0,0,0,0,0,0,-0.139304,-0.0556272,-0.139304,-0.0556272
2026082703,2184,559,0,0,0,1,-1.52364,0.565416,-41.7232,-0,0,0,0,0,0,0,0,0,-0.139304,-0.0556272,-0.139304,-0.0556272
2026082703,2185,560,1,0,0,1,-1.51251,0.560969,-21.2916,47.1627,0,0,0,0,0,0,0,0,-0.128894,-0.0767221,-0.128894,-0.0767221
2026082703,2186,561,0,0,0,1,-1.50221,0.554837,-21.2916,47.1627,0,0,0,0,0,0,0,0,-0.128894,-0.0767221,-0.128894,-0.0767221
2026082703,2187,562,0,0,0,1,-1.4919,0.548705,-21.2916,47.1627,0,0,0,0,0,0,0,0,-0.128894,-0.0767221,-0.128894,-0.0767221
2026082703,2188,563,0,0,0,1,-1.4816,0.542574,-21.2916,47.1627,0,0,0,0,0,0,0,0,-0.128894,-0.0767221,-0.128894,-0.0767221
2026082703,2189,564,0,0,0,1,-1.4713,0.536442,-21.2916,47.1627,0,0,0,0,0,0,0,0,-0.128894,-0.0767221,-0.128894,-0.0767221
2026082703,2190,565,0,0,0,1,-1.461,0.530311,-21.2916,47.1627,0,0,0,0,0,0,0,0,-0.128894,-0.0767221,-0.128894,-0.0767221
2026082703,2191,566,0,0,0,1,-1.4507,0.52418,-21.2916,47.1627,0,0,0,0,0,0,0,0,-0.128894,-0.0767221,-0.128894,-0.0767221
2026082703,2192,567,0,0,0,1,-1.4404,0.51805,-21.2916,47.1627,0,0,0,0,0,0,0,0,-0.128894,-0.0767221,-0.128894,-0.0767221
2026082703,2193,568,0,0,0,1,-1.4301,0.511919,-21.2916,47.1627,0,0,0,0,0,0,0,0,-0.128894,-0.0767221,-0.128894,-0.0767221
2026082703,2194,569,0,0,0,1,-1.4198,0.505789,-21.2916,47.1627,0,0,0,0,0,0,0,0,-0.128894,-0.0767221,-0.128894,-0.0767221
2026082703,2195,570,1,0,0,1,-1.40951,0.49966,-21.2916,47.1627,0,0,0,0,0,0,0,0,-0.0808942,0,-0.0808942,0
2026082703,2196,571,0,0,0,1,-1.40468,0.49966,-23.0259,51.0042,0,0,0,0,0,0,0,0,-0.0328942,0,-0.0328942,0
2026082703,2197,572,0,0,0,1,-1.40272,0.49966,-23.0259,51.0042,0,0,0,0,0,0,0,0,0,0,0,0
2026082703,2198,573,0,0,0,1,-1.40272,0.49966,-23.0259,51.0042,0,0,0,0,0,0,0,0,0,0,0,0
2026082703,2199,574,0,0,0,1,-1.40272,0.49966,-23.0259,51.0042,0,0,0,0,0,0,0,0,0,0,0,0
2026082703,3250,0,1,0,0,0,6.60658,4.51144,0,0,0,0,0,0,0,0,0,0,0,0,0,0
2026082703,3251,1,0,0,0,0,6.60658,4.51144,0,0,0,0,0,0,0,0,0,0,0,0,0,0
2026082703,3252,2,0,0,0,0,6.60658,4.51144,0,0,0,0,0,0,0,0,0,0,0,0,0,0
2026082703,3253,3,0,0,0,0,6.60658,4.51144,0,0,0,0,0,0,0,0,0,0,0,0,0,0
2026082703,3254,4,0,0,0,0,6.60658,4.51144,0,0,0,0,0,0,0,0,0,0,0,0,0,0
2026082703,3255,5,0,0,0,0,6.60658,4.51144,0,0,0,0,0,0,0,0,0,0,0,0,0,0
2026082703,3256,6,0,0,0,0,6.60658,4.51144,0,0,0,0,0,0,0,0,0,0,0,0,0,0
2026082703,3257,7,0,0,0,0,6.60658,4.51144,0,0,0,0,0,0,0,0,0,0,0,0,0,0
2026082703,3258,8,0,0,0,0,6.60658,4.51144,0,0,0,0,0,0,0,0,0,0,0,0,0,0
2026082703,3259,9,0,0,0,0,6.60658,4.51144,0,0,0,0,0,0,0,0,0,0,0,0,0,0
2026082703,3260,10,1,0,0,0,6.60658,4.51144,0,0,0,0,0,0,0,0,0,0,0.064,-0.064,0.064,-0.064
2026082703,3261,11,0,0,0,0,6.60253,4.50739,0,0,0,0,0,0,0,0,0,0,0.128,-0.0988211,0.128,-0.0988211
2026082703,3262,12,0,0,0,0,6.59091,4.49842,0,0,0,0,0,0,0,0,0,0,0.16021,-0.0988211,0.16021,-0.0988211
2026082703,3263,13,0,0,0,0,6.57465,4.48839,0,0,0,0,0,0,0,0,0,0,0.16021,-0.0988211,0.16021,-0.0988211
2026082703,3264,14,0,0,0,0,6.55839,4.47836,0,0,0,0,0,0,0,0,0,0,0.16021,-0.0988211,0.16021,-0.0988211
2026082703,3265,15,0,0,0,0,6.54213,4.46833,0,0,0,0,0,0,0,0,0,0,0.16021,-0.0988211,0.16021,-0.0988211
2026082703,3266,16,0,0,0,0,6.52587,4.45831,0,0,0,0,0,0,0,0,0,0,0.16021,-0.0988211,0.16021,-0.0988211
2026082703,3267,17,0,0,0,0,6.50963,4.44828,0,0,0,0,0,0,0,0,0,0,0.16021,-0.0988211,0.16021,-0.0988211
2026082703,3268,18,0,0,0,0,6.49338,4.43826,0,0,0,0,0,0,0,0,0,0,0.16021,-0.0988211,0.16021,-0.0988211
2026082703,3269,19,0,0,0,0,6.47714,4.42824,0,0,0,0,0,0,0,0,0,0,0.16021,-0.0988211,0.16021,-0.0988211
2026082703,3270,20,1,0,0,1,6.4609,4.41823,-30.4792,1.28507,0,0,0,0,0,0,0,0,0.117803,-0.108455,0.117803,-0.108455
2026082703,3271,21,0,0,0,1,6.45032,4.40849,-30.4792,1.28507,0,0,0,0,0,0,0,0,0.117803,-0.108455,0.117803,-0.108455
2026082703,3272,22,0,0,0,1,6.43975,4.39875,-30.4792,1.28507,0,0,0,0,0,0,0,0,0.117803,-0.108455,0.117803,-0.108455
2026082703,3273,23,0,0,0,1,6.42918,4.38902,-30.4792,1.28507,0,0,0,0,0,0,0,0,0.117803,-0.108455,0.117803,-0.108455
2026082703,3274,24,0,0,0,1,6.41861,4.37929,-30.4792,1.28507,0,0,0,0,0,0,0,0,0.117803,-0.108455,0.117803,-0.108455
2026082703,3275,25,0,0,0,1,6.40804,4.36956,-30.4792,1.28507,0,0,0,0,0,0,0,0,0.117803,-0.108455,0.117803,-0.108455
2026082703,3276,26,0,0,0,1,6.39747,4.35983,-30.4792,1.28507,0,0,0,0,0,0,0,0,0.117803,-0.108455,0.117803,-0.108455
2026082703,3277,27,0,0,0,1,6.38691,4.3501,-30.4792,1.28507,0,0,0,0,0,0,0,0,0.117803,-0.108455,0.117803,-0.108455
2026082703,3278,28,0,0,0,1,6.37634,4.34038,-30.4792,1.28507,0,0,0,0,0,0,0,0,0.117803,-0.108455,0.117803,-0.108455
2026082703,3279,29,0,0,0,1,6.36578,4.33066,-30.4792,1.28507,0,0,0,0,0,0,0,0,0.117803,-0.108455,0.117803,-0.108455
2026082703,3280,30,1,0,0,1,6.35522,4.32094,0,5.91431,0,0,0,0,0,0,0,0,0.142898,-0.105973,0.142898,-0.105973
2026082703,3281,31,0,0,0,1,6.34131,4.31062,0,5.91431,0,0,0,0,0,0,0,0,0.142898,-0.105973,0.142898,-0.105973
2026082703,3282,32,0,0,0,1,6.32741,4.30031,0,5.91431,0,0,0,0,0,0,0,0,0.142898,-0.105973,0.142898,-0.105973
2026082703,3283,33,0,0,0,1,6.31351,4.29,0,5.91431,0,0,0,0,0,0,0,0,0.142898,-0.105973,0.142898,-0.105973
2026082703,3284,34,0,0,0,1,6.29961,4.27969,0,5.91431,0,0,0,0,0,0,0,0,0.142898,-0.105973,0.142898,-0.105973
2026082703,3285,35,0,0,0,1,6.28571,4.26939,0,5.91431,0,0,0,0,0,0,0,0,0.142898,-0.105973,0.142898,-0.105973
2026082703,3286,36,0,0,0,1,6.27182,4.25908,0,5.91431,0,0,0,0,0,0,0,0,0.142898,-0.105973,0.142898,-0.105973
2026082703,3287,37,0,0,0,1,6.25793,4.24878,0,5.91431,0,0,0,0,0,0,0,0,0.142898,-0.105973,0.142898,-0.105973
2026082703,3288,38,0,0,0,1,6.24404,4.23848,0,5.91431,0,0,0,0,0,0,0,0,0.142898,-0.105973,0.142898,-0.105973
2026082703,3289,39,0,0,0,1,6.23016,4.22819,0,5.91431,0,0,0,0,0,0,0,0,0.142898,-0.105973,0.142898,-0.105973
2026082703,3290,40,1,0,0,1,6.21628,4.21789,4.8072,-0,0,0,0,0,0,0,0,0,0.13841,-0.0711799,0.13841,-0.0711799
2026082703,3291,41,0,0,0,1,6.20421,4.21169,4.8072,-0,0,0,0,0,0,0,0,0,0.13841,-0.0711799,0.13841,-0.0711799
2026082703,3292,42,0,0,0,1,6.19214,4.20548,4.8072,-0,0,0,0,0,0,0,0,0,0.13841,-0.0711799,0.13841,-0.0711799
2026082703,3293,43,0,0,0,1,6.18008,4.19928,4.8072,-0,0,0,0,0,0,0,0,0,0.13841,-0.0711799,0.13841,-0.0711799
2026082703,3294,44,0,0,0,1,6.16801,4.19307,4.8072,-0,0,0,0,0,0,0,0,0,0.13841,-0.0711799,0.13841,-0.0711799
2026082703,3295,45,0,0,0,1,6.15595,4.18687,4.8072,-0,0,0,0,0,0,0,0,0,0.13841,-0.0711799,0.13841,-0.0711799
2026082703,3296,46,0,0,0,1,6.14389,4.18067,4.8072,-0,0,0,0,0,0,0,0,0,0.13841,-0.0711799,0.13841,-0.0711799
2026082703,3297,47,0,0,0,1,6.13184,4.17447,4.8072,-0,0,0,0,0,0,0,0,0,0.13841,-0.0711799,0.13841,-0.0711799
2026082703,3298,48,0,0,0,1,6.11978,4.16827,4.8072,-0,0,0,0,0,0,0,0,0,0.13841,-0.0711799,0.13841,-0.0711799
2026082703,3299,49,0,0,0,1,6.10773,4.16207,4.8072,-0,0,0,0,0,0,0,0,0,0.13841,-0.0711799,0.13841,-0.0711799
2026082703,3300,50,1,0,0,1,6.09568,4.15587,63.3341,49.4948,0,0,0,0,0,0,0,0,0.153083,-0.0942675,0.153083,-0.0942675
2026082703,3301,51,0,0,0,1,6.08072,4.14667,63.3341,49.4948,0,0,0,0,0,0,0,0,0.153083,-0.0942675,0.153083,-0.0942675
2026082703,3302,52,0,0,0,1,6.06578,4.13746,63.3341,49.4948,0,0,0,0,0,0,0,0,0.153083,-0.0942675,0.153083,-0.0942675
2026082703,3303,53,0,0,0,1,6.05083,4.12826,63.3341,49.4948,0,0,0,0,0,0,0,0,0.153083,-0.0942675,0.153083,-0.0942675
2026082703,3304,54,0,0,0,1,6.03589,4.11906,63.3341,49.4948,0,0,0,0,0,0,0,0,0.153083,-0.0942675,0.153083,-0.0942675
2026082703,3305,55,0,0,0,1,6.02095,4.10986,63.3341,49.4948,0,0,0,0,0,0,0,0,0.153083,-0.0942675,0.153083,-0.0942675
2026082703,3306,56,0,0,0,1,6.00602,4.10066,63.3341,49.4948,0,0,0,0,0,0,0,0,0.153083,-0.0942675,0.153083,-0.0942675
2026082703,3307,57,0,0,0,1,5.99108,4.09146,63.3341,49.4948,0,0,0,0,0,0,0,0,0.153083,-0.0942675,0.153083,-0.0942675
2026082703,3308,58,0,0,0,1,5.97615,4.08227,63.3341,49.4948,0,0,0,0,0,0,0,0,0.153083,-0.0942675,0.153083,-0.0942675
2026082703,3309,59,0,0,0,1,5.96123,4.07308,63.3341,49.4948,0,0,0,0,0,0,0,0,0.153083,-0.0942675,0.153083,-0.0942675
2026082703,3310,60,1,0,0,1,5.94631,4.06389,4.8072,-0,0,0,0,0,0,0,0,0,0.12299,-0.0750975,0.12299,-0.0750975
2026082703,3311,61,0,0,0,1,5.9362,4.05772,4.8072,-0,0,0,0,0,0,0,0,0,0.12299,-0.0750975,0.12299,-0.0750975
2026082703,3312,62,0,0,0,1,5.9261,4.05155,4.8072,-0,0,0,0,0,0,0,0,0,0.12299,-0.0750975,0.12299,-0.0750975
2026082703,3313,63,0,0,0,1,5.916,4.04539,4.8072,-0,0,0,0,0,0,0,0,0,0.12299,-0.0750975,0.12299,-0.0750975
2026082703,3314,64,0,0,0,1,5.9059,4.03922,4.8072,-0,0,0,0,0,0,0,0,0,0.12299,-0.0750975,0.12299,-0.0750975
2026082703,3315,65,0,0,0,1,5.8958,4.03305,4.8072,-0,0,0,0,0,0,0,0,0,0.12299,-0.0750975,0.12299,-0.0750975
2026082703,3316,66,0,0,0,1,5.88571,4.02689,4.8072,-0,0,0,0,0,0,0,0,0,0.12299,-0.0750975,0.12299,-0.0750975
2026082703,3317,67,0,0,0,1,5.87561,4.02073,4.8072,-0,0,0,0,0,0,0,0,0,0.12299,-0.0750975,0.12299,-0.0750975
2026082703,3318,68,0,0,0,1,5.86552,4.01456,4.8072,-0,0,0,0,0,0,0,0,0,0.12299,-0.0750975,0.12299,-0.0750975
2026082703,3319,69,0,0,0,1,5.85543,4.0084,4.8072,-0,0,0,0,0,0,0,0,0,0.12299,-0.0750975,0.12299,-0.0750975
2026082703,3320,70,1,0,0,1,5.84534,4.00224,61.7066,58.5269,0,0,0,0,0,0,0,0,0.133659,-0.109653,0.133659,-0.109653
2026082703,3321,71,0,0,0,1,5.83269,3.99187,61.7066,58.5269,0,0,0,0,0,0,0,0,0.133659,-0.109653,0.133659,-0.109653
2026082703,3322,72,0,0,0,1,5.82005,3.9815,61.7066,58.5269,0,0,0,0,0,0,0,0,0.133659,-0.109653,0.133659,-0.109653
2026082703,3323,73,0,0,0,1,5.80742,3.97113,61.7066,58.5269,0,0,0,0,0,0,0,0,0.133659,-0.109653,0.133659,-0.109653
2026082703,3324,74,0,0,0,1,5.79478,3.96076,61.7066,58.5269,0,0,0,0,0,0,0,0,0.133659,-0.109653,0.133659,-0.109653
2026082703,3325,75,0,0,0,1,5.78215,3.9504,61.7066,58.5269,0,0,0,0,0,0,0,0,0.133659,-0.109653,0.133659,-0.109653
2026082703,3326,76,0,0,0,1,5.76952,3.94004,61.7066,58.5269,0,0,0,0,0,0,0,0,0.133659,-0.109653,0.133659,-0.109653
2026082703,3327,77,0,0,0,1,5.75689,3.92968,61.7066,58.5269,0,0,0,0,0,0,0,0,0.133659,-0.109653,0.133659,-0.109653
2026082703,3328,78,0,0,0,1,5.74426,3.91932,61.7066,58.5269,0,0,0,0,0,0,0,0,0.133659,-0.109653,0.133659,-0.109653
2026082703,3329,79,0,0,0,1,5.73164,3.90896,61.7066,58.5269,0,0,0,0,0,0,0,0,0.133659,-0.109653,0.133659,-0.109653
2026082703,3330,80,1,0,0,1,5.71902,3.89861,61.7066,-0,0,0,0,0,0,0,0,0,0.145846,-0.0852967,0.145846,-0.0852967
2026082703,3331,81,0,0,0,1,5.70549,3.8907,61.7066,-0,0,0,0,0,0,0,0,0,0.145846,-0.0852967,0.145846,-0.0852967
2026082703,3332,82,0,0,0,1,5.69196,3.88279,61.7066,-0,0,0,0,0,0,0,0,0,0.145846,-0.0852967,0.145846,-0.0852967
2026082703,3333,83,0,0,0,1,5.67844,3.87488,61.7066,-0,0,0,0,0,0,0,0,0,0.145846,-0.0852967,0.145846,-0.0852967
2026082703,3334,84,0,0,0,1,5.66492,3.86697,61.7066,-0,0,0,0,0,0,0,0,0,0.145846,-0.0852967,0.145846,-0.0852967
2026082703,3335,85,0,0,0,1,5.6514,3.85906,61.7066,-0,0,0,0,0,0,0,0,0,0.145846,-0.0852967,0.145846,-0.0852967
2026082703,3336,86,0,0,0,1,5.63789,3.85116,61.7066,-0,0,0,0,0,0,0,0,0,0.145846,-0.0852967,0.145846,-0.0852967
2026082703,3337,87,0,0,0,1,5.62437,3.84326,61.7066,-0,0,0,0,0,0,0,0,0,0.145846,-0.0852967,0.145846,-0.0852967
2026082703,3338,88,0,0,0,1,5.61086,3.83535,61.7066,-0,0,0,0,0,0,0,0,0,0.145846,-0.0852967,0.145846,-0.0852967
2026082703,3339,89,0,0,0,1,5.59735,3.82745,61.7066,-0,0,0,0,0,0,0,0,0,0.145846,-0.0852967,0.145846,-0.0852967
2026082703,3340,90,1,0,0,1,5.58385,3.81956,61.7066,-13.1857,0,0,0,0,0,0,0,0,0.116655,-0.0606011,0.116655,-0.0606011
2026082703,3341,91,0,0,0,1,5.57483,3.81487,61.7066,-13.1857,0,0,0,0,0,0,0,0,0.116655,-0.0606011,0.116655,-0.0606011
2026082703,3342,92,0,0,0,1,5.56582,3.81019,61.7066,-13.1857,0,0,0,0,0,0,0,0,0.116655,-0.0606011,0.116655,-0.0606011
2026082703,3343,93,0,0,0,1,5.55681,3.80551,61.7066,-13.1857,0,0,0,0,0,0,0,0,0.116655,-0.0606011,0.116655,-0.0606011
2026082703,3344,94,0,0,0,1,5.5478,3.80083,61.7066,-13.1857,0,0,0,0,0,0,0,0,0.116655,-0.0606011,0.116655,-0.0606011
2026082703,3345,95,0,0,0,1,5.53879,3.79615,61.7066,-13.1857,0,0,0,0,0,0,0,0,0.116655,-0.0606011,0.116655,-0.0606011
2026082703,3346,96,0,0,0,1,5.52978,3.79147,61.7066,-13.1857,0,0,0,0,0,0,0,0,0.116655,-0.0606011,0.116655,-0.0606011
2026082703,3347,97,0,0,0,1,5.52077,3.78679,61.7066,-13.1857,0,0,0,0,0,0,0,0,0.116655,-0.0606011,0.116655,-0.0606011
2026082703,3348,98,0,0,0,1,5.51177,3.78211,61.7066,-13.1857,0,0,0,0,0,0,0,0,0.116655,-0.0606011,0.116655,-0.0606011
2026082703,3349,99,0,0,0,1,5.50276,3.77743,61.7066,-13.1857,0,0,0,0,0,0,0,0,0.116655,-0.0606011,0.116655,-0.0606011
2026082703,3350,100,1,0,0,1,5.49376,3.77276,57.7201,-13.1856,0,0,0,0,0,0,0,0,0.132668,-0.0862225,0.132668,-0.0862225
2026082703,3351,101,0,0,0,1,5.48214,3.7652,57.7201,-13.1856,0,0,0,0,0,0,0,0,0.132668,-0.0862225,0.132668,-0.0862225
2026082703,3352,102,0,0,0,1,5.47053,3.75766,57.7201,-13.1856,0,0,0,0,0,0,0,0,0.132668,-0.0862225,0.132668,-0.0862225
2026082703,3353,103,0,0,0,1,5.45891,3.75011,57.7201,-13.1856,0,0,0,0,0,0,0,0,0.132668,-0.0862225,0.132668,-0.0862225
2026082703,3354,104,0,0,0,1,5.4473,3.74256,57.7201,-13.1856,0,0,0,0,0,0,0,0,0.132668,-0.0862225,0.132668,-0.0862225
2026082703,3355,105,0,0,0,1,5.43569,3.73501,57.7201,-13.1856,0,0,0,0,0,0,0,0,0.132668,-0.0862225,0.132668,-0.0862225
2026082703,3356,106,0,0,0,1,5.42408,3.72747,57.7201,-13.1856,0,0,0,0,0,0,0,0,0.132668,-0.0862225,0.132668,-0.0862225
2026082703,3357,107,0,0,0,1,5.41247,3.71993,57.7201,-13.1856,0,0,0,0,0,0,0,0,0.132668,-0.0862225,0.132668,-0.0862225
2026082703,3358,108,0,0,0,1,5.40087,3.71238,57.7201,-13.1856,0,0,0,0,0,0,0,0,0.132668,-0.0862225,0.132668,-0.0862225
2026082703,3359,109,0,0,0,1,5.38926,3.70484,57.7201,-13.1856,0,0,0,0,0,0,0,0,0.132668,-0.0862225,0.132668,-0.0862225
2026082703,3360,110,1,0,0,1,5.37766,3.6973,33.6117,-9.72116,0,0,0,0,0,0,0,0,0.135304,-0.0723618,0.135304,-0.0723618
2026082703,3361,111,0,0,0,1,5.36616,3.69115,33.6117,-9.72116,0,0,0,0,0,0,0,0,0.135304,-0.0723618,0.135304,-0.0723618
2026082703,3362,112,0,0,0,1,5.35466,3.685,33.6117,-9.72116,0,0,0,0,0,0,0,0,0.135304,-0.0723618,0.135304,-0.0723618
2026082703,3363,113,0,0,0,1,5.34316,3.67885,33.6117,-9.72116,0,0,0,0,0,0,0,0,0.135304,-0.0723618,0.135304,-0.0723618
2026082703,3364,114,0,0,0,1,5.33166,3.6727,33.6117,-9.72116,0,0,0,0,0,0,0,0,0.135304,-0.0723618,0.135304,-0.0723618
2026082703,3365,115,0,0,0,1,5.32016,3.66655,33.6117,-9.72116,0,0,0,0,0,0,0,0,0.135304,-0.0723618,0.135304,-0.0723618
2026082703,3366,116,0,0,0,1,5.30866,3.6604,33.6117,-9.72116,0,0,0,0,0,0,0,0,0.135304,-0.0723618,0.135304,-0.0723618
2026082703,3367,117,0,0,0,1,5.29717,3.65425,33.6117,-9.72116,0,0,0,0,0,0,0,0,0.135304,-0.0723618,0.135304,-0.0723618
2026082703,3368,118,0,0,0,1,5.28568,3.64811,33.6117,-9.72116,0,0,0,0,0,0,0,0,0.135304,-0.0723618,0.135304,-0.0723618
2026082703,3369,119,0,0,0,1,5.27419,3.64196,33.6117,-9.72116,0,0,0,0,0,0,0,0,0.135304,-0.0723618,0.135304,-0.0723618
2026082703,3370,120,1,0,0,1,5.2627,3.63582,42.9088,-0,0,0,0,0,0,0,0,0,0.131659,-0.0893337,0.131659,-0.0893337
2026082703,3371,121,0,0,0,1,5.25115,3.62798,42.9088,-0,0,0,0,0,0,0,0,0,0.131659,-0.0893337,0.131659,-0.0893337
2026082703,3372,122,0,0,0,1,5.2396,3.62015,42.9088,-0,0,0,0,0,0,0,0,0,0.131659,-0.0893337,0.131659,-0.0893337
2026082703,3373,123,0,0,0,1,5.22805,3.61231,42.9088,-0,0,0,0,0,0,0,0,0,0.131659,-0.0893337,0.131659,-0.0893337
2026082703,3374,124,0,0,0,1,5.21651,3.60448,42.9088,-0,0,0,0,0,0,0,0,0,0.131659,-0.0893337,0.131659,-0.0893337
2026082703,3375,125,0,0,0,1,5.20497,3.59665,42.9088,-0,0,0,0,0,0,0,0,0,0.131659,-0.0893337,0.131659,-0.0893337
2026082703,3376,126,0,0,0,1,5.19343,3.58882,42.9088,-0,0,0,0,0,0,0,0,0,0.131659,-0.0893337,0.131659,-0.0893337
2026082703,3377,127,0,0,0,1,5.18189,3.58099,42.9088,-0,0,0,0,0,0,0,0,0,0.131659,-0.0893337,0.131659,-0.0893337
2026082703,3378,128,0,0,0,1,5.17035,3.57316,42.9088,-0,0,0,0,0,0,0,0,0,0.131659,-0.0893337,0.131659,-0.0893337
2026082703,3379,129,0,0,0,1,5.15882,3.56534,42.9088,-0,0,0,0,0,0,0,0,0,0.131659,-0.0893337,0.131659,-0.0893337
2026082703,3380,130,1,0,0,1,5.14729,3.55751,33.6117,-9.72116,0,0,0,0,0,0,0,0,0.125367,-0.053647,0.125367,-0.053647
2026082703,3381,131,0,0,0,1,5.13743,3.55329,33.6117,-9.72116,0,0,0,0,0,0,0,0,0.125367,-0.053647,0.125367,-0.053647
2026082703,3382,132,0,0,0,1,5.12758,3.54908,33.6117,-9.72116,0,0,0,0,0,0,0,0,0.125367,-0.053647,0.125367,-0.053647
2026082703,3383,133,0,0,0,1,5.11772,3.54486,33.6117,-9.72116,0,0,0,0,0,0,0,0,0.125367,-0.053647,0.125367,-0.053647
2026082703,3384,134,0,0,0,1,5.10787,3.54064,33.6117,-9.72116,0,0,0,0,0,0,0,0,0.125367,-0.053647,0.125367,-0.053647
2026082703,3385,135,0,0,0,1,5.09802,3.53643,33.6117,-9.72116,0,0,0,0,0,0,0,0,0.125367,-0.053647,0.125367,-0.053647
2026082703,3386,136,0,0,0,1,5.08817,3.53221,33.6117,-9.72116,0,0,0,0,0,0,0,0,0.125367,-0.053647,0.125367,-0.053647
2026082703,3387,137,0,0,0,1,5.07832,3.528,33.6117,-9.72116,0,0,0,0,0,0,0,0,0.125367,-0.053647,0.125367,-0.053647
2026082703,3388,138,0,0,0,1,5.06847,3.52378,33.6117,-9.72116,0,0,0,0,0,0,0,0,0.125367,-0.053647,0.125367,-0.053647
2026082703,3389,139,0,0,0,1,5.05863,3.51957,33.6117,-9.72116,0,0,0,0,0,0,0,0,0.125367,-0.053647,0.125367,-0.053647
2026082703,3390,140,1,0,0,1,5.04878,3.51536,20.144,-0,0,0,0,0,0,0,0,0,0.123509,-0.0792284,0.123509,-0.0792284
2026082703,3391,141,0,0,0,1,5.03866,3.50887,20.144,-0,0,0,0,0,0,0,0,0,0.123509,-0.0792284,0.123509,-0.0792284
2026082703,3392,142,0,0,0,1,5.02854,3.50237,20.144,-0,0,0,0,0,0,0,0,0,0.123509,-0.0792284,0.123509,-0.0792284
2026082703,3393,143,0,0,0,1,5.01842,3.49588,20.144,-0,0,0,0,0,0,0,0,0,0.123509,-0.0792284,0.123509,-0.0792284
2026082703,3394,144,0,0,0,1,5.00831,3.48939,20.144,-0,0,0,0,0,0,0,0,0,0.123509,-0.0792284,0.123509,-0.0792284
2026082703,3395,145,0,0,0,1,4.99819,3.4829,20.144,-0,0,0,0,0,0,0,0,0,0.123509,-0.0792284,0.123509,-0.0792284
2026082703,3396,146,0,0,0,1,4.98808,3.47642,20.144,-0,0,0,0,0,0,0,0,0,0.123509,-0.0792284,0.123509,-0.0792284
2026082703,3397,147,0,0,0,1,4.97796,3.46993,20.144,-0,0,0,0,0,0,0,0,0,0.123509,-0.0792284,0.123509,-0.0792284
2026082703,3398,148,0,0,0,1,4.96785,3.46344,20.144,-0,0,0,0,0,0,0,0,0,0.123509,-0.0792284,0.123509,-0.0792284
2026082703,3399,149,0,0,0,1,4.95774,3.45696,20.144,-0,0,0,0,0,0,0,0,0,0.123509,-0.0792284,0.123509,-0.0792284
2026082703,3400,150,1,0,0,1,4.94763,3.45047,20.144,-5.4855,0,0,0,0,0,0,0,0,0.145979,-0.0603612,0.145979,-0.0603612
2026082703,3401,151,0,0,0,1,4.93496,3.44523,20.144,-5.4855,0,0,0,0,0,0,0,0,0.145979,-0.0603612,0.145979,-0.0603612
2026082703,3402,152,0,0,0,1,4.92229,3.44,20.144,-5.4855,0,0,0,0,0,0,0,0,0.145979,-0.0603612,0.145979,-0.0603612
2026082703,3403,153,0,0,0,1,4.90962,3.43476,20.144,-5.4855,0,0,0,0,0,0,0,0,0.145979,-0.0603612,0.145979,-0.0603612
2026082703,3404,154,0,0,0,1,4.89696,3.42952,20.144,-5.4855,0,0,0,0,0,0,0,0,0.145979,-0.0603612,0.145979,-0.0603612
2026082703,3405,155,0,0,0,1,4.88429,3.42428,20.144,-5.4855,0,0,0,0,0,0,0,0,0.145979,-0.0603612,0.145979,-0.0603612
2026082703,3406,156,0,0,0,1,4.87163,3.41905,20.144,-5.4855,0,0,0,0,0,0,0,0,0.145979,-0.0603612,0.145979,-0.0603612
2026082703,3407,157,0,0,0,1,4.85897,3.41381,20.144,-5.4855,0,0,0,0,0,0,0,0,0.145979,-0.0603612,0.145979,-0.0603612
2026082703,3408,158,0,0,0,1,4.84631,3.40858,20.144,-5.4855,0,0,0,0,0,0,0,0,0.145979,-0.0603612,0.145979,-0.0603612
2026082703,3409,159,0,0,0,1,4.83366,3.40335,20.144,-5.4855,0,0,0,0,0,0,0,0,0.145979,-0.0603612,0.145979,-0.0603612
2026082703,3410,160,1,0,0,1,4.821,3.39811,20.144,-0,0,0,0,0,0,0,0,0,0.0979789,-0.0965982,0.0979789,-0.0965982
2026082703,3411,161,0,0,0,1,4.81329,3.39051,20.144,-0,0,0,0,0,0,0,0,0,0.0891298,-0.0965982,0.0891298,-0.0965982
2026082703,3412,162,0,0,0,1,4.80647,3.38312,20.144,-0,0,0,0,0,0,0,0,0,0.0891298,-0.0965982,0.0891298,-0.0965982
2026082703,3413,163,0,0,0,1,4.79966,3.37573,20.144,-0,0,0,0,0,0,0,0,0,0.0891298,-0.0965982,0.0891298,-0.0965982
2026082703,3414,164,0,0,0,1,4.79284,3.36835,20.144,-0,0,0,0,0,0,0,0,0,0.0891298,-0.0965982,0.0891298,-0.0965982
2026082703,3415,165,0,0,0,1,4.78603,3.36096,20.144,-0,0,0,0,0,0,0,0,0,0.0891298,-0.0965982,0.0891298,-0.0965982
2026082703,3416,166,0,0,0,1,4.77921,3.35358,20.144,-0,0,0,0,0,0,0,0,0,0.0891298,-0.0965982,0.0891298,-0.0965982
2026082703,3417,167,0,0,0,1,4.7724,3.3462,20.144,-0,0,0,0,0,0,0,0,0,0.0891298,-0.0965982,0.0891298,-0.0965982
2026082703,3418,168,0,0,0,1,4.76559,3.33881,20.144,-0,0,0,0,0,0,0,0,0,0.0891298,-0.0965982,0.0891298,-0.0965982
2026082703,3419,169,0,0,0,1,4.75878,3.33143,20.144,-0,0,0,0,0,0,0,0,0,0.0891298,-0.0965982,0.0891298,-0.0965982
2026082703,3420,170,1,0,0,1,4.75197,3.32405,78.6709,7.93518,0,0,0,0,0,0,0,0,0.142971,-0.0689667,0.142971,-0.0689667
2026082703,3421,171,0,0,0,1,4.73954,3.31805,78.6709,7.93518,0,0,0,0,0,0,0,0,0.142971,-0.0689667,0.142971,-0.0689667
2026082703,3422,172,0,0,0,1,4.72711,3.31206,78.6709,7.93518,0,0,0,0,0,0,0,0,0.142971,-0.0689667,0.142971,-0.0689667
2026082703,3423,173,0,0,0,1,4.71468,3.30606,78.6709,7.93518,0,0,0,0,0,0,0,0,0.142971,-0.0689667,0.142971,-0.0689667
2026082703,3424,174,0,0,0,1,4.70225,3.30007,78.6709,7.93518,0,0,0,0,0,0,0,0,0.142971,-0.0689667,0.142971,-0.0689667
2026082703,3425,175,0,0,0,1,4.68983,3.29408,78.6709,7.93518,0,0,0,0,0,0,0,0,0.142971,-0.0689667,0.142971,-0.0689667
2026082703,3426,176,0,0,0,1,4.67741,3.28808,78.6709,7.93518,0,0,0,0,0,0,0,0,0.142971,-0.0689667,0.142971,-0.0689667
2026082703,3427,177,0,0,0,1,4.66499,3.28209,78.6709,7.93518,0,0,0,0,0,0,0,0,0.142971,-0.0689667,0.142971,-0.0689667
2026082703,3428,178,0,0,0,1,4.65257,3.2761,78.6709,7.93518,0,0,0,0,0,0,0,0,0.142971,-0.0689667,0.142971,-0.0689667
2026082703,3429,179,0,0,0,1,4.64015,3.27011,78.6709,7.93518,0,0,0,0,0,0,0,0,0.142971,-0.0689667,0.142971,-0.0689667
2026082703,3430,180,1,0,0,1,4.62774,3.26412,0,58.7253,0,0,0,0,0,0,0,0,0.0949706,-0.106555,0.0949706,-0.106555
2026082703,3431,181,0,0,0,1,4.62012,3.25557,0,58.7253,0,0,0,0,0,0,0,0,0.0879805,-0.106555,0.0879805,-0.106555
2026082703,3432,182,0,0,0,1,4.61319,3.24718,0,58.7253,0,0,0,0,0,0,0,0,0.0879805,-0.106555,0.0879805,-0.106555
2026082703,3433,183,0,0,0,1,4.60627,3.2388,0,58.7253,0,0,0,0,0,0,0,0,0.0879805,-0.106555,0.0879805,-0.106555
2026082703,3434,184,0,0,0,1,4.59934,3.23041,0,58.7253,0,0,0,0,0,0,0,0,0.0879805,-0.106555,0.0879805,-0.106555
2026082703,3435,185,0,0,0,1,4.59242,3.22203,0,58.7253,0,0,0,0,0,0,0,0,0.0879805,-0.106555,0.0879805,-0.106555
2026082703,3436,186,0,0,0,1,4.5855,3.21364,0,58.7253,0,0,0,0,0,0,0,0,0.0879805,-0.106555,0.0879805,-0.106555
2026082703,3437,187,0,0,0,1,4.57858,3.20526,0,58.7253,0,0,0,0,0,0,0,0,0.0879805,-0.106555,0.0879805,-0.106555
2026082703,3438,188,0,0,0,1,4.57165,3.19688,0,58.7253,0,0,0,0,0,0,0,0,0.0879805,-0.106555,0.0879805,-0.106555
2026082703,3439,189,0,0,0,1,4.56473,3.1885,0,58.7253,0,0,0,0,0,0,0,0,0.0879805,-0.106555,0.0879805,-0.106555
2026082703,3440,190,1,0,0,1,4.55782,3.18012,58.5269,7.93518,0,0,0,0,0,0,0,0,0.1315,-0.0628634,0.1315,-0.0628634
2026082703,3441,191,0,0,0,1,4.54715,3.17502,58.5269,7.93518,0,0,0,0,0,0,0,0,0.1315,-0.0628634,0.1315,-0.0628634
2026082703,3442,192,0,0,0,1,4.53649,3.16992,58.5269,7.93518,0,0,0,0,0,0,0,0,0.1315,-0.0628634,0.1315,-0.0628634
2026082703,3443,193,0,0,0,1,4.52582,3.16482,58.5269,7.93518,0,0,0,0,0,0,0,0,0.1315,-0.0628634,0.1315,-0.0628634
2026082703,3444,194,0,0,0,1,4.51516,3.15973,58.5269,7.93518,0,0,0,0,0,0,0,0,0.1315,-0.0628634,0.1315,-0.0628634
2026082703,3445,195,0,0,0,1,4.5045,3.15463,58.5269,7.93518,0,0,0,0,0,0,0,0,0.1315,-0.0628634,0.1315,-0.0628634
2026082703,3446,196,0,0,0,1,4.49384,3.14953,58.5269,7.93518,0,0,0,0,0,0,0,0,0.1315,-0.0628634,0.1315,-0.0628634
2026082703,3447,197,0,0,0,1,4.48319,3.14444,58.5269,7.93518,0,0,0,0,0,0,0,0,0.1315,-0.0628634,0.1315,-0.0628634
2026082703,3448,198,0,0,0,1,4.47253,3.13935,58.5269,7.93518,0,0,0,0,0,0,0,0,0.1315,-0.0628634,0.1315,-0.0628634
2026082703,3449,199,0,0,0,1,4.46188,3.13425,58.5269,7.93518,0,0,0,0,0,0,0,0,0.1315,-0.0628634,0.1315,-0.0628634
2026082703,3450,200,1,0,0,1,4.45122,3.12916,2.81508,-0,0,0,0,0,0,0,0,0,0.127195,-0.0600816,0.127195,-0.0600816
2026082703,3451,201,0,0,0,1,4.44113,3.12439,2.81508,-0,0,0,0,0,0,0,0,0,0.127195,-0.0600816,0.127195,-0.0600816
2026082703,3452,202,0,0,0,1,4.43103,3.11962,2.81508,-0,0,0,0,0,0,0,0,0,0.127195,-0.0600816,0.127195,-0.0600816
2026082703,3453,203,0,0,0,1,4.42094,3.11485,2.81508,-0,0,0,0,0,0,0,0,0,0.127195,-0.0600816,0.127195,-0.0600816
2026082703,3454,204,0,0,0,1,4.41084,3.11009,2.81508,-0,0,0,0,0,0,0,0,0,0.127195,-0.0600816,0.127195,-0.0600816
2026082703,3455,205,0,0,0,1,4.40075,3.10532,2.81508,-0,0,0,0,0,0,0,0,0,0.127195,-0.0600816,0.127195,-0.0600816
2026082703,3456,206,0,0,0,1,4.39066,3.10055,2.81508,-0,0,0,0,0,0,0,0,0,0.127195,-0.0600816,0.127195,-0.0600816
2026082703,3457,207,0,0,0,1,4.38057,3.09579,2.81508,-0,0,0,0,0,0,0,0,0,0.127195,-0.0600816,0.127195,-0.0600816
2026082703,3458,208,0,0,0,1,4.37048,3.09102,2.81508,-0,0,0,0,0,0,0,0,0,0.127195,-0.0600816,0.127195,-0.0600816
2026082703,3459,209,0,0,0,1,4.3604,3.08626,2.81508,-0,0,0,0,0,0,0,0,0,0.127195,-0.0600816,0.127195,-0.0600816
2026082703,3460,210,1,0,0,1,4.35031,3.08149,34.5359,-20.6327,0,0,0,0,0,0,0,0,0.119783,-0.0902882,0.119783,-0.0902882
2026082703,3461,211,0,0,0,1,4.34047,3.07407,34.5359,-20.6327,0,0,0,0,0,0,0,0,0.119783,-0.0902882,0.119783,-0.0902882
2026082703,3462,212,0,0,0,1,4.33062,3.06665,34.5359,-20.6327,0,0,0,0,0,0,0,0,0.119783,-0.0902882,0.119783,-0.0902882
2026082703,3463,213,0,0,0,1,4.32078,3.05924,34.5359,-20.6327,0,0,0,0,0,0,0,0,0.119783,-0.0902882,0.119783,-0.0902882
2026082703,3464,214,0,0,0,1,4.31094,3.05182,34.5359,-20.6327,0,0,0,0,0,0,0,0,0.119783,-0.0902882,0.119783,-0.0902882
2026082703,3465,215,0,0,0,1,4.3011,3.0444,34.5359,-20.6327,0,0,0,0,0,0,0,0,0.119783,-0.0902882,0.119783,-0.0902882
2026082703,3466,216,0,0,0,1,4.29127,3.03699,34.5359,-20.6327,0,0,0,0,0,0,0,0,0.119783,-0.0902882,0.119783,-0.0902882
2026082703,3467,217,0,0,0,1,4.28143,3.02957,34.5359,-20.6327,0,0,0,0,0,0,0,0,0.119783,-0.0902882,0.119783,-0.0902882
2026082703,3468,218,0,0,0,1,4.27159,3.02216,34.5359,-20.6327,0,0,0,0,0,0,0,0,0.119783,-0.0902882,0.119783,-0.0902882
2026082703,3469,219,0,0,0,1,4.26176,3.01475,34.5359,-20.6327,0,0,0,0,0,0,0,0,0.119783,-0.0902882,0.119783,-0.0902882
2026082703,3470,220,1,0,0,1,4.25193,3.00733,2.81508,-0,0,0,0,0,0,0,0,0,0.102661,-0.10363,0.102661,-0.10363
2026082703,3471,221,0,0,0,1,4.24363,2.99896,2.81508,-0,0,0,0,0,0,0,0,0,0.102661,-0.10363,0.102661,-0.10363
2026082703,3472,222,0,0,0,1,4.23533,2.99058,2.81508,-0,0,0,0,0,0,0,0,0,0.102661,-0.10363,0.102661,-0.10363
2026082703,3473,223,0,0,0,1,4.22703,2.9822,2.81508,-0,0,0,0,0,0,0,0,0,0.102661,-0.10363,0.102661,-0.10363
2026082703,3474,224,0,0,0,1,4.21874,2.97383,2.81508,-0,0,0,0,0,0,0,0,0,0.102661,-0.10363,0.102661,-0.10363
2026082703,3475,225,0,0,0,1,4.21044,2.96546,2.81508,-0,0,0,0,0,0,0,0,0,0.102661,-0.10363,0.102661,-0.10363
2026082703,3476,226,0,0,0,1,4.20215,2.95708,2.81508,-0,0,0,0,0,0,0,0,0,0.102661,-0.10363,0.102661,-0.10363
2026082703,3477,227,0,0,0,1,4.19385,2.94871,2.81508,-0,0,0,0,0,0,0,0,0,0.102661,-0.10363,0.102661,-0.10363
2026082703,3478,228,0,0,0,1,4.18556,2.94034,2.81508,-0,0,0,0,0,0,0,0,0,0.102661,-0.10363,0.102661,-0.10363
2026082703,3479,229,0,0,0,1,4.17727,2.93197,2.81508,-0,0,0,0,0,0,0,0,0,0.102661,-0.10363,0.102661,-0.10363
2026082703,3480,230,1,0,0,1,4.16898,2.9236,33.5798,58.4292,0,0,0,0,0,0,0,0,0.133814,-0.05563,0.133814,-0.05563
2026082703,3481,231,0,0,0,1,4.15821,2.91913,33.5798,58.4292,0,0,0,0,0,0,0,0,0.133814,-0.0401691,0.133814,-0.0401691
2026082703,3482,232,0,0,0,1,4.14767,2.91596,33.5798,58.4292,0,0,0,0,0,0,0,0,0.133814,-0.0401691,0.133814,-0.0401691
2026082703,3483,233,0,0,0,1,4.13713,2.9128,33.5798,58.4292,0,0,0,0,0,0,0,0,0.133814,-0.0401691,0.133814,-0.0401691
2026082703,3484,234,0,0,0,1,4.1266,2.90964,33.5798,58.4292,0,0,0,0,0,0,0,0,0.133814,-0.0401691,0.133814,-0.0401691
2026082703,3485,235,0,0,0,1,4.11606,2.90647,33.5798,58.4292,0,0,0,0,0,0,0,0,0.133814,-0.0401691,0.133814,-0.0401691
2026082703,3486,236,0,0,0,1,4.10552,2.90331,33.5798,58.4292,0,0,0,0,0,0,0,0,0.133814,-0.0401691,0.133814,-0.0401691
2026082703,3487,237,0,0,0,1,4.09499,2.90015,33.5798,58.4292,0,0,0,0,0,0,0,0,0.133814,-0.0401691,0.133814,-0.0401691
2026082703,3488,238,0,0,0,1,4.08446,2.89699,33.5798,58.4292,0,0,0,0,0,0,0,0,0.133814,-0.0401691,0.133814,-0.0401691
2026082703,3489,239,0,0,0,1,4.07392,2.89382,33.5798,58.4292,0,0,0,0,0,0,0,0,0.133814,-0.0401691,0.133814,-0.0401691
2026082703,3490,240,1,0,0,1,4.06339,2.89066,33.5798,58.4292,0,0,0,0,0,0,0,0,0.120827,-0.0888866,0.120827,-0.0888866
2026082703,3491,241,0,0,0,1,4.0535,2.88338,33.5798,58.4292,0,0,0,0,0,0,0,0,0.120827,-0.0888866,0.120827,-0.0888866
2026082703,3492,242,0,0,0,1,4.0436,2.87611,33.5798,58.4292,0,0,0,0,0,0,0,0,0.120827,-0.0888866,0.120827,-0.0888866
2026082703,3493,243,0,0,0,1,4.03371,2.86883,33.5798,58.4292,0,0,0,0,0,0,0,0,0.120827,-0.0888866,0.120827,-0.0888866
2026082703,3494,244,0,0,0,1,4.02382,2.86155,33.5798,58.4292,0,0,0,0,0,0,0,0,0.120827,-0.0888866,0.120827,-0.0888866
2026082703,3495,245,0,0,0,1,4.01393,2.85428,33.5798,58.4292,0,0,0,0,0,0,0,0,0.120827,-0.0888866,0.120827,-0.0888866
2026082703,3496,246,0,0,0,1,4.00404,2.847,33.5798,58.4292,0,0,0,0,0,0,0,0,0.120827,-0.0888866,0.120827,-0.0888866
2026082703,3497,247,0,0,0,1,3.99416,2.83973,33.5798,58.4292,0,0,0,0,0,0,0,0,0.120827,-0.0888866,0.120827,-0.0888866
2026082703,3498,248,0,0,0,1,3.98427,2.83246,33.5798,58.4292,0,0,0,0,0,0,0,0,0.120827,-0.0888866,0.120827,-0.0888866
2026082703,3499,249,0,0,0,1,3.97438,2.82518,33.5798,58.4292,0,0,0,0,0,0,0,0,0.120827,-0.0888866,0.120827,-0.0888866
2026082703,3500,250,1,0,0,1,3.9645,2.81791,33.5798,-0,0,0,0,0,0,0,0,0,0.0844078,-0.044406,0.0844078,-0.044406
2026082703,3501,251,0,0,0,1,3.95935,2.8152,33.5798,-0,0,0,0,0,0,0,0,0,0.0844078,-0.044406,0.0844078,-0.044406
2026082703,3502,252,0,0,0,1,3.95419,2.81249,33.5798,-0,0,0,0,0,0,0,0,0,0.0844078,-0.044406,0.0844078,-0.044406
2026082703,3503,253,0,0,0,1,3.94904,2.80978,33.5798,-0,0,0,0,0,0,0,0,0,0.0844078,-0.044406,0.0844078,-0.044406
2026082703,3504,254,0,0,0,1,3.94389,2.80707,33.5798,-0,0,0,0,0,0,0,0,0,0.0844078,-0.044406,0.0844078,-0.044406
2026082703,3505,255,0,0,0,1,3.93874,2.80436,33.5798,-0,0,0,0,0,0,0,0,0,0.0844078,-0.044406,0.0844078,-0.044406
2026082703,3506,256,0,0,0,1,3.93359,2.80165,33.5798,-0,0,0,0,0,0,0,0,0,0.0844078,-0.044406,0.0844078,-0.044406
2026082703,3507,257,0,0,0,1,3.92843,2.79894,33.5798,-0,0,0,0,0,0,0,0,0,0.0844078,-0.044406,0.0844078,-0.044406
2026082703,3508,258,0,0,0,1,3.92328,2.79623,33.5798,-0,0,0,0,0,0,0,0,0,0.0844078,-0.044406,0.0844078,-0.044406
2026082703,3509,259,0,0,0,1,3.91813,2.79352,33.5798,-0,0,0,0,0,0,0,0,0,0.0844078,-0.044406,0.0844078,-0.044406
2026082703,3510,260,1,0,0,1,3.91298,2.79081,38.6021,58.5269,0,0,0,0,0,0,0,0,0.116007,-0.095092,0.116007,-0.095092
2026082703,3511,261,0,0,0,1,3.9035,2.78304,38.6021,58.5269,0,0,0,0,0,0,0,0,0.116007,-0.095092,0.116007,-0.095092
2026082703,3512,262,0,0,0,1,3.89402,2.77526,38.6021,58.5269,0,0,0,0,0,0,0,0,0.116007,-0.095092,0.116007,-0.095092
2026082703,3513,263,0,0,0,1,3.88454,2.76749,38.6021,58.5269,0,0,0,0,0,0,0,0,0.116007,-0.095092,0.116007,-0.095092
2026082703,3514,264,0,0,0,1,3.87506,2.75972,38.6021,58.5269,0,0,0,0,0,0,0,0,0.116007,-0.095092,0.116007,-0.095092
2026082703,3515,265,0,0,0,1,3.86558,2.75195,38.6021,58.5269,0,0,0,0,0,0,0,0,0.116007,-0.095092,0.116007,-0.095092
2026082703,3516,266,0,0,0,1,3.8561,2.74418,38.6021,58.5269,0,0,0,0,0,0,0,0,0.116007,-0.095092,0.116007,-0.095092
2026082703,3517,267,0,0,0,1,3.84662,2.73641,38.6021,58.5269,0,0,0,0,0,0,0,0,0.116007,-0.095092,0.116007,-0.095092
2026082703,3518,268,0,0,0,1,3.83715,2.72865,38.6021,58.5269,0,0,0,0,0,0,0,0,0.116007,-0.095092,0.116007,-0.095092
2026082703,3519,269,0,0,0,1,3.82767,2.72088,38.6021,58.5269,0,0,0,0,0,0,0,0,0.116007,-0.095092,0.116007,-0.095092
2026082703,3520,270,1,0,0,1,3.8182,2.71312,38.6021,31.7131,0,0,0,0,0,0,0,0,0.117085,-0.0937613,0.117085,-0.0937613
2026082703,3521,271,0,0,0,1,3.80864,2.70546,38.6021,31.7131,0,0,0,0,0,0,0,0,0.117085,-0.0937613,0.117085,-0.0937613
2026082703,3522,272,0,0,0,1,3.79908,2.69781,38.6021,31.7131,0,0,0,0,0,0,0,0,0.117085,-0.0937613,0.117085,-0.0937613
2026082703,3523,273,0,0,0,1,3.78952,2.69015,38.6021,31.7131,0,0,0,0,0,0,0,0,0.117085,-0.0937613,0.117085,-0.0937613
2026082703,3524,274,0,0,0,1,3.77997,2.6825,38.6021,31.7131,0,0,0,0,0,0,0,0,0.117085,-0.0937613,0.117085,-0.0937613
2026082703,3525,275,0,0,0,1,3.77041,2.67485,38.6021,31.7131,0,0,0,0,0,0,0,0,0.117085,-0.0937613,0.117085,-0.0937613
2026082703,3526,276,0,0,0,1,3.76086,2.6672,38.6021,31.7131,0,0,0,0,0,0,0,0,0.117085,-0.0937613,0.117085,-0.0937613
2026082703,3527,277,0,0,0,1,3.75131,2.65955,38.6021,31.7131,0,0,0,0,0,0,0,0,0.117085,-0.0937613,0.117085,-0.0937613
2026082703,3528,278,0,0,0,1,3.74175,2.6519,38.6021,31.7131,0,0,0,0,0,0,0,0,0.117085,-0.0937613,0.117085,-0.0937613
2026082703,3529,279,0,0,0,1,3.7322,2.64425,38.6021,31.7131,0,0,0,0,0,0,0,0,0.117085,-0.0937613,0.117085,-0.0937613
2026082703,3530,280,1,0,0,1,3.72265,2.6366,43.6023,31.7131,0,0,0,0,0,0,0,0,0.133605,-0.068188,0.133605,-0.068188
2026082703,3531,281,0,0,0,1,3.71176,2.63104,43.6023,31.7131,0,0,0,0,0,0,0,0,0.133605,-0.068188,0.133605,-0.068188
2026082703,3532,282,0,0,0,1,3.70086,2.62548,43.6023,31.7131,0,0,0,0,0,0,0,0,0.133605,-0.068188,0.133605,-0.068188
2026082703,3533,283,0,0,0,1,3.68997,2.61992,43.6023,31.7131,0,0,0,0,0,0,0,0,0.133605,-0.068188,0.133605,-0.068188
2026082703,3534,284,0,0,0,1,3.67907,2.61436,43.6023,31.7131,0,0,0,0,0,0,0,0,0.133605,-0.068188,0.133605,-0.068188
2026082703,3535,285,0,0,0,1,3.66818,2.6088,43.6023,31.7131,0,0,0,0,0,0,0,0,0.133605,-0.068188,0.133605,-0.068188
2026082703,3536,286,0,0,0,1,3.65729,2.60324,43.6023,31.7131,0,0,0,0,0,0,0,0,0.133605,-0.068188,0.133605,-0.068188
2026082703,3537,287,0,0,0,1,3.6464,2.59769,43.6023,31.7131,0,0,0,0,0,0,0,0,0.133605,-0.068188,0.133605,-0.068188
2026082703,3538,288,0,0,0,1,3.63552,2.59213,43.6023,31.7131,0,0,0,0,0,0,0,0,0.133605,-0.068188,0.133605,-0.068188
2026082703,3539,289,0,0,0,1,3.62463,2.58657,43.6023,31.7131,0,0,0,0,0,0,0,0,0.133605,-0.068188,0.133605,-0.068188
2026082703,3540,290,1,0,0,1,3.61375,2.58102,43.6023,31.7131,0,0,0,0,0,0,0,0,0.0856054,-0.120721,0.0856054,-0.120721
2026082703,3541,291,0,0,0,1,3.60682,2.57126,43.6023,31.7131,0,0,0,0,0,0,0,0,0.046055,-0.120721,0.046055,-0.120721
2026082703,3542,292,0,0,0,1,3.60339,2.56226,43.6023,31.7131,0,0,0,0,0,0,0,0,0.046055,-0.120721,0.046055,-0.120721
2026082703,3543,293,0,0,0,1,3.59996,2.55327,43.6023,31.7131,0,0,0,0,0,0,0,0,0.046055,-0.120721,0.046055,-0.120721
2026082703,3544,294,0,0,0,1,3.59653,2.54428,43.6023,31.7131,0,0,0,0,0,0,0,0,0.046055,-0.120721,0.046055,-0.120721
2026082703,3545,295,0,0,0,1,3.5931,2.53529,43.6023,31.7131,0,0,0,0,0,0,0,0,0.046055,-0.120721,0.046055,-0.120721
2026082703,3546,296,0,0,0,1,3.58967,2.5263,43.6023,31.7131,0,0,0,0,0,0,0,0,0.046055,-0.120721,0.046055,-0.120721
2026082703,3547,297,0,0,0,1,3.58624,2.51731,43.6023,31.7131,0,0,0,0,0,0,0,0,0.046055,-0.120721,0.046055,-0.120721
2026082703,3548,298,0,0,0,1,3.58281,2.50832,43.6023,31.7131,0,0,0,0,0,0,0,0,0.046055,-0.120721,0.046055,-0.120721
2026082703,3549,299,0,0,0,1,3.57938,2.49933,43.6023,31.7131,0,0,0,0,0,0,0,0,0.046055,-0.120721,0.046055,-0.120721
2026082703,3550,300,1,0,0,1,3.57595,2.49034,30.3111,11.1635,0,0,0,0,0,0,0,0,0.110055,-0.0727213,0.110055,-0.0727213
2026082703,3551,301,0,0,0,1,3.56765,2.48485,30.3111,11.1635,0,0,0,0,0,0,0,0,0.131775,0,0.131775,0
2026082703,3552,302,0,0,0,1,3.55771,2.48485,30.3111,11.1635,0,0,0,0,0,0,0,0,0.131775,0,0.131775,0
2026082703,3553,303,0,0,0,1,3.54777,2.48485,30.3111,11.1635,0,0,0,0,0,0,0,0,0.131775,0,0.131775,0
2026082703,3554,304,0,0,0,1,3.53784,2.48485,30.3111,11.1635,0,0,0,0,0,0,0,0,0.131775,0,0.131775,0
2026082703,3555,305,0,0,0,1,3.5279,2.48485,30.3111,11.1635,0,0,0,0,0,0,0,0,0.131775,0,0.131775,0
2026082703,3556,306,0,0,0,1,3.51797,2.48485,30.3111,11.1635,0,0,0,0,0,0,0,0,0.131775,0,0.131775,0
2026082703,3557,307,0,0,0,1,3.50803,2.48485,30.3111,11.1635,0,0,0,0,0,0,0,0,0.131775,0,0.131775,0
2026082703,3558,308,0,0,0,1,3.4981,2.48485,30.3111,11.1635,0,0,0,0,0,0,0,0,0.131775,0,0.131775,0
2026082703,3559,309,0,0,0,1,3.48816,2.48485,30.3111,11.1635,0,0,0,0,0,0,0,0,0.131775,0,0.131775,0
2026082703,3560,310,1,0,0,1,3.47823,2.48485,30.3111,46.1715,0,0,0,0,0,0,0,0,0.118333,-0.0836755,0.118333,-0.0836755
2026082703,3561,311,0,0,0,1,3.46879,2.47817,30.3111,46.1715,0,0,0,0,0,0,0,0,0.118333,-0.0921804,0.118333,-0.0921804
2026082703,3562,312,0,0,0,1,3.45916,2.47068,30.3111,46.1715,0,0,0,0,0,0,0,0,0.118333,-0.0921804,0.118333,-0.0921804
2026082703,3563,313,0,0,0,1,3.44954,2.46318,30.3111,46.1715,0,0,0,0,0,0,0,0,0.118333,-0.0921804,0.118333,-0.0921804
2026082703,3564,314,0,0,0,1,3.43992,2.45568,30.3111,46.1715,0,0,0,0,0,0,0,0,0.118333,-0.0921804,0.118333,-0.0921804
2026082703,3565,315,0,0,0,1,3.4303,2.44819,30.3111,46.1715,0,0,0,0,0,0,0,0,0.118333,-0.0921804,0.118333,-0.0921804
2026082703,3566,316,0,0,0,1,3.42068,2.4407,30.3111,46.1715,0,0,0,0,0,0,0,0,0.118333,-0.0921804,0.118333,-0.0921804
2026082703,3567,317,0,0,0,1,3.41106,2.4332,30.3111,46.1715,0,0,0,0,0,0,0,0,0.118333,-0.0921804,0.118333,-0.0921804
2026082703,3568,318,0,0,0,1,3.40144,2.42571,30.3111,46.1715,0,0,0,0,0,0,0,0,0.118333,-0.0921804,0.118333,-0.0921804
2026082703,3569,319,0,0,0,1,3.39182,2.41822,30.3111,46.1715,0,0,0,0,0,0,0,0,0.118333,-0.0921804,0.118333,-0.0921804
2026082703,3570,320,1,0,0,1,3.38221,2.41073,44.9597,-0,0,0,0,0,0,0,0,0,0.130125,-0.0746156,0.130125,-0.0746156
2026082703,3571,321,0,0,0,1,3.37163,2.40466,44.9597,-0,0,0,0,0,0,0,0,0,0.130125,-0.0746156,0.130125,-0.0746156
2026082703,3572,322,0,0,0,1,3.36106,2.3986,44.9597,-0,0,0,0,0,0,0,0,0,0.130125,-0.0746156,0.130125,-0.0746156
2026082703,3573,323,0,0,0,1,3.35049,2.39254,44.9597,-0,0,0,0,0,0,0,0,0,0.130125,-0.0746156,0.130125,-0.0746156
2026082703,3574,324,0,0,0,1,3.33992,2.38648,44.9597,-0,0,0,0,0,0,0,0,0,0.130125,-0.0746156,0.130125,-0.0746156
2026082703,3575,325,0,0,0,1,3.32935,2.38042,44.9597,-0,0,0,0,0,0,0,0,0,0.130125,-0.0746156,0.130125,-0.0746156
2026082703,3576,326,0,0,0,1,3.31878,2.37436,44.9597,-0,0,0,0,0,0,0,0,0,0.130125,-0.0746156,0.130125,-0.0746156
2026082703,3577,327,0,0,0,1,3.30822,2.3683,44.9597,-0,0,0,0,0,0,0,0,0,0.130125,-0.0746156,0.130125,-0.0746156
2026082703,3578,328,0,0,0,1,3.29765,2.36224,44.9597,-0,0,0,0,0,0,0,0,0,0.130125,-0.0746156,0.130125,-0.0746156
2026082703,3579,329,0,0,0,1,3.28709,2.35619,44.9597,-0,0,0,0,0,0,0,0,0,0.130125,-0.0746156,0.130125,-0.0746156
2026082703,3580,330,1,0,0,1,3.27652,2.35013,44.9597,5.93873,0,0,0,0,0,0,0,0,0.11053,-0.0796116,0.11053,-0.0796116
2026082703,3581,331,0,0,0,1,3.26804,2.34401,44.9597,5.93873,0,0,0,0,0,0,0,0,0.11053,-0.0796116,0.11053,-0.0796116
2026082703,3582,332,0,0,0,1,3.25955,2.3379,44.9597,5.93873,0,0,0,0,0,0,0,0,0.11053,-0.0796116,0.11053,-0.0796116
2026082703,3583,333,0,0,0,1,3.25106,2.33179,44.9597,5.93873,0,0,0,0,0,0,0,0,0.11053,-0.0796116,0.11053,-0.0796116
2026082703,3584,334,0,0,0,1,3.24257,2.32567,44.9597,5.93873,0,0,0,0,0,0,0,0,0.11053,-0.0796116,0.11053,-0.0796116
2026082703,3585,335,0,0,0,1,3.23409,2.31956,44.9597,5.93873,0,0,0,0,0,0,0,0,0.11053,-0.0796116,0.11053,-0.0796116
2026082703,3586,336,0,0,0,1,3.2256,2.31345,44.9597,5.93873,0,0,0,0,0,0,0,0,0.11053,-0.0796116,0.11053,-0.0796116
2026082703,3587,337,0,0,0,1,3.21712,2.30734,44.9597,5.93873,0,0,0,0,0,0,0,0,0.11053,-0.0796116,0.11053,-0.0796116
2026082703,3588,338,0,0,0,1,3.20863,2.30123,44.9597,5.93873,0,0,0,0,0,0,0,0,0.11053,-0.0796116,0.11053,-0.0796116
2026082703,3589,339,0,0,0,1,3.20015,2.29512,44.9597,5.93873,0,0,0,0,0,0,0,0,0.11053,-0.0796116,0.11053,-0.0796116
2026082703,3590,340,1,0,0,1,3.19167,2.28901,7.47802,-0,0,0,0,0,0,0,0,0,0.123,-0.0531911,0.123,-0.0531911
2026082703,3591,341,0,0,0,1,3.18232,2.28497,7.47802,-0,0,0,0,0,0,0,0,0,0.123,-0.0531911,0.123,-0.0531911
2026082703,3592,342,0,0,0,1,3.17298,2.28093,7.47802,-0,0,0,0,0,0,0,0,0,0.123,-0.0531911,0.123,-0.0531911
2026082703,3593,343,0,0,0,1,3.16364,2.27689,7.47802,-0,0,0,0,0,0,0,0,0,0.123,-0.0531911,0.123,-0.0531911
2026082703,3594,344,0,0,0,1,3.1543,2.27285,7.47802,-0,0,0,0,0,0,0,0,0,0.123,-0.0531911,0.123,-0.0531911
2026082703,3595,345,0,0,0,1,3.14496,2.26881,7.47802,-0,0,0,0,0,0,0,0,0,0.123,-0.0531911,0.123,-0.0531911
2026082703,3596,346,0,0,0,1,3.13562,2.26477,7.47802,-0,0,0,0,0,0,0,0,0,0.123,-0.0531911,0.123,-0.0531911
2026082703,3597,347,0,0,0,1,3.12628,2.26073,7.47802,-0,0,0,0,0,0,0,0,0,0.123,-0.0531911,0.123,-0.0531911
2026082703,3598,348,0,0,0,1,3.11695,2.25669,7.47802,-0,0,0,0,0,0,0,0,0,0.123,-0.0531911,0.123,-0.0531911
2026082703,3599,349,0,0,0,1,3.10761,2.25266,7.47802,-0,0,0,0,0,0,0,0,0,0.123,-0.0531911,0.123,-0.0531911
2026082703,3600,350,1,0,0,1,3.09827,2.24862,7.47802,5.93873,0,0,0,0,0,0,0,0,0.135769,-0.0637711,0.135769,-0.0637711
2026082703,3601,351,0,0,0,1,3.08727,2.24345,7.47802,5.93873,0,0,0,0,0,0,0,0,0.135769,-0.0637711,0.135769,-0.0637711
2026082703,3602,352,0,0,0,1,3.07627,2.23829,7.47802,5.93873,0,0,0,0,0,0,0,0,0.135769,-0.0637711,0.135769,-0.0637711
2026082703,3603,353,0,0,0,1,3.06527,2.23312,7.47802,5.93873,0,0,0,0,0,0,0,0,0.135769,-0.0637711,0.135769,-0.0637711
2026082703,3604,354,0,0,0,1,3.05428,2.22795,7.47802,5.93873,0,0,0,0,0,0,0,0,0.135769,-0.0637711,0.135769,-0.0637711
2026082703,3605,355,0,0,0,1,3.04328,2.22279,7.47802,5.93873,0,0,0,0,0,0,0,0,0.135769,-0.0637711,0.135769,-0.0637711
2026082703,3606,356,0,0,0,1,3.03228,2.21762,7.47802,5.93873,0,0,0,0,0,0,0,0,0.135769,-0.0637711,0.135769,-0.0637711
2026082703,3607,357,0,0,0,1,3.02129,2.21246,7.47802,5.93873,0,0,0,0,0,0,0,0,0.135769,-0.0637711,0.135769,-0.0637711
2026082703,3608,358,0,0,0,1,3.01029,2.2073,7.47802,5.93873,0,0,0,0,0,0,0,0,0.135769,-0.0637711,0.135769,-0.0637711
2026082703,3609,359,0,0,0,1,2.9993,2.20213,7.47802,5.93873,0,0,0,0,0,0,0,0,0.135769,-0.0637711,0.135769,-0.0637711
2026082703,3610,360,1,0,0,1,2.98831,2.19697,7.47802,24.0245,0,0,0,0,0,0,0,0,0.0877691,-0.126399,0.0877691,-0.126399
2026082703,3611,361,0,0,0,1,2.98104,2.1865,7.47802,24.0245,0,0,0,0,0,0,0,0,0.0534213,-0.126399,0.0534213,-0.126399
2026082703,3612,362,0,0,0,1,2.97693,2.17677,7.47802,24.0245,0,0,0,0,0,0,0,0,0.0534213,-0.126399,0.0534213,-0.126399
2026082703,3613,363,0,0,0,1,2.97282,2.16705,7.47802,24.0245,0,0,0,0,0,0,0,0,0.0534213,-0.126399,0.0534213,-0.126399
2026082703,3614,364,0,0,0,1,2.96871,2.15732,7.47802,24.0245,0,0,0,0,0,0,0,0,0.0534213,-0.126399,0.0534213,-0.126399
2026082703,3615,365,0,0,0,1,2.9646,2.1476,7.47802,24.0245,0,0,0,0,0,0,0,0,0.0534213,-0.126399,0.0534213,-0.126399
2026082703,3616,366,0,0,0,1,2.96049,2.13788,7.47802,24.0245,0,0,0,0,0,0,0,0,0.0534213,-0.126399,0.0534213,-0.126399
2026082703,3617,367,0,0,0,1,2.95638,2.12816,7.47802,24.0245,0,0,0,0,0,0,0,0,0.0534213,-0.126399,0.0534213,-0.126399
2026082703,3618,368,0,0,0,1,2.95227,2.11843,7.47802,24.0245,0,0,0,0,0,0,0,0,0.0534213,-0.126399,0.0534213,-0.126399
2026082703,3619,369,0,0,0,1,2.94816,2.10871,7.47802,24.0245,0,0,0,0,0,0,0,0,0.0534213,-0.126399,0.0534213,-0.126399
2026082703,3620,370,1,0,0,1,2.94406,2.09899,66.0049,34.9287,0,0,0,0,0,0,0,0,0.117421,-0.0895319,0.117421,-0.0895319
2026082703,3621,371,0,0,0,1,2.93464,2.09181,66.0049,34.9287,0,0,0,0,0,0,0,0,0.12035,-0.0895319,0.12035,-0.0895319
2026082703,3622,372,0,0,0,1,2.9249,2.08457,66.0049,34.9287,0,0,0,0,0,0,0,0,0.12035,-0.0895319,0.12035,-0.0895319
2026082703,3623,373,0,0,0,1,2.91517,2.07733,66.0049,34.9287,0,0,0,0,0,0,0,0,0.12035,-0.0895319,0.12035,-0.0895319
2026082703,3624,374,0,0,0,1,2.90544,2.07009,66.0049,34.9287,0,0,0,0,0,0,0,0,0.12035,-0.0895319,0.12035,-0.0895319
2026082703,3625,375,0,0,0,1,2.89571,2.06285,66.0049,34.9287,0,0,0,0,0,0,0,0,0.12035,-0.0895319,0.12035,-0.0895319
2026082703,3626,376,0,0,0,1,2.88598,2.05561,66.0049,34.9287,0,0,0,0,0,0,0,0,0.12035,-0.0895319,0.12035,-0.0895319
2026082703,3627,377,0,0,0,1,2.87625,2.04837,66.0049,34.9287,0,0,0,0,0,0,0,0,0.12035,-0.0895319,0.12035,-0.0895319
2026082703,3628,378,0,0,0,1,2.86652,2.04114,66.0049,34.9287,0,0,0,0,0,0,0,0,0.12035,-0.0895319,0.12035,-0.0895319
2026082703,3629,379,0,0,0,1,2.85679,2.0339,66.0049,34.9287,0,0,0,0,0,0,0,0,0.12035,-0.0895319,0.12035,-0.0895319
2026082703,3630,380,1,0,0,1,2.84706,2.02666,0,34.9286,0,0,0,0,0,0,0,0,0.0723497,-0.0415319,0.0723497,-0.0415319
2026082703,3631,381,0,0,0,1,2.8427,2.02416,0,34.9286,0,0,0,0,0,0,0,0,0.0314469,0,0.0314469,0
2026082703,3632,382,0,0,0,1,2.8408,2.02416,0,34.9286,0,0,0,0,0,0,0,0,0.0314469,0,0.0314469,0
2026082703,3633,383,0,0,0,1,2.83891,2.02416,0,34.9286,0,0,0,0,0,0,0,0,0.0314469,0,0.0314469,0
2026082703,3634,384,0,0,0,1,2.83701,2.02416,0,34.9286,0,0,0,0,0,0,0,0,0.0314469,0,0.0314469,0
2026082703,3635,385,0,0,0,1,2.83511,2.02416,0,34.9286,0,0,0,0,0,0,0,0,0.0314469,0,0.0314469,0
2026082703,3636,386,0,0,0,1,2.83322,2.02416,0,34.9286,0,0,0,0,0,0,0,0,0.0314469,0,0.0314469,0
2026082703,3637,387,0,0,0,1,2.83132,2.02416,0,34.9286,0,0,0,0,0,0,0,0,0.0314469,0,0.0314469,0
2026082703,3638,388,0,0,0,1,2.82942,2.02416,0,34.9286,0,0,0,0,0,0,0,0,0.0314469,0,0.0314469,0
2026082703,3639,389,0,0,0,1,2.82753,2.02416,0,34.9286,0,0,0,0,0,0,0,0,0.0314469,0,0.0314469,0
2026082703,3640,390,1,0,0,1,2.82563,2.02416,58.5269,5.11128,0,0,0,0,0,0,0,0,0.0954469,-0.041071,0.0954469,-0.041071
2026082703,3641,391,0,0,0,1,2.81973,2.02162,58.5269,5.11128,0,0,0,0,0,0,0,0,0.144268,-0.041071,0.144268,-0.041071
2026082703,3642,392,0,0,0,1,2.80808,2.0183,58.5269,5.11128,0,0,0,0,0,0,0,0,0.144268,-0.041071,0.144268,-0.041071
2026082703,3643,393,0,0,0,1,2.79642,2.01499,58.5269,5.11128,0,0,0,0,0,0,0,0,0.144268,-0.041071,0.144268,-0.041071
2026082703,3644,394,0,0,0,1,2.78477,2.01167,58.5269,5.11128,0,0,0,0,0,0,0,0,0.144268,-0.041071,0.144268,-0.041071
2026082703,3645,395,0,0,0,1,2.77311,2.00835,58.5269,5.11128,0,0,0,0,0,0,0,0,0.144268,-0.041071,0.144268,-0.041071
2026082703,3646,396,0,0,0,1,2.76146,2.00503,58.5269,5.11128,0,0,0,0,0,0,0,0,0.144268,-0.041071,0.144268,-0.041071
2026082703,3647,397,0,0,0,1,2.74981,2.00172,58.5269,5.11128,0,0,0,0,0,0,0,0,0.144268,-0.041071,0.144268,-0.041071
2026082703,3648,398,0,0,0,1,2.73816,1.9984,58.5269,5.11128,0,0,0,0,0,0,0,0,0.144268,-0.041071,0.144268,-0.041071
2026082703,3649,399,0,0,0,1,2.72651,1.99508,58.5269,5.11128,0,0,0,0,0,0,0,0,0.144268,-0.041071,0.144268,-0.041071
2026082703,3650,400,1,0,0,1,2.71486,1.99177,0,5.11128,0,0,0,0,0,0,0,0,0.0962677,-0.105071,0.0962677,-0.105071
2026082703,3651,401,0,0,0,1,2.7073,1.98352,0,5.11128,0,0,0,0,0,0,0,0,0.0885825,-0.108263,0.0885825,-0.108263
2026082703,3652,402,0,0,0,1,2.70043,1.97512,0,5.11128,0,0,0,0,0,0,0,0,0.0885825,-0.108263,0.0885825,-0.108263
2026082703,3653,403,0,0,0,1,2.69355,1.96671,0,5.11128,0,0,0,0,0,0,0,0,0.0885825,-0.108263,0.0885825,-0.108263
2026082703,3654,404,0,0,0,1,2.68668,1.95831,0,5.11128,0,0,0,0,0,0,0,0,0.0885825,-0.108263,0.0885825,-0.108263
2026082703,3655,405,0,0,0,1,2.6798,1.94991,0,5.11128,0,0,0,0,0,0,0,0,0.0885825,-0.108263,0.0885825,-0.108263
2026082703,3656,406,0,0,0,1,2.67293,1.9415,0,5.11128,0,0,0,0,0,0,0,0,0.0885825,-0.108263,0.0885825,-0.108263
2026082703,3657,407,0,0,0,1,2.66605,1.9331,0,5.11128,0,0,0,0,0,0,0,0,0.0885825,-0.108263,0.0885825,-0.108263
2026082703,3658,408,0,0,0,1,2.65918,1.9247,0,5.11128,0,0,0,0,0,0,0,0,0.0885825,-0.108263,0.0885825,-0.108263
2026082703,3659,409,0,0,0,1,2.65231,1.9163,0,5.11128,0,0,0,0,0,0,0,0,0.0885825,-0.108263,0.0885825,-0.108263
2026082703,3660,410,1,0,0,1,2.64543,1.9079,-43.5311,5.11128,0,0,0,0,0,0,0,0,0.0560509,-0.0602635,0.0560509,-0.0602635
2026082703,3661,411,0,0,0,1,2.64206,1.90427,-47.3016,5.55401,0,0,0,0,0,0,0,0,0.0560509,-0.055087,0.0560509,-0.055087
2026082703,3662,412,0,0,0,1,2.63868,1.90096,-47.3016,5.55401,0,0,0,0,0,0,0,0,0.0560509,-0.055087,0.0560509,-0.055087
2026082703,3663,413,0,0,0,1,2.63531,1.89764,-47.3016,5.55401,0,0,0,0,0,0,0,0,0.0560509,-0.055087,0.0560509,-0.055087
2026082703,3664,414,0,0,0,1,2.63193,1.89432,-47.3016,5.55401,0,0,0,0,0,0,0,0,0.0560509,-0.055087,0.0560509,-0.055087
2026082703,3665,415,0,0,0,1,2.62856,1.89101,-47.3016,5.55401,0,0,0,0,0,0,0,0,0.0560509,-0.055087,0.0560509,-0.055087
2026082703,3666,416,0,0,0,1,2.62519,1.88769,-47.3016,5.55401,0,0,0,0,0,0,0,0,0.0560509,-0.055087,0.0560509,-0.055087
2026082703,3667,417,0,0,0,1,2.62181,1.88437,-47.3016,5.55401,0,0,0,0,0,0,0,0,0.0560509,-0.055087,0.0560509,-0.055087
2026082703,3668,418,0,0,0,1,2.61844,1.88106,-47.3016,5.55401,0,0,0,0,0,0,0,0,0.0560509,-0.055087,0.0560509,-0.055087
2026082703,3669,419,0,0,0,1,2.61506,1.87774,-47.3016,5.55401,0,0,0,0,0,0,0,0,0.0560509,-0.055087,0.0560509,-0.055087
2026082703,3670,420,1,0,0,1,2.61169,1.87443,-47.3016,-0,0,0,0,0,0,0,0,0,0.120051,-0.0308818,0.120051,-0.0308818
2026082703,3671,421,0,0,0,1,2.60309,1.87221,-47.3016,-0,0,0,0,0,0,0,0,0,0.133833,-0.0308818,0.133833,-0.0308818
2026082703,3672,422,0,0,0,1,2.59282,1.86984,-47.3016,-0,0,0,0,0,0,0,0,0,0.133833,-0.0308818,0.133833,-0.0308818
2026082703,3673,423,0,0,0,1,2.58256,1.86748,-47.3016,-0,0,0,0,0,0,0,0,0,0.133833,-0.0308818,0.133833,-0.0308818
2026082703,3674,424,0,0,0,1,2.57229,1.86511,-47.3016,-0,0,0,0,0,0,0,0,0,0.133833,-0.0308818,0.133833,-0.0308818
2026082703,3675,425,0,0,0,1,2.56203,1.86274,-47.3016,-0,0,0,0,0,0,0,0,0,0.133833,-0.0308818,0.133833,-0.0308818
2026082703,3676,426,0,0,0,1,2.55177,1.86037,-47.3016,-0,0,0,0,0,0,0,0,0,0.133833,-0.0308818,0.133833,-0.0308818
2026082703,3677,427,0,0,0,1,2.54151,1.858,-47.3016,-0,0,0,0,0,0,0,0,0,0.133833,-0.0308818,0.133833,-0.0308818
2026082703,3678,428,0,0,0,1,2.53125,1.85564,-47.3016,-0,0,0,0,0,0,0,0,0,0.133833,-0.0308818,0.133833,-0.0308818
2026082703,3679,429,0,0,0,1,2.52099,1.85327,-47.3016,-0,0,0,0,0,0,0,0,0,0.133833,-0.0308818,0.133833,-0.0308818
2026082703,3680,430,1,0,0,1,2.51073,1.8509,0,-24.2853,0,0,0,0,0,0,0,0,0.127496,-0.0790235,0.127496,-0.0790235
2026082703,3681,431,0,0,0,1,2.50045,1.84453,0,-24.2853,0,0,0,0,0,0,0,0,0.127496,-0.0790235,0.127496,-0.0790235
2026082703,3682,432,0,0,0,1,2.49018,1.83817,0,-24.2853,0,0,0,0,0,0,0,0,0.127496,-0.0790235,0.127496,-0.0790235
2026082703,3683,433,0,0,0,1,2.47991,1.8318,0,-24.2853,0,0,0,0,0,0,0,0,0.127496,-0.0790235,0.127496,-0.0790235
2026082703,3684,434,0,0,0,1,2.46963,1.82543,0,-24.2853,0,0,0,0,0,0,0,0,0.127496,-0.0790235,0.127496,-0.0790235
2026082703,3685,435,0,0,0,1,2.45936,1.81906,0,-24.2853,0,0,0,0,0,0,0,0,0.127496,-0.0790235,0.127496,-0.0790235
2026082703,3686,436,0,0,0,1,2.44909,1.8127,0,-24.2853,0,0,0,0,0,0,0,0,0.127496,-0.0790235,0.127496,-0.0790235
2026082703,3687,437,0,0,0,1,2.43882,1.80633,0,-24.2853,0,0,0,0,0,0,0,0,0.127496,-0.0790235,0.127496,-0.0790235
2026082703,3688,438,0,0,0,1,2.42855,1.79997,0,-24.2853,0,0,0,0,0,0,0,0,0.127496,-0.0790235,0.127496,-0.0790235
2026082703,3689,439,0,0,0,1,2.41828,1.7936,0,-24.2853,0,0,0,0,0,0,0,0,0.127496,-0.0790235,0.127496,-0.0790235
2026082703,3690,440,1,0,0,1,2.40802,1.78724,49.0239,-0,0,0,0,0,0,0,0,0,0.0794962,-0.0956991,0.0794962,-0.0956991
2026082703,3691,441,0,0,0,1,2.40231,1.78038,49.0239,-0,0,0,0,0,0,0,0,0,0.0374273,-0.0956991,0.0374273,-0.0956991
2026082703,3692,442,0,0,0,1,2.40004,1.77455,49.0239,-0,0,0,0,0,0,0,0,0,0.0374273,-0.0956991,0.0374273,-0.0956991
2026082703,3693,443,0,0,0,1,2.39776,1.76873,49.0239,-0,0,0,0,0,0,0,0,0,0.0374273,-0.0956991,0.0374273,-0.0956991
2026082703,3694,444,0,0,0,1,2.39548,1.7629,49.0239,-0,0,0,0,0,0,0,0,0,0.0374273,-0.0956991,0.0374273,-0.0956991
2026082703,3695,445,0,0,0,1,2.3932,1.75708,49.0239,-0,0,0,0,0,0,0,0,0,0.0374273,-0.0956991,0.0374273,-0.0956991
2026082703,3696,446,0,0,0,1,2.39093,1.75125,49.0239,-0,0,0,0,0,0,0,0,0,0.0374273,-0.0956991,0.0374273,-0.0956991
2026082703,3697,447,0,0,0,1,2.38865,1.74543,49.0239,-0,0,0,0,0,0,0,0,0,0.0374273,-0.0956991,0.0374273,-0.0956991
2026082703,3698,448,0,0,0,1,2.38637,1.73961,49.0239,-0,0,0,0,0,0,0,0,0,0.0374273,-0.0956991,0.0374273,-0.0956991
2026082703,3699,449,0,0,0,1,2.38409,1.73379,49.0239,-0,0,0,0,0,0,0,0,0,0.0374273,-0.0956991,0.0374273,-0.0956991
2026082703,3700,450,1,0,0,1,2.38182,1.72796,20.0184,0.91853,0,0,0,0,0,0,0,0,0.101427,-0.0476991,0.101427,-0.0476991
2026082703,3701,451,0,0,0,1,2.37512,1.72481,20.0184,0.91853,0,0,0,0,0,0,0,0,0.110934,0,0.110934,0
2026082703,3702,452,0,0,0,1,2.36786,1.72481,20.0184,0.91853,0,0,0,0,0,0,0,0,0.110934,0,0.110934,0
2026082703,3703,453,0,0,0,1,2.3606,1.72481,20.0184,0.91853,0,0,0,0,0,0,0,0,0.110934,0,0.110934,0
2026082703,3704,454,0,0,0,1,2.35334,1.72481,20.0184,0.91853,0,0,0,0,0,0,0,0,0.110934,0,0.110934,0
2026082703,3705,455,0,0,0,1,2.34608,1.72481,20.0184,0.91853,0,0,0,0,0,0,0,0,0.110934,0,0.110934,0
2026082703,3706,456,0,0,0,1,2.33882,1.72481,20.0184,0.91853,0,0,0,0,0,0,0,0,0.110934,0,0.110934,0
2026082703,3707,457,0,0,0,1,2.33157,1.72481,20.0184,0.91853,0,0,0,0,0,0,0,0,0.110934,0,0.110934,0
2026082703,3708,458,0,0,0,1,2.32431,1.72481,20.0184,0.91853,0,0,0,0,0,0,0,0,0.110934,0,0.110934,0
2026082703,3709,459,0,0,0,1,2.31705,1.72481,20.0184,0.91853,0,0,0,0,0,0,0,0,0.110934,0,0.110934,0
2026082703,3710,460,1,0,0,1,2.30979,1.72481,15.5224,0.918527,0,0,0,0,0,0,0,0,0.0909118,-0.0871757,0.0909118,-0.0871757
2026082703,3711,461,0,0,0,1,2.30322,1.71851,15.5224,0.918527,0,0,0,0,0,0,0,0,0.0909118,-0.119311,0.0909118,-0.119311
2026082703,3712,462,0,0,0,1,2.29591,1.70891,15.5224,0.918527,0,0,0,0,0,0,0,0,0.0909118,-0.119311,0.0909118,-0.119311
2026082703,3713,463,0,0,0,1,2.28859,1.69931,15.5224,0.918527,0,0,0,0,0,0,0,0,0.0909118,-0.119311,0.0909118,-0.119311
2026082703,3714,464,0,0,0,1,2.28128,1.68971,15.5224,0.918527,0,0,0,0,0,0,0,0,0.0909118,-0.119311,0.0909118,-0.119311
2026082703,3715,465,0,0,0,1,2.27397,1.68012,15.5224,0.918527,0,0,0,0,0,0,0,0,0.0909118,-0.119311,0.0909118,-0.119311
2026082703,3716,466,0,0,0,1,2.26665,1.67052,15.5224,0.918527,0,0,0,0,0,0,0,0,0.0909118,-0.119311,0.0909118,-0.119311
2026082703,3717,467,0,0,0,1,2.25934,1.66092,15.5224,0.918527,0,0,0,0,0,0,0,0,0.0909118,-0.119311,0.0909118,-0.119311
2026082703,3718,468,0,0,0,1,2.25203,1.65133,15.5224,0.918527,0,0,0,0,0,0,0,0,0.0909118,-0.119311,0.0909118,-0.119311
2026082703,3719,469,0,0,0,1,2.24472,1.64173,15.5224,0.918527,0,0,0,0,0,0,0,0,0.0909118,-0.119311,0.0909118,-0.119311
2026082703,3720,470,1,0,0,1,2.23741,1.63214,20.0184,-0,0,0,0,0,0,0,0,0,0.126878,-0.0713107,0.126878,-0.0713107
2026082703,3721,471,0,0,0,1,2.22737,1.6265,20.0184,-0,0,0,0,0,0,0,0,0,0.126878,-0.0436382,0.126878,-0.0436382
2026082703,3722,472,0,0,0,1,2.21781,1.62321,20.0184,-0,0,0,0,0,0,0,0,0,0.126878,-0.0436382,0.126878,-0.0436382
2026082703,3723,473,0,0,0,1,2.20825,1.61992,20.0184,-0,0,0,0,0,0,0,0,0,0.126878,-0.0436382,0.126878,-0.0436382
2026082703,3724,474,0,0,0,1,2.19869,1.61663,20.0184,-0,0,0,0,0,0,0,0,0,0.126878,-0.0436382,0.126878,-0.0436382
2026082703,3725,475,0,0,0,1,2.18913,1.61335,20.0184,-0,0,0,0,0,0,0,0,0,0.126878,-0.0436382,0.126878,-0.0436382
2026082703,3726,476,0,0,0,1,2.17957,1.61006,20.0184,-0,0,0,0,0,0,0,0,0,0.126878,-0.0436382,0.126878,-0.0436382
2026082703,3727,477,0,0,0,1,2.17001,1.60677,20.0184,-0,0,0,0,0,0,0,0,0,0.126878,-0.0436382,0.126878,-0.0436382
2026082703,3728,478,0,0,0,1,2.16045,1.60348,20.0184,-0,0,0,0,0,0,0,0,0,0.126878,-0.0436382,0.126878,-0.0436382
2026082703,3729,479,0,0,0,1,2.1509,1.6002,20.0184,-0,0,0,0,0,0,0,0,0,0.126878,-0.0436382,0.126878,-0.0436382
2026082703,3730,480,1,0,0,1,2.14134,1.59691,58.4606,37.2599,0,0,0,0,0,0,0,0,0.128085,-0.0780659,0.128085,-0.0780659
2026082703,3731,481,0,0,0,1,2.13105,1.59064,58.4606,37.2599,0,0,0,0,0,0,0,0,0.128085,-0.0780659,0.128085,-0.0780659
2026082703,3732,482,0,0,0,1,2.12076,1.58436,58.4606,37.2599,0,0,0,0,0,0,0,0,0.128085,-0.0780659,0.128085,-0.0780659
2026082703,3733,483,0,0,0,1,2.11046,1.57809,58.4606,37.2599,0,0,0,0,0,0,0,0,0.128085,-0.0780659,0.128085,-0.0780659
2026082703,3734,484,0,0,0,1,2.10017,1.57182,58.4606,37.2599,0,0,0,0,0,0,0,0,0.128085,-0.0780659,0.128085,-0.0780659
2026082703,3735,485,0,0,0,1,2.08989,1.56555,58.4606,37.2599,0,0,0,0,0,0,0,0,0.128085,-0.0780659,0.128085,-0.0780659
2026082703,3736,486,0,0,0,1,2.0796,1.55928,58.4606,37.2599,0,0,0,0,0,0,0,0,0.128085,-0.0780659,0.128085,-0.0780659
2026082703,3737,487,0,0,0,1,2.06931,1.55301,58.4606,37.2599,0,0,0,0,0,0,0,0,0.128085,-0.0780659,0.128085,-0.0780659
2026082703,3738,488,0,0,0,1,2.05902,1.54674,58.4606,37.2599,0,0,0,0,0,0,0,0,0.128085,-0.0780659,0.128085,-0.0780659
2026082703,3739,489,0,0,0,1,2.04874,1.54047,58.4606,37.2599,0,0,0,0,0,0,0,0,0.128085,-0.0780659,0.128085,-0.0780659
2026082703,3740,490,1,0,0,1,2.03845,1.5342,58.4606,-0,0,0,0,0,0,0,0,0,0.133273,-0.0556038,0.133273,-0.0556038
2026082703,3741,491,0,0,0,1,2.02797,1.52983,58.4606,-0,0,0,0,0,0,0,0,0,0.133273,-0.0556038,0.133273,-0.0556038
2026082703,3742,492,0,0,0,1,2.01749,1.52545,58.4606,-0,0,0,0,0,0,0,0,0,0.133273,-0.0556038,0.133273,-0.0556038
2026082703,3743,493,0,0,0,1,2.00701,1.52108,58.4606,-0,0,0,0,0,0,0,0,0,0.133273,-0.0556038,0.133273,-0.0556038
2026082703,3744,494,0,0,0,1,1.99653,1.51671,58.4606,-0,0,0,0,0,0,0,0,0,0.133273,-0.0556038,0.133273,-0.0556038
2026082703,3745,495,0,0,0,1,1.98605,1.51234,58.4606,-0,0,0,0,0,0,0,0,0,0.133273,-0.0556038,0.133273,-0.0556038
2026082703,3746,496,0,0,0,1,1.97557,1.50797,58.4606,-0,0,0,0,0,0,0,0,0,0.133273,-0.0556038,0.133273,-0.0556038
2026082703,3747,497,0,0,0,1,1.96509,1.50359,58.4606,-0,0,0,0,0,0,0,0,0,0.133273,-0.0556038,0.133273,-0.0556038
2026082703,3748,498,0,0,0,1,1.95462,1.49922,58.4606,-0,0,0,0,0,0,0,0,0,0.133273,-0.0556038,0.133273,-0.0556038
2026082703,3749,499,0,0,0,1,1.94414,1.49485,58.4606,-0,0,0,0,0,0,0,0,0,0.133273,-0.0556038,0.133273,-0.0556038
2026082703,3750,500,1,0,0,1,1.93367,1.49048,42.2879,37.2599,0,0,0,0,0,0,0,0,0.103197,-0.0883773,0.103197,-0.0883773
2026082703,3751,501,0,0,0,1,1.92584,1.48378,42.2879,37.2599,0,0,0,0,0,0,0,0,0.103197,-0.0883773,0.103197,-0.0883773
2026082703,3752,502,0,0,0,1,1.91802,1.47708,42.2879,37.2599,0,0,0,0,0,0,0,0,0.103197,-0.0883773,0.103197,-0.0883773
2026082703,3753,503,0,0,0,1,1.9102,1.47038,42.2879,37.2599,0,0,0,0,0,0,0,0,0.103197,-0.0883773,0.103197,-0.0883773
2026082703,3754,504,0,0,0,1,1.90237,1.46368,42.2879,37.2599,0,0,0,0,0,0,0,0,0.103197,-0.0883773,0.103197,-0.0883773
2026082703,3755,505,0,0,0,1,1.89455,1.45698,42.2879,37.2599,0,0,0,0,0,0,0,0,0.103197,-0.0883773,0.103197,-0.0883773
2026082703,3756,506,0,0,0,1,1.88673,1.45029,42.2879,37.2599,0,0,0,0,0,0,0,0,0.103197,-0.0883773,0.103197,-0.0883773
2026082703,3757,507,0,0,0,1,1.87891,1.44359,42.2879,37.2599,0,0,0,0,0,0,0,0,0.103197,-0.0883773,0.103197,-0.0883773
2026082703,3758,508,0,0,0,1,1.87109,1.43689,42.2879,37.2599,0,0,0,0,0,0,0,0,0.103197,-0.0883773,0.103197,-0.0883773
2026082703,3759,509,0,0,0,1,1.86327,1.43019,42.2879,37.2599,0,0,0,0,0,0,0,0,0.103197,-0.0883773,0.103197,-0.0883773
2026082703,3760,510,1,0,0,1,1.85545,1.4235,9.18962,26.7377,0,0,0,0,0,0,0,0,0.0787269,-0.102445,0.0787269,-0.102445
2026082703,3761,511,0,0,0,1,1.84967,1.41598,9.18962,26.7377,0,0,0,0,0,0,0,0,0.0787269,-0.102445,0.0787269,-0.102445
2026082703,3762,512,0,0,0,1,1.8439,1.40847,9.18962,26.7377,0,0,0,0,0,0,0,0,0.0787269,-0.102445,0.0787269,-0.102445
2026082703,3763,513,0,0,0,1,1.83813,1.40096,9.18962,26.7377,0,0,0,0,0,0,0,0,0.0787269,-0.102445,0.0787269,-0.102445
2026082703,3764,514,0,0,0,1,1.83235,1.39344,9.18962,26.7377,0,0,0,0,0,0,0,0,0.0787269,-0.102445,0.0787269,-0.102445
2026082703,3765,515,0,0,0,1,1.82658,1.38593,9.18962,26.7377,0,0,0,0,0,0,0,0,0.0787269,-0.102445,0.0787269,-0.102445
2026082703,3766,516,0,0,0,1,1.82081,1.37842,9.18962,26.7377,0,0,0,0,0,0,0,0,0.0787269,-0.102445,0.0787269,-0.102445
2026082703,3767,517,0,0,0,1,1.81504,1.37091,9.18962,26.7377,0,0,0,0,0,0,0,0,0.0787269,-0.102445,0.0787269,-0.102445
2026082703,3768,518,0,0,0,1,1.80926,1.3634,9.18962,26.7377,0,0,0,0,0,0,0,0,0.0787269,-0.102445,0.0787269,-0.102445
2026082703,3769,519,0,0,0,1,1.80349,1.35589,9.18962,26.7377,0,0,0,0,0,0,0,0,0.0787269,-0.102445,0.0787269,-0.102445
2026082703,3770,520,1,0,0,1,1.79772,1.34838,9.18962,26.7377,0,0,0,0,0,0,0,0,0.128985,-0.0544454,0.128985,-0.0544454
2026082703,3771,521,0,0,0,1,1.78777,1.34418,9.18962,26.7377,0,0,0,0,0,0,0,0,0.128985,-0.0329869,0.128985,-0.0329869
2026082703,3772,522,0,0,0,1,1.77813,1.34171,9.18962,26.7377,0,0,0,0,0,0,0,0,0.128985,-0.0329869,0.128985,-0.0329869
2026082703,3773,523,0,0,0,1,1.76849,1.33924,9.18962,26.7377,0,0,0,0,0,0,0,0,0.128985,-0.0329869,0.128985,-0.0329869
2026082703,3774,524,0,0,0,1,1.75884,1.33678,9.18962,26.7377,0,0,0,0,0,0,0,0,0.128985,-0.0329869,0.128985,-0.0329869
2026082703,3775,525,0,0,0,1,1.7492,1.33431,9.18962,26.7377,0,0,0,0,0,0,0,0,0.128985,-0.0329869,0.128985,-0.0329869
2026082703,3776,526,0,0,0,1,1.73956,1.33185,9.18962,26.7377,0,0,0,0,0,0,0,0,0.128985,-0.0329869,0.128985,-0.0329869
2026082703,3777,527,0,0,0,1,1.72992,1.32938,9.18962,26.7377,0,0,0,0,0,0,0,0,0.128985,-0.0329869,0.128985,-0.0329869
2026082703,3778,528,0,0,0,1,1.72028,1.32691,9.18962,26.7377,0,0,0,0,0,0,0,0,0.128985,-0.0329869,0.128985,-0.0329869
2026082703,3779,529,0,0,0,1,1.71064,1.32445,9.18962,26.7377,0,0,0,0,0,0,0,0,0.128985,-0.0329869,0.128985,-0.0329869
2026082703,3780,530,1,0,0,1,1.701,1.32198,0,26.7377,0,0,0,0,0,0,0,0,0.0809845,0,0.0809845,0
2026082703,3781,531,0,0,0,1,1.69615,1.32198,0,26.7377,0,0,0,0,0,0,0,0,0.0329845,0,0.0329845,0
2026082703,3782,532,0,0,0,1,1.69418,1.32198,0,26.7377,0,0,0,0,0,0,0,0,0,0,0,0
2026082703,3783,533,0,0,0,1,1.69418,1.32198,0,26.7377,0,0,0,0,0,0,0,0,0,0,0,0
2026082703,3784,534,0,0,0,1,1.69418,1.32198,0,26.7377,0,0,0,0,0,0,0,0,0,0,0,0
2026082703,3785,535,0,0,0,1,1.69418,1.32198,0,26.7377,0,0,0,0,0,0,0,0,0,0,0,0
2026082703,3786,536,0,0,0,1,1.69418,1.32198,0,26.7377,0,0,0,0,0,0,0,0,0,0,0,0
2026082703,3787,537,0,0,0,1,1.69418,1.32198,0,26.7377,0,0,0,0,0,0,0,0,0,0,0,0
2026082703,3788,538,0,0,0,1,1.69418,1.32198,0,26.7377,0,0,0,0,0,0,0,0,0,0,0,0
2026082703,3789,539,0,0,0,1,1.69418,1.32198,0,26.7377,0,0,0,0,0,0,0,0,0,0,0,0
2026082703,3790,540,1,0,0,1,1.69418,1.32198,24.4897,-0,0,0,0,0,0,0,0,0,0,0,0,0
2026082703,3791,541,0,0,0,1,1.69418,1.32198,24.4897,-0,0,0,0,0,0,0,0,0,0,0,0,0
2026082703,3792,542,0,0,0,1,1.69418,1.32198,24.4897,-0,0,0,0,0,0,0,0,0,0,0,0,0
2026082703,3793,543,0,0,0,1,1.69418,1.32198,24.4897,-0,0,0,0,0,0,0,0,0,0,0,0,0
2026082703,3794,544,0,0,0,1,1.69418,1.32198,24.4897,-0,0,0,0,0,0,0,0,0,0,0,0,0
2026082703,3795,545,0,0,0,1,1.69418,1.32198,24.4897,-0,0,0,0,0,0,0,0,0,0,0,0,0
2026082703,3796,546,0,0,0,1,1.69418,1.32198,24.4897,-0,0,0,0,0,0,0,0,0,0,0,0,0
2026082703,3797,547,0,0,0,1,1.69418,1.32198,24.4897,-0,0,0,0,0,0,0,0,0,0,0,0,0
2026082703,3798,548,0,0,0,1,1.69418,1.32198,24.4897,-0,0,0,0,0,0,0,0,0,0,0,0,0
2026082703,3799,549,0,0,0,1,1.69418,1.32198,24.4897,-0,0,0,0,0,0,0,0,0,0,0,0,0
2026082703,3800,550,1,0,0,1,1.69418,1.32198,24.4897,11.2823,0,0,0,0,0,0,0,0,0.064,-0.064,0.064,-0.064
2026082703,3801,551,0,0,0,1,1.69035,1.31816,26.7115,12.3059,0,0,0,0,0,0,0,0,0.128,-0.0776267,0.128,-0.0776267
2026082703,3802,552,0,0,0,1,1.68011,1.31194,26.7115,12.3059,0,0,0,0,0,0,0,0,0.128351,-0.0776267,0.128351,-0.0776267
2026082703,3803,553,0,0,0,1,1.66983,1.30573,26.7115,12.3059,0,0,0,0,0,0,0,0,0.128351,-0.0776267,0.128351,-0.0776267
2026082703,3804,554,0,0,0,1,1.65955,1.29951,26.7115,12.3059,0,0,0,0,0,0,0,0,0.128351,-0.0776267,0.128351,-0.0776267
2026082703,3805,555,0,0,0,1,1.64926,1.29329,26.7115,12.3059,0,0,0,0,0,0,0,0,0.128351,-0.0776267,0.128351,-0.0776267
2026082703,3806,556,0,0,0,1,1.63898,1.28707,26.7115,12.3059,0,0,0,0,0,0,0,0,0.128351,-0.0776267,0.128351,-0.0776267
2026082703,3807,557,0,0,0,1,1.6287,1.28085,26.7115,12.3059,0,0,0,0,0,0,0,0,0.128351,-0.0776267,0.128351,-0.0776267
2026082703,3808,558,0,0,0,1,1.61842,1.27464,26.7115,12.3059,0,0,0,0,0,0,0,0,0.128351,-0.0776267,0.128351,-0.0776267
2026082703,3809,559,0,0,0,1,1.60814,1.26842,26.7115,12.3059,0,0,0,0,0,0,0,0,0.128351,-0.0776267,0.128351,-0.0776267
2026082703,3810,560,1,0,0,1,1.59787,1.2622,26.7115,-0,0,0,0,0,0,0,0,0,0.143378,0,0.143378,0
2026082703,3811,561,0,0,0,1,1.58667,1.2622,26.7115,-0,0,0,0,0,0,0,0,0,0.143378,0,0.143378,0
2026082703,3812,562,0,0,0,1,1.57547,1.2622,26.7115,-0,0,0,0,0,0,0,0,0,0.143378,0,0.143378,0
2026082703,3813,563,0,0,0,1,1.56427,1.2622,26.7115,-0,0,0,0,0,0,0,0,0,0.143378,0,0.143378,0
2026082703,3814,564,0,0,0,1,1.55307,1.2622,26.7115,-0,0,0,0,0,0,0,0,0,0.143378,0,0.143378,0
2026082703,3815,565,0,0,0,1,1.54187,1.2622,26.7115,-0,0,0,0,0,0,0,0,0,0.143378,0,0.143378,0
2026082703,3816,566,0,0,0,1,1.53068,1.2622,26.7115,-0,0,0,0,0,0,0,0,0,0.143378,0,0.143378,0
2026082703,3817,567,0,0,0,1,1.51948,1.2622,26.7115,-0,0,0,0,0,0,0,0,0,0.143378,0,0.143378,0
2026082703,3818,568,0,0,0,1,1.50828,1.2622,26.7115,-0,0,0,0,0,0,0,0,0,0.143378,0,0.143378,0
2026082703,3819,569,0,0,0,1,1.49709,1.2622,26.7115,-0,0,0,0,0,0,0,0,0,0.143378,0,0.143378,0
2026082703,3820,570,1,0,0,1,1.48589,1.2622,13.3046,12.3059,0,0,0,0,0,0,0,0,0.0953782,0,0.0953782,0
2026082703,3821,571,0,0,0,1,1.48019,1.2622,14.5541,13.4616,0,0,0,0,0,0,0,0,0.0473782,0,0.0473782,0
2026082703,3822,572,0,0,0,1,1.47736,1.2622,14.5541,13.4616,0,0,0,0,0,0,0,0,0,0,0,0
2026082703,3823,573,0,0,0,1,1.47736,1.2622,14.5541,13.4616,0,0,0,0,0,0,0,0,0,0,0,0
2026082703,3824,574,0,0,0,1,1.47736,1.2622,14.5541,13.4616,0,0,0,0,0,0,0,0,0,0,0,0
