seed,case,ms,delay_ms,capture_ms,noise_px,plant_scale,moving,curve,distance_px,force,mean_abs_error_px,rms_error_px,peak_error_px,center_crossings
5071,0,1000,21,8,0.272154,488.48,0,0,1,0.3,2.11266,2.14296,2.88489,17
5071,0,1000,21,8,0.272154,488.48,0,0,1,0.6,4.166,4.2132,6.84339,16
5071,0,1000,21,8,0.272154,488.48,0,0,1,1,6.95619,6.98357,9.76795,16
5071,0,1000,21,8,0.272154,488.48,0,0,6,0.3,0.0862387,0.0979915,0.198081,6
5071,0,1000,21,8,0.272154,488.48,0,0,6,0.6,0.288054,0.394534,1.33326,14
5071,0,1000,21,8,0.272154,488.48,0,0,6,1,5.84967,6.35359,9.38986,16
5071,0,1000,21,8,0.272154,488.48,0,0,18,0.3,0.201125,0.357838,1.35489,1
5071,0,1000,21,8,0.272154,488.48,0,0,18,0.6,0.0705171,0.078697,0.153511,1
5071,0,1000,21,8,0.272154,488.48,0,0,18,1,0.0898163,0.102,0.188638,6
5071,0,1000,21,8,0.272154,488.48,0,0,36,0.3,1.07521,1.46365,3.8178,0
5071,0,1000,21,8,0.272154,488.48,0,0,36,0.6,0.201125,0.357838,1.35489,1
5071,0,1000,21,8,0.272154,488.48,0,0,36,1,0.0711409,0.0860373,0.259581,1
5071,0,1000,21,8,0.272154,488.48,0,1,1,0.3,1.32703,1.36566,2.00954,17
5071,0,1000,21,8,0.272154,488.48,0,1,1,0.6,4.65307,4.73233,7.39973,16
5071,0,1000,21,8,0.272154,488.48,0,1,1,1,14.5406,14.8902,20.8,16
5071,0,1000,21,8,0.272154,488.48,0,1,6,0.3,0.0874722,0.0998863,0.203192,6
5071,0,1000,21,8,0.272154,488.48,0,1,6,0.6,0.300575,0.419584,1.47912,14
5071,0,1000,21,8,0.272154,488.48,0,1,6,1,13.654,14.9657,22.293,16
5071,0,1000,21,8,0.272154,488.48,0,1,18,0.3,0.201125,0.357838,1.35489,1
5071,0,1000,21,8,0.272154,488.48,0,1,18,0.6,0.0705172,0.0786975,0.153512,1
5071,0,1000,21,8,0.272154,488.48,0,1,18,1,0.0898163,0.102,0.188638,6
5071,0,1000,21,8,0.272154,488.48,0,1,36,0.3,1.07521,1.46365,3.8178,0
5071,0,1000,21,8,0.272154,488.48,0,1,36,0.6,0.201125,0.357838,1.35489,1
5071,0,1000,21,8,0.272154,488.48,0,1,36,1,0.071141,0.0860373,0.259581,1
5071,0,1000,21,8,0.272154,488.48,0,2,1,0.3,1.58418,1.61959,2.21154,17
5071,0,1000,21,8,0.272154,488.48,0,2,1,0.6,4.4532,4.52522,7.13777,16
5071,0,1000,21,8,0.272154,488.48,0,2,1,1,9.16608,9.21504,12.2743,16
5071,0,1000,21,8,0.272154,488.48,0,2,6,0.3,0.0870741,0.0993045,0.208629,6
5071,0,1000,21,8,0.272154,488.48,0,2,6,0.6,0.295185,0.408736,1.40977,14
5071,0,1000,21,8,0.272154,488.48,0,2,6,1,7.87827,8.56515,12.7312,16
5071,0,1000,21,8,0.272154,488.48,0,2,18,0.3,0.201125,0.357838,1.35489,1
5071,0,1000,21,8,0.272154,488.48,0,2,18,0.6,0.0705174,0.0786972,0.153511,1
5071,0,1000,21,8,0.272154,488.48,0,2,18,1,0.0898165,0.102,0.188638,6
5071,0,1000,21,8,0.272154,488.48,0,2,36,0.3,1.07521,1.46365,3.8178,0
5071,0,1000,21,8,0.272154,488.48,0,2,36,0.6,0.201125,0.357838,1.35489,1
5071,0,1000,21,8,0.272154,488.48,0,2,36,1,0.0711409,0.0860373,0.259581,1
5071,1,5000,5,4,0.101242,429.72,1,0,1,0.3,0.0563209,0.0635718,0.19656,116
5071,1,5000,5,4,0.101242,429.72,1,0,1,0.6,0.102721,0.116451,0.343127,194
5071,1,5000,5,4,0.101242,429.72,1,0,1,1,0.102721,0.116452,0.343127,194
5071,1,5000,5,4,0.101242,429.72,1,0,6,0.3,0.0634194,0.0691415,0.133185,1
5071,1,5000,5,4,0.101242,429.72,1,0,6,0.6,0.0373452,0.0414095,0.0982314,1
5071,1,5000,5,4,0.101242,429.72,1,0,6,1,0.0364878,0.041115,0.117676,10
5071,1,5000,5,4,0.101242,429.72,1,0,18,0.3,0.191275,0.206957,0.317926,1
5071,1,5000,5,4,0.101242,429.72,1,0,18,0.6,0.0944838,0.102755,0.176839,1
5071,1,5000,5,4,0.101242,429.72,1,0,18,1,0.0574734,0.0627235,0.124865,1
5071,1,5000,5,4,0.101242,429.72,1,0,36,0.3,0.402413,0.431383,0.725523,1
5071,1,5000,5,4,0.101242,429.72,1,0,36,0.6,0.191275,0.206957,0.317926,1
5071,1,5000,5,4,0.101242,429.72,1,0,36,1,0.113622,0.123401,0.204688,1
5071,1,5000,5,4,0.101242,429.72,1,1,1,0.3,0.0563209,0.0635719,0.196561,116
5071,1,5000,5,4,0.101242,429.72,1,1,1,0.6,0.102721,0.116451,0.343128,194
5071,1,5000,5,4,0.101242,429.72,1,1,1,1,0.102721,0.116451,0.343128,194
5071,1,5000,5,4,0.101242,429.72,1,1,6,0.3,0.0634196,0.0691419,0.133186,1
5071,1,5000,5,4,0.101242,429.72,1,1,6,0.6,0.0373452,0.0414095,0.0982314,1
5071,1,5000,5,4,0.101242,429.72,1,1,6,1,0.0364878,0.041115,0.117676,10
5071,1,5000,5,4,0.101242,429.72,1,1,18,0.3,0.191275,0.206957,0.317926,1
5071,1,5000,5,4,0.101242,429.72,1,1,18,0.6,0.0944838,0.102755,0.176839,1
5071,1,5000,5,4,0.101242,429.72,1,1,18,1,0.0574734,0.0627235,0.124865,1
5071,1,5000,5,4,0.101242,429.72,1,1,36,0.3,0.402413,0.431383,0.725523,1
5071,1,5000,5,4,0.101242,429.72,1,1,36,0.6,0.191275,0.206957,0.317926,1
5071,1,5000,5,4,0.101242,429.72,1,1,36,1,0.113622,0.123401,0.204688,1
5071,1,5000,5,4,0.101242,429.72,1,2,1,0.3,0.0563209,0.0635718,0.19656,116
5071,1,5000,5,4,0.101242,429.72,1,2,1,0.6,0.102721,0.116451,0.343128,194
5071,1,5000,5,4,0.101242,429.72,1,2,1,1,0.102721,0.116451,0.343128,194
5071,1,5000,5,4,0.101242,429.72,1,2,6,0.3,0.0634195,0.0691418,0.133186,1
5071,1,5000,5,4,0.101242,429.72,1,2,6,0.6,0.0373452,0.0414095,0.0982314,1
5071,1,5000,5,4,0.101242,429.72,1,2,6,1,0.0364878,0.0411149,0.117677,10
5071,1,5000,5,4,0.101242,429.72,1,2,18,0.3,0.191275,0.206957,0.317926,1
5071,1,5000,5,4,0.101242,429.72,1,2,18,0.6,0.0944838,0.102755,0.176841,1
5071,1,5000,5,4,0.101242,429.72,1,2,18,1,0.0574734,0.0627235,0.124865,1
5071,1,5000,5,4,0.101242,429.72,1,2,36,0.3,0.402413,0.431383,0.725523,1
5071,1,5000,5,4,0.101242,429.72,1,2,36,0.6,0.191275,0.206957,0.317926,1
5071,1,5000,5,4,0.101242,429.72,1,2,36,1,0.113622,0.123401,0.204688,1
5071,2,1000,7,8,0.742652,597.52,1,0,1,0.3,1.01767,1.11496,2.32755,36
5071,2,1000,7,8,0.742652,597.52,1,0,1,0.6,2.17178,2.24716,3.91213,36
5071,2,1000,7,8,0.742652,597.52,1,0,1,1,3.56119,3.60338,5.80588,37
5071,2,1000,7,8,0.742652,597.52,1,0,6,0.3,0.237469,0.263009,0.577699,19
5071,2,1000,7,8,0.742652,597.52,1,0,6,0.6,0.375495,0.420057,0.9774,25
5071,2,1000,7,8,0.742652,597.52,1,0,6,1,0.676169,0.778512,2.10598,33
5071,2,1000,7,8,0.742652,597.52,1,0,18,0.3,0.345484,0.361981,0.663589,1
5071,2,1000,7,8,0.742652,597.52,1,0,18,0.6,0.244102,0.262853,0.522783,3
5071,2,1000,7,8,0.742652,597.52,1,0,18,1,0.245629,0.27291,0.588563,21
5071,2,1000,7,8,0.742652,597.52,1,0,36,0.3,0.703,0.859941,2.62126,1
5071,2,1000,7,8,0.742652,597.52,1,0,36,0.6,0.345484,0.361981,0.663589,1
5071,2,1000,7,8,0.742652,597.52,1,0,36,1,0.262394,0.277808,0.46225,3
5071,2,1000,7,8,0.742652,597.52,1,1,1,0.3,0.69131,0.784968,1.86617,35
5071,2,1000,7,8,0.742652,597.52,1,1,1,0.6,2.37692,2.48027,4.35357,36
5071,2,1000,7,8,0.742652,597.52,1,1,1,1,7.55694,7.75126,12.1991,37
5071,2,1000,7,8,0.742652,597.52,1,1,6,0.3,0.237483,0.263057,0.579121,19
5071,2,1000,7,8,0.742652,597.52,1,1,6,0.6,0.375496,0.42006,0.9774,25
5071,2,1000,7,8,0.742652,597.52,1,1,6,1,0.676586,0.778633,2.10455,33
5071,2,1000,7,8,0.742652,597.52,1,1,18,0.3,0.345579,0.362298,0.675694,1
5071,2,1000,7,8,0.742652,597.52,1,1,18,0.6,0.244102,0.262853,0.522783,3
5071,2,1000,7,8,0.742652,597.52,1,1,18,1,0.245629,0.27291,0.588563,21
5071,2,1000,7,8,0.742652,597.52,1,1,36,0.3,0.703,0.859941,2.62126,1
5071,2,1000,7,8,0.742652,597.52,1,1,36,0.6,0.345484,0.361981,0.663589,1
5071,2,1000,7,8,0.742652,597.52,1,1,36,1,0.262393,0.277807,0.462251,3
5071,2,1000,7,8,0.742652,597.52,1,2,1,0.3,0.797445,0.892844,1.98676,35
5071,2,1000,7,8,0.742652,597.52,1,2,1,0.6,2.3332,2.41973,4.21782,36
5071,2,1000,7,8,0.742652,597.52,1,2,1,1,4.73979,4.79083,7.19922,37
5071,2,1000,7,8,0.742652,597.52,1,2,6,0.3,0.237478,0.263035,0.57841,19
5071,2,1000,7,8,0.742652,597.52,1,2,6,0.6,0.375496,0.420059,0.977388,25
5071,2,1000,7,8,0.742652,597.52,1,2,6,1,0.676626,0.778684,2.10461,33
5071,2,1000,7,8,0.742652,597.52,1,2,18,0.3,0.345482,0.361979,0.663589,1
5071,2,1000,7,8,0.742652,597.52,1,2,18,0.6,0.244102,0.262853,0.522783,3
5071,2,1000,7,8,0.742652,597.52,1,2,18,1,0.24563,0.27291,0.588564,21
5071,2,1000,7,8,0.742652,597.52,1,2,36,0.3,0.703,0.859941,2.62126,1
5071,2,1000,7,8,0.742652,597.52,1,2,36,0.6,0.345482,0.361979,0.663589,1
5071,2,1000,7,8,0.742652,597.52,1,2,36,1,0.262394,0.277808,0.46225,3
5071,3,5000,5,7,0.291656,572.24,0,0,1,0.3,0.358529,0.414023,1.22556,204
5071,3,5000,5,7,0.291656,572.24,0,0,1,0.6,1.48915,1.52018,2.55521,231
5071,3,5000,5,7,0.291656,572.24,0,0,1,1,2.65994,2.683,3.98048,230
5071,3,5000,5,7,0.291656,572.24,0,0,6,0.3,0.0654524,0.0728332,0.16686,35
5071,3,5000,5,7,0.291656,572.24,0,0,6,0.6,0.103476,0.11509,0.271327,97
5071,3,5000,5,7,0.291656,572.24,0,0,6,1,0.158876,0.176797,0.45374,155
5071,3,5000,5,7,0.291656,572.24,0,0,18,0.3,0.034601,0.0381335,0.0755298,3
5071,3,5000,5,7,0.291656,572.24,0,0,18,0.6,0.051468,0.0571295,0.12402,15
5071,3,5000,5,7,0.291656,572.24,0,0,18,1,0.0698057,0.0777094,0.1791,43
5071,3,5000,5,7,0.291656,572.24,0,0,36,0.3,0.0245865,0.0270993,0.0937534,0
5071,3,5000,5,7,0.291656,572.24,0,0,36,0.6,0.034601,0.0381335,0.0755298,3
5071,3,5000,5,7,0.291656,572.24,0,0,36,1,0.0462783,0.0513213,0.107521,9
5071,3,5000,5,7,0.291656,572.24,0,1,1,0.3,0.328727,0.370873,0.88826,210
5071,3,5000,5,7,0.291656,572.24,0,1,1,0.6,1.72204,1.76173,3.14464,231
5071,3,5000,5,7,0.291656,572.24,0,1,1,1,5.61224,5.75911,9.00865,230
5071,3,5000,5,7,0.291656,572.24,0,1,6,0.3,0.0654524,0.0728332,0.16686,35
5071,3,5000,5,7,0.291656,572.24,0,1,6,0.6,0.103476,0.11509,0.271327,97
5071,3,5000,5,7,0.291656,572.24,0,1,6,1,0.158876,0.176797,0.45374,155
5071,3,5000,5,7,0.291656,572.24,0,1,18,0.3,0.034601,0.0381335,0.0755298,3
5071,3,5000,5,7,0.291656,572.24,0,1,18,0.6,0.051468,0.0571295,0.12402,15
5071,3,5000,5,7,0.291656,572.24,0,1,18,1,0.0698057,0.0777094,0.1791,43
5071,3,5000,5,7,0.291656,572.24,0,1,36,0.3,0.0245865,0.0270993,0.0937534,0
5071,3,5000,5,7,0.291656,572.24,0,1,36,0.6,0.034601,0.0381335,0.0755298,3
5071,3,5000,5,7,0.291656,572.24,0,1,36,1,0.0462782,0.0513213,0.107521,9
5071,3,5000,5,7,0.291656,572.24,0,2,1,0.3,0.346145,0.394748,1.07505,206
5071,3,5000,5,7,0.291656,572.24,0,2,1,0.6,1.63871,1.67298,2.87511,231
5071,3,5000,5,7,0.291656,572.24,0,2,1,1,3.52386,3.55616,5.34007,232
5071,3,5000,5,7,0.291656,572.24,0,2,6,0.3,0.0654524,0.0728332,0.16686,35
5071,3,5000,5,7,0.291656,572.24,0,2,6,0.6,0.103476,0.11509,0.271327,97
5071,3,5000,5,7,0.291656,572.24,0,2,6,1,0.158876,0.176797,0.45374,155
5071,3,5000,5,7,0.291656,572.24,0,2,18,0.3,0.0346013,0.0381338,0.0755302,3
5071,3,5000,5,7,0.291656,572.24,0,2,18,0.6,0.051468,0.0571295,0.12402,15
5071,3,5000,5,7,0.291656,572.24,0,2,18,1,0.0698057,0.0777094,0.1791,43
5071,3,5000,5,7,0.291656,572.24,0,2,36,0.3,0.0245861,0.027099,0.0937537,0
5071,3,5000,5,7,0.291656,572.24,0,2,36,0.6,0.0346013,0.0381338,0.0755302,3
5071,3,5000,5,7,0.291656,572.24,0,2,36,1,0.0462782,0.0513214,0.107521,9
5071,4,1000,12,12,0.413764,529.44,1,0,1,0.3,1.5303,1.57764,2.72776,23
5071,4,1000,12,12,0.413764,529.44,1,0,1,0.6,3.16605,3.19097,4.27674,23
5071,4,1000,12,12,0.413764,529.44,1,0,1,1,5.25274,5.2842,7.14291,22
5071,4,1000,12,12,0.413764,529.44,1,0,6,0.3,0.13271,0.145411,0.271712,8
5071,4,1000,12,12,0.413764,529.44,1,0,6,0.6,0.274101,0.310076,0.642158,18
5071,4,1000,12,12,0.413764,529.44,1,0,6,1,4.2702,4.73797,6.87652,22
5071,4,1000,12,12,0.413764,529.44,1,0,18,0.3,0.177522,0.284,1.144,2
5071,4,1000,12,12,0.413764,529.44,1,0,18,0.6,0.099496,0.107371,0.197563,6
5071,4,1000,12,12,0.413764,529.44,1,0,18,1,0.144818,0.159747,0.312779,10
5071,4,1000,12,12,0.413764,529.44,1,0,36,0.3,0.848777,1.2506,3.48553,0
5071,4,1000,12,12,0.413764,529.44,1,0,36,0.6,0.177522,0.284,1.144,2
5071,4,1000,12,12,0.413764,529.44,1,0,36,1,0.0902336,0.0975791,0.177134,6
5071,4,1000,12,12,0.413764,529.44,1,1,1,0.3,0.918684,0.969088,1.73757,25
5071,4,1000,12,12,0.413764,529.44,1,1,1,0.6,3.48639,3.54528,5.17273,22
5071,4,1000,12,12,0.413764,529.44,1,1,1,1,10.8849,11.13,15.6887,22
5071,4,1000,12,12,0.413764,529.44,1,1,6,0.3,0.132615,0.14534,0.271712,8
5071,4,1000,12,12,0.413764,529.44,1,1,6,0.6,0.274353,0.310608,0.642996,18
5071,4,1000,12,12,0.413764,529.44,1,1,6,1,9.31319,10.3485,16.1738,22
5071,4,1000,12,12,0.413764,529.44,1,1,18,0.3,0.177522,0.284,1.144,2
5071,4,1000,12,12,0.413764,529.44,1,1,18,0.6,0.0994948,0.10737,0.197564,6
5071,4,1000,12,12,0.413764,529.44,1,1,18,1,0.144817,0.159746,0.312778,10
5071,4,1000,12,12,0.413764,529.44,1,1,36,0.3,0.848777,1.2506,3.48553,0
5071,4,1000,12,12,0.413764,529.44,1,1,36,0.6,0.177522,0.284,1.144,2
5071,4,1000,12,12,0.413764,529.44,1,1,36,1,0.0902336,0.0975791,0.177134,6
5071,4,1000,12,12,0.413764,529.44,1,2,1,0.3,1.14819,1.21524,2.38322,22
5071,4,1000,12,12,0.413764,529.44,1,2,1,0.6,3.38455,3.42653,4.74857,23
5071,4,1000,12,12,0.413764,529.44,1,2,1,1,6.93196,6.98231,9.53342,22
5071,4,1000,12,12,0.413764,529.44,1,2,6,0.3,0.132671,0.14538,0.271709,8
5071,4,1000,12,12,0.413764,529.44,1,2,6,0.6,0.274208,0.310379,0.642671,18
5071,4,1000,12,12,0.413764,529.44,1,2,6,1,5.77541,6.42289,9.08592,22
5071,4,1000,12,12,0.413764,529.44,1,2,18,0.3,0.177522,0.284,1.144,2
5071,4,1000,12,12,0.413764,529.44,1,2,18,0.6,0.099496,0.107371,0.197563,6
5071,4,1000,12,12,0.413764,529.44,1,2,18,1,0.144818,0.159747,0.312779,10
5071,4,1000,12,12,0.413764,529.44,1,2,36,0.3,0.848777,1.2506,3.48553,0
5071,4,1000,12,12,0.413764,529.44,1,2,36,0.6,0.177522,0.284,1.144,2
5071,4,1000,12,12,0.413764,529.44,1,2,36,1,0.0902336,0.0975791,0.177134,6
5071,5,5000,24,10,0.1768,448.44,1,0,1,0.3,2.24904,2.31006,3.61482,68
5071,5,5000,24,10,0.1768,448.44,1,0,1,0.6,4.43116,4.46457,5.92321,70
5071,5,5000,24,10,0.1768,448.44,1,0,1,1,7.39212,7.429,9.27036,70
5071,5,5000,24,10,0.1768,448.44,1,0,6,0.3,0.0908636,0.0995556,0.20792,2
5071,5,5000,24,10,0.1768,448.44,1,0,6,0.6,0.14134,0.163932,0.531787,52
5071,5,5000,24,10,0.1768,448.44,1,0,6,1,7.31276,7.4499,10.2869,70
5071,5,5000,24,10,0.1768,448.44,1,0,18,0.3,0.226394,0.239383,0.349305,2
5071,5,5000,24,10,0.1768,448.44,1,0,18,0.6,0.11949,0.128227,0.23304,2
5071,5,5000,24,10,0.1768,448.44,1,0,18,1,0.0877872,0.0967066,0.201575,6
5071,5,5000,24,10,0.1768,448.44,1,0,36,0.3,0.429359,0.452062,0.613397,2
5071,5,5000,24,10,0.1768,448.44,1,0,36,0.6,0.226394,0.239383,0.349305,2
5071,5,5000,24,10,0.1768,448.44,1,0,36,1,0.140242,0.149525,0.249954,2
5071,5,5000,24,10,0.1768,448.44,1,1,1,0.3,1.44199,1.51883,2.67899,68
5071,5,5000,24,10,0.1768,448.44,1,1,1,0.6,4.93708,5.00871,6.84499,70
5071,5,5000,24,10,0.1768,448.44,1,1,1,1,15.4687,15.8287,21.2076,70
5071,5,5000,24,10,0.1768,448.44,1,1,6,0.3,0.0908622,0.0995543,0.20792,2
5071,5,5000,24,10,0.1768,448.44,1,1,6,0.6,0.140276,0.162994,0.531787,52
5071,5,5000,24,10,0.1768,448.44,1,1,6,1,15.8468,16.4901,23.5144,69
5071,5,5000,24,10,0.1768,448.44,1,1,18,0.3,0.226394,0.239383,0.349306,2
5071,5,5000,24,10,0.1768,448.44,1,1,18,0.6,0.11949,0.128227,0.23304,2
5071,5,5000,24,10,0.1768,448.44,1,1,18,1,0.0877866,0.096706,0.201574,6
5071,5,5000,24,10,0.1768,448.44,1,1,36,0.3,0.429359,0.452062,0.613397,2
5071,5,5000,24,10,0.1768,448.44,1,1,36,0.6,0.226394,0.239383,0.349306,2
5071,5,5000,24,10,0.1768,448.44,1,1,36,1,0.140242,0.149525,0.249955,2
5071,5,5000,24,10,0.1768,448.44,1,2,1,0.3,1.70324,1.78011,3.06658,68
5071,5,5000,24,10,0.1768,448.44,1,2,1,0.6,4.73522,4.78914,6.47523,70
5071,5,5000,24,10,0.1768,448.44,1,2,1,1,9.75168,9.81306,12.1758,70
5071,5,5000,24,10,0.1768,448.44,1,2,6,0.3,0.0908632,0.0995552,0.207921,2
5071,5,5000,24,10,0.1768,448.44,1,2,6,0.6,0.140748,0.1634,0.531787,52
5071,5,5000,24,10,0.1768,448.44,1,2,6,1,9.73343,9.93711,13.7146,68
5071,5,5000,24,10,0.1768,448.44,1,2,18,0.3,0.226394,0.239383,0.349305,2
5071,5,5000,24,10,0.1768,448.44,1,2,18,0.6,0.11949,0.128227,0.233035,2
5071,5,5000,24,10,0.1768,448.44,1,2,18,1,0.0877868,0.0967062,0.201574,6
5071,5,5000,24,10,0.1768,448.44,1,2,36,0.3,0.429359,0.452062,0.613397,2
5071,5,5000,24,10,0.1768,448.44,1,2,36,0.6,0.226394,0.239383,0.349305,2
5071,5,5000,24,10,0.1768,448.44,1,2,36,1,0.140242,0.149525,0.249955,2
5071,6,1000,13,10,0.257552,413.24,0,0,1,0.3,1.03153,1.13758,1.97113,22
5071,6,1000,13,10,0.257552,413.24,0,0,1,0.6,2.44825,2.46973,3.58122,23
5071,6,1000,13,10,0.257552,413.24,0,0,1,1,4.09545,4.11461,5.06788,24
5071,6,1000,13,10,0.257552,413.24,0,0,6,0.3,0.0465322,0.0552576,0.136276,5
5071,6,1000,13,10,0.257552,413.24,0,0,6,0.6,0.0888736,0.101229,0.25042,13
5071,6,1000,13,10,0.257552,413.24,0,0,6,1,0.201145,0.236459,0.80144,21
5071,6,1000,13,10,0.257552,413.24,0,0,18,0.3,0.359862,0.591598,2.015,0
5071,6,1000,13,10,0.257552,413.24,0,0,18,0.6,0.0480539,0.0631823,0.282614,1
5071,6,1000,13,10,0.257552,413.24,0,0,18,1,0.0516429,0.06074,0.14299,7
5071,6,1000,13,10,0.257552,413.24,0,0,36,0.3,1.51989,1.88985,4.44091,0
5071,6,1000,13,10,0.257552,413.24,0,0,36,0.6,0.359862,0.591598,2.015,0
5071,6,1000,13,10,0.257552,413.24,0,0,36,1,0.0776129,0.128138,0.582479,1
5071,6,1000,13,10,0.257552,413.24,0,1,1,0.3,0.754477,0.792002,1.3062,23
5071,6,1000,13,10,0.257552,413.24,0,1,1,0.6,2.73756,2.77911,4.01495,24
5071,6,1000,13,10,0.257552,413.24,0,1,1,1,8.63673,8.84487,14.2543,22
5071,6,1000,13,10,0.257552,413.24,0,1,6,0.3,0.0461521,0.0550444,0.136274,5
5071,6,1000,13,10,0.257552,413.24,0,1,6,0.6,0.0888434,0.101206,0.250418,13
5071,6,1000,13,10,0.257552,413.24,0,1,6,1,0.223721,0.271554,0.960466,21
5071,6,1000,13,10,0.257552,413.24,0,1,18,0.3,0.359862,0.591598,2.015,0
5071,6,1000,13,10,0.257552,413.24,0,1,18,0.6,0.0480539,0.0631827,0.282616,1
5071,6,1000,13,10,0.257552,413.24,0,1,18,1,0.0516427,0.0607398,0.142989,7
5071,6,1000,13,10,0.257552,413.24,0,1,36,0.3,1.51989,1.88985,4.44091,0
5071,6,1000,13,10,0.257552,413.24,0,1,36,0.6,0.359862,0.591598,2.015,0
5071,6,1000,13,10,0.257552,413.24,0,1,36,1,0.0776131,0.128138,0.58248,1
5071,6,1000,13,10,0.257552,413.24,0,2,1,0.3,0.922425,0.966897,1.62254,21
5071,6,1000,13,10,0.257552,413.24,0,2,1,0.6,2.6232,2.65639,3.9973,24
5071,6,1000,13,10,0.257552,413.24,0,2,1,1,5.40749,5.44178,7.47942,24
5071,6,1000,13,10,0.257552,413.24,0,2,6,0.3,0.0463384,0.0551173,0.136275,5
5071,6,1000,13,10,0.257552,413.24,0,2,6,0.6,0.0888544,0.101214,0.250419,13
5071,6,1000,13,10,0.257552,413.24,0,2,6,1,0.216382,0.259342,0.882906,21
5071,6,1000,13,10,0.257552,413.24,0,2,18,0.3,0.359862,0.591598,2.015,0
5071,6,1000,13,10,0.257552,413.24,0,2,18,0.6,0.0480537,0.063182,0.282612,1
5071,6,1000,13,10,0.257552,413.24,0,2,18,1,0.0516429,0.06074,0.14299,7
5071,6,1000,13,10,0.257552,413.24,0,2,36,0.3,1.51989,1.88985,4.44091,0
5071,6,1000,13,10,0.257552,413.24,0,2,36,0.6,0.359862,0.591598,2.015,0
5071,6,1000,13,10,0.257552,413.24,0,2,36,1,0.0776127,0.128137,0.582478,1
5071,7,5000,14,8,0.513528,433.8,1,0,1,0.3,1.16475,1.24982,2.40522,112
5071,7,5000,14,8,0.513528,433.8,1,0,1,0.6,2.64992,2.6742,3.72188,111
5071,7,5000,14,8,0.513528,433.8,1,0,1,1,4.41357,4.43738,5.76873,112
5071,7,5000,14,8,0.513528,433.8,1,0,6,0.3,0.127067,0.144159,0.346423,42
5071,7,5000,14,8,0.513528,433.8,1,0,6,0.6,0.209029,0.235336,0.584737,77
5071,7,5000,14,8,0.513528,433.8,1,0,6,1,0.422412,0.489418,1.49469,99
5071,7,5000,14,8,0.513528,433.8,1,0,18,0.3,0.123305,0.135012,0.274864,3
5071,7,5000,14,8,0.513528,433.8,1,0,18,0.6,0.108252,0.122382,0.296963,21
5071,7,5000,14,8,0.513528,433.8,1,0,18,1,0.135053,0.153097,0.359161,46
5071,7,5000,14,8,0.513528,433.8,1,0,36,0.3,0.228735,0.24481,0.538636,1
5071,7,5000,14,8,0.513528,433.8,1,0,36,0.6,0.123305,0.135012,0.274864,3
5071,7,5000,14,8,0.513528,433.8,1,0,36,1,0.106012,0.119151,0.281816,15
5071,7,5000,14,8,0.513528,433.8,1,1,1,0.3,0.71204,0.778196,1.65864,114
5071,7,5000,14,8,0.513528,433.8,1,1,1,0.6,2.94248,2.98696,4.34627,112
5071,7,5000,14,8,0.513528,433.8,1,1,1,1,9.23103,9.44676,12.9731,111
5071,7,5000,14,8,0.513528,433.8,1,1,6,0.3,0.127067,0.144159,0.34642,42
5071,7,5000,14,8,0.513528,433.8,1,1,6,0.6,0.20903,0.235336,0.584743,77
5071,7,5000,14,8,0.513528,433.8,1,1,6,1,0.422382,0.489338,1.49469,99
5071,7,5000,14,8,0.513528,433.8,1,1,18,0.3,0.123304,0.135012,0.274864,3
5071,7,5000,14,8,0.513528,433.8,1,1,18,0.6,0.108253,0.122382,0.296964,21
5071,7,5000,14,8,0.513528,433.8,1,1,18,1,0.135053,0.153097,0.359162,46
5071,7,5000,14,8,0.513528,433.8,1,1,36,0.3,0.228736,0.24481,0.538635,1
5071,7,5000,14,8,0.513528,433.8,1,1,36,0.6,0.123304,0.135012,0.274864,3
5071,7,5000,14,8,0.513528,433.8,1,1,36,1,0.106012,0.119151,0.281816,15
5071,7,5000,14,8,0.513528,433.8,1,2,1,0.3,0.863417,0.934704,2.01004,112
5071,7,5000,14,8,0.513528,433.8,1,2,1,0.6,2.82451,2.85872,4.09514,112
5071,7,5000,14,8,0.513528,433.8,1,2,1,1,5.80952,5.84617,7.42964,111
5071,7,5000,14,8,0.513528,433.8,1,2,6,0.3,0.127067,0.144159,0.346421,42
5071,7,5000,14,8,0.513528,433.8,1,2,6,0.6,0.20903,0.235336,0.584743,77
5071,7,5000,14,8,0.513528,433.8,1,2,6,1,0.422385,0.489351,1.49469,99
5071,7,5000,14,8,0.513528,433.8,1,2,18,0.3,0.123305,0.135012,0.274864,3
5071,7,5000,14,8,0.513528,433.8,1,2,18,0.6,0.108252,0.122382,0.296963,21
5071,7,5000,14,8,0.513528,433.8,1,2,18,1,0.135052,0.153097,0.35916,46
5071,7,5000,14,8,0.513528,433.8,1,2,36,0.3,0.228735,0.244809,0.538636,1
5071,7,5000,14,8,0.513528,433.8,1,2,36,0.6,0.123305,0.135012,0.274864,3
5071,7,5000,14,8,0.513528,433.8,1,2,36,1,0.106012,0.119151,0.281816,15
5071,8,1000,10,5,0.113884,423,1,0,1,0.3,0.659504,0.733824,1.29314,32
5071,8,1000,10,5,0.113884,423,1,0,1,0.6,1.78245,1.80338,2.86965,33
5071,8,1000,10,5,0.113884,423,1,0,1,1,2.86909,2.9305,4.29235,32
5071,8,1000,10,5,0.113884,423,1,0,6,0.3,0.112484,0.127327,0.244271,0
5071,8,1000,10,5,0.113884,423,1,0,6,0.6,0.0646538,0.0711263,0.154824,1
5071,8,1000,10,5,0.113884,423,1,0,6,1,0.067426,0.0739856,0.155875,11
5071,8,1000,10,5,0.113884,423,1,0,18,0.3,0.700445,0.915659,2.51291,0
5071,8,1000,10,5,0.113884,423,1,0,18,0.6,0.194218,0.233117,0.626498,0
5071,8,1000,10,5,0.113884,423,1,0,18,1,0.0994461,0.111593,0.205588,0
5071,8,1000,10,5,0.113884,423,1,0,36,0.3,2.14161,2.46383,5.02317,0
5071,8,1000,10,5,0.113884,423,1,0,36,0.6,0.700445,0.915659,2.51291,0
5071,8,1000,10,5,0.113884,423,1,0,36,1,0.266766,0.336095,0.983628,0
5071,8,1000,10,5,0.113884,423,1,1,1,0.3,0.426706,0.481611,0.987578,32
5071,8,1000,10,5,0.113884,423,1,1,1,0.6,1.99459,2.03226,3.29785,33
5071,8,1000,10,5,0.113884,423,1,1,1,1,6.18505,6.38158,9.66557,32
5071,8,1000,10,5,0.113884,423,1,1,6,0.3,0.121861,0.146233,0.451851,0
5071,8,1000,10,5,0.113884,423,1,1,6,0.6,0.0646527,0.0711247,0.154812,1
5071,8,1000,10,5,0.113884,423,1,1,6,1,0.0674267,0.0742839,0.157702,11
5071,8,1000,10,5,0.113884,423,1,1,18,0.3,0.703406,0.92052,2.53014,0
5071,8,1000,10,5,0.113884,423,1,1,18,0.6,0.194217,0.233117,0.626497,0
5071,8,1000,10,5,0.113884,423,1,1,18,1,0.099447,0.111594,0.20559,0
5071,8,1000,10,5,0.113884,423,1,1,36,0.3,2.1416,2.46383,5.02317,0
5071,8,1000,10,5,0.113884,423,1,1,36,0.6,0.700445,0.915659,2.51291,0
5071,8,1000,10,5,0.113884,423,1,1,36,1,0.266765,0.336095,0.983628,0
5071,8,1000,10,5,0.113884,423,1,2,1,0.3,0.500895,0.559607,1.01714,33
5071,8,1000,10,5,0.113884,423,1,2,1,0.6,1.91518,1.94308,3.06359,33
5071,8,1000,10,5,0.113884,423,1,2,1,1,3.87245,3.94167,5.82709,32
5071,8,1000,10,5,0.113884,423,1,2,6,0.3,0.115347,0.132601,0.308034,0
5071,8,1000,10,5,0.113884,423,1,2,6,0.6,0.0646532,0.0711254,0.154812,1
5071,8,1000,10,5,0.113884,423,1,2,6,1,0.0674162,0.0741555,0.155873,11
5071,8,1000,10,5,0.113884,423,1,2,18,0.3,0.700445,0.915659,2.51291,0
5071,8,1000,10,5,0.113884,423,1,2,18,0.6,0.194218,0.233117,0.626498,0
5071,8,1000,10,5,0.113884,423,1,2,18,1,0.0994469,0.111594,0.205589,0
5071,8,1000,10,5,0.113884,423,1,2,36,0.3,2.14161,2.46383,5.02317,0
5071,8,1000,10,5,0.113884,423,1,2,36,0.6,0.700445,0.915659,2.51291,0
5071,8,1000,10,5,0.113884,423,1,2,36,1,0.266766,0.336096,0.983629,0
5071,9,5000,19,6,0.03225,410.38,0,0,1,0.3,1.55301,1.57191,1.95353,91
5071,9,5000,19,6,0.03225,410.38,0,0,1,0.6,3.08893,3.09838,3.50121,92
5071,9,5000,19,6,0.03225,410.38,0,0,1,1,5.14807,5.16407,5.80781,92
5071,9,5000,19,6,0.03225,410.38,0,0,6,0.3,0.00674134,0.00759045,0.0182761,0
5071,9,5000,19,6,0.03225,410.38,0,0,6,0.6,0.0125813,0.0140908,0.0401859,0
5071,9,5000,19,6,0.03225,410.38,0,0,6,1,0.155988,0.265616,1.16165,61
5071,9,5000,19,6,0.03225,410.38,0,0,18,0.3,0.00357564,0.00392021,0.0100862,0
5071,9,5000,19,6,0.03225,410.38,0,0,18,0.6,0.00516273,0.00575606,0.0129924,0
5071,9,5000,19,6,0.03225,410.38,0,0,18,1,0.00729105,0.008219,0.0198883,0
5071,9,5000,19,6,0.03225,410.38,0,0,36,0.3,0.0234569,0.0575997,0.2949,0
5071,9,5000,19,6,0.03225,410.38,0,0,36,0.6,0.00357564,0.00392021,0.0100862,0
5071,9,5000,19,6,0.03225,410.38,0,0,36,1,0.00463583,0.00513774,0.0111863,0
5071,9,5000,19,6,0.03225,410.38,0,1,1,0.3,0.993418,1.01392,1.33343,92
5071,9,5000,19,6,0.03225,410.38,0,1,1,0.6,3.43933,3.47648,4.21507,91
5071,9,5000,19,6,0.03225,410.38,0,1,1,1,10.7789,11.0236,14.0347,92
5071,9,5000,19,6,0.03225,410.38,0,1,6,0.3,0.00674133,0.00759049,0.0182761,0
5071,9,5000,19,6,0.03225,410.38,0,1,6,0.6,0.0125813,0.0140908,0.0401855,0
5071,9,5000,19,6,0.03225,410.38,0,1,6,1,0.212751,0.381066,1.73193,65
5071,9,5000,19,6,0.03225,410.38,0,1,18,0.3,0.00357552,0.00392005,0.0100864,0
5071,9,5000,19,6,0.03225,410.38,0,1,18,0.6,0.00516262,0.00575597,0.0129923,0
5071,9,5000,19,6,0.03225,410.38,0,1,18,1,0.00729105,0.008219,0.0198883,0
5071,9,5000,19,6,0.03225,410.38,0,1,36,0.3,0.023457,0.0575996,0.2949,0
5071,9,5000,19,6,0.03225,410.38,0,1,36,0.6,0.00357552,0.00392005,0.0100864,0
5071,9,5000,19,6,0.03225,410.38,0,1,36,1,0.00463593,0.00513782,0.0111873,0
5071,9,5000,19,6,0.03225,410.38,0,2,1,0.3,1.17987,1.20497,1.57812,92
5071,9,5000,19,6,0.03225,410.38,0,2,1,0.6,3.30017,3.32467,3.92935,91
5071,9,5000,19,6,0.03225,410.38,0,2,1,1,6.79317,6.82802,7.86878,92
5071,9,5000,19,6,0.03225,410.38,0,2,6,0.3,0.00674134,0.00759045,0.0182761,0
5071,9,5000,19,6,0.03225,410.38,0,2,6,0.6,0.0125813,0.0140908,0.0401859,0
5071,9,5000,19,6,0.03225,410.38,0,2,6,1,0.194601,0.343864,1.55842,63
5071,9,5000,19,6,0.03225,410.38,0,2,18,0.3,0.00357563,0.0039202,0.010086,0
5071,9,5000,19,6,0.03225,410.38,0,2,18,0.6,0.00516253,0.00575593,0.0129933,0
5071,9,5000,19,6,0.03225,410.38,0,2,18,1,0.00729107,0.00821903,0.0198883,0
5071,9,5000,19,6,0.03225,410.38,0,2,36,0.3,0.0234569,0.0575997,0.2949,0
5071,9,5000,19,6,0.03225,410.38,0,2,36,0.6,0.00357563,0.0039202,0.010086,0
5071,9,5000,19,6,0.03225,410.38,0,2,36,1,0.00463583,0.00513774,0.0111863,0
5071,10,1000,4,4,0.437872,595.58,1,0,1,0.3,0.332327,0.370055,0.902413,64
5071,10,1000,4,4,0.437872,595.58,1,0,1,0.6,0.859465,0.921555,1.72698,66
5071,10,1000,4,4,0.437872,595.58,1,0,1,1,1.0408,1.13083,2.35043,68
5071,10,1000,4,4,0.437872,595.58,1,0,6,0.3,0.147227,0.163267,0.323666,8
5071,10,1000,4,4,0.437872,595.58,1,0,6,0.6,0.148357,0.162375,0.307246,20
5071,10,1000,4,4,0.437872,595.58,1,0,6,1,0.197687,0.218997,0.513308,40
5071,10,1000,4,4,0.437872,595.58,1,0,18,0.3,0.301271,0.332768,0.716971,2
5071,10,1000,4,4,0.437872,595.58,1,0,18,0.6,0.181751,0.207011,0.387753,4
5071,10,1000,4,4,0.437872,595.58,1,0,18,1,0.143175,0.15724,0.311669,8
5071,10,1000,4,4,0.437872,595.58,1,0,36,0.3,0.579915,0.777952,2.57118,2
5071,10,1000,4,4,0.437872,595.58,1,0,36,0.6,0.301271,0.332768,0.716971,2
5071,10,1000,4,4,0.437872,595.58,1,0,36,1,0.205837,0.233955,0.420106,2
5071,10,1000,4,4,0.437872,595.58,1,1,1,0.3,0.30109,0.337043,0.833338,56
5071,10,1000,4,4,0.437872,595.58,1,1,1,0.6,0.897875,0.975159,2.29,68
5071,10,1000,4,4,0.437872,595.58,1,1,1,1,1.35127,1.53552,4.04941,68
5071,10,1000,4,4,0.437872,595.58,1,1,6,0.3,0.146856,0.162848,0.32341,8
5071,10,1000,4,4,0.437872,595.58,1,1,6,0.6,0.148357,0.162375,0.307246,20
5071,10,1000,4,4,0.437872,595.58,1,1,6,1,0.197687,0.218997,0.513306,40
5071,10,1000,4,4,0.437872,595.58,1,1,18,0.3,0.301426,0.333388,0.740685,2
5071,10,1000,4,4,0.437872,595.58,1,1,18,0.6,0.181751,0.207011,0.387753,4
5071,10,1000,4,4,0.437872,595.58,1,1,18,1,0.143175,0.15724,0.311667,8
5071,10,1000,4,4,0.437872,595.58,1,1,36,0.3,0.579915,0.777951,2.57118,2
5071,10,1000,4,4,0.437872,595.58,1,1,36,0.6,0.301271,0.332768,0.716973,2
5071,10,1000,4,4,0.437872,595.58,1,1,36,1,0.205837,0.233955,0.420106,2
5071,10,1000,4,4,0.437872,595.58,1,2,1,0.3,0.314643,0.349956,0.835122,58
5071,10,1000,4,4,0.437872,595.58,1,2,1,0.6,0.890464,0.959859,2.10968,66
5071,10,1000,4,4,0.437872,595.58,1,2,1,1,1.26209,1.38167,2.83592,66
5071,10,1000,4,4,0.437872,595.58,1,2,6,0.3,0.147111,0.163135,0.32357,8
5071,10,1000,4,4,0.437872,595.58,1,2,6,0.6,0.148357,0.162375,0.307248,20
5071,10,1000,4,4,0.437872,595.58,1,2,6,1,0.197687,0.218997,0.513308,40
5071,10,1000,4,4,0.437872,595.58,1,2,18,0.3,0.301271,0.332768,0.716972,2
5071,10,1000,4,4,0.437872,595.58,1,2,18,0.6,0.181751,0.207011,0.387753,4
5071,10,1000,4,4,0.437872,595.58,1,2,18,1,0.143175,0.15724,0.311669,8
5071,10,1000,4,4,0.437872,595.58,1,2,36,0.3,0.579915,0.777951,2.57118,2
5071,10,1000,4,4,0.437872,595.58,1,2,36,0.6,0.301271,0.332768,0.716972,2
5071,10,1000,4,4,0.437872,595.58,1,2,36,1,0.205837,0.233955,0.420106,2
5071,11,5000,13,8,0.496574,573.32,1,0,1,0.3,1.61176,1.71163,3.59056,115
5071,11,5000,13,8,0.496574,573.32,1,0,1,0.6,3.32188,3.37295,5.0422,117
5071,11,5000,13,8,0.496574,573.32,1,0,1,1,5.49756,5.53927,7.69452,117
5071,11,5000,13,8,0.496574,573.32,1,0,6,0.3,0.174824,0.199303,0.534901,42
5071,11,5000,13,8,0.496574,573.32,1,0,6,0.6,0.329741,0.378078,1.02652,107
5071,11,5000,13,8,0.496574,573.32,1,0,6,1,3.96896,4.40991,7.73196,117
5071,11,5000,13,8,0.496574,573.32,1,0,18,0.3,0.375774,0.403587,0.661308,2
5071,11,5000,13,8,0.496574,573.32,1,0,18,0.6,0.199019,0.222536,0.506339,14
5071,11,5000,13,8,0.496574,573.32,1,0,18,1,0.179237,0.204687,0.560454,58
5071,11,5000,13,8,0.496574,573.32,1,0,36,0.3,0.709457,0.762428,1.11073,4
5071,11,5000,13,8,0.496574,573.32,1,0,36,0.6,0.375774,0.403587,0.661308,2
5071,11,5000,13,8,0.496574,573.32,1,0,36,1,0.230583,0.253769,0.530298,4
5071,11,5000,13,8,0.496574,573.32,1,1,1,0.3,0.995549,1.11682,2.84472,111
5071,11,5000,13,8,0.496574,573.32,1,1,1,0.6,3.67482,3.74418,5.80767,118
5071,11,5000,13,8,0.496574,573.32,1,1,1,1,11.5341,11.8171,16.6569,117
5071,11,5000,13,8,0.496574,573.32,1,1,6,0.3,0.174824,0.199303,0.5349,42
5071,11,5000,13,8,0.496574,573.32,1,1,6,0.6,0.329739,0.378077,1.02652,107
5071,11,5000,13,8,0.496574,573.32,1,1,6,1,9.12527,10.158,16.4786,117
5071,11,5000,13,8,0.496574,573.32,1,1,18,0.3,0.375774,0.403588,0.661322,2
5071,11,5000,13,8,0.496574,573.32,1,1,18,0.6,0.199019,0.222536,0.50634,14
5071,11,5000,13,8,0.496574,573.32,1,1,18,1,0.179237,0.204688,0.560456,58
5071,11,5000,13,8,0.496574,573.32,1,1,36,0.3,0.709457,0.762428,1.11073,4
5071,11,5000,13,8,0.496574,573.32,1,1,36,0.6,0.375774,0.403588,0.661321,2
5071,11,5000,13,8,0.496574,573.32,1,1,36,1,0.230583,0.253769,0.530294,4
5071,11,5000,13,8,0.496574,573.32,1,2,1,0.3,1.16534,1.29574,3.06253,115
5071,11,5000,13,8,0.496574,573.32,1,2,1,0.6,3.52363,3.58037,5.51615,118
5071,11,5000,13,8,0.496574,573.32,1,2,1,1,7.26001,7.31933,9.8062,117
5071,11,5000,13,8,0.496574,573.32,1,2,6,0.3,0.174824,0.199303,0.534901,42
5071,11,5000,13,8,0.496574,573.32,1,2,6,0.6,0.32974,0.378077,1.02652,107
5071,11,5000,13,8,0.496574,573.32,1,2,6,1,5.33465,5.92847,9.94859,117
5071,11,5000,13,8,0.496574,573.32,1,2,18,0.3,0.375774,0.403587,0.661308,2
5071,11,5000,13,8,0.496574,573.32,1,2,18,0.6,0.199019,0.222536,0.506339,14
5071,11,5000,13,8,0.496574,573.32,1,2,18,1,0.179237,0.204688,0.560456,58
5071,11,5000,13,8,0.496574,573.32,1,2,36,0.3,0.709457,0.762428,1.11073,4
5071,11,5000,13,8,0.496574,573.32,1,2,36,0.6,0.375774,0.403587,0.661308,2
5071,11,5000,13,8,0.496574,573.32,1,2,36,1,0.230583,0.253769,0.530298,4
5071,12,1000,4,12,0.349182,560.88,0,0,1,0.3,0.469177,0.530337,1.29934,37
5071,12,1000,4,12,0.349182,560.88,0,0,1,0.6,1.03076,1.13973,2.7973,42
5071,12,1000,4,12,0.349182,560.88,0,0,1,1,1.43631,1.57656,3.89023,42
5071,12,1000,4,12,0.349182,560.88,0,0,6,0.3,0.10593,0.119341,0.274611,11
5071,12,1000,4,12,0.349182,560.88,0,0,6,0.6,0.163828,0.183984,0.354299,23
5071,12,1000,4,12,0.349182,560.88,0,0,6,1,0.236464,0.263649,0.560143,27
5071,12,1000,4,12,0.349182,560.88,0,0,18,0.3,0.197434,0.358132,1.31041,1
5071,12,1000,4,12,0.349182,560.88,0,0,18,0.6,0.0867487,0.101193,0.25269,7
5071,12,1000,4,12,0.349182,560.88,0,0,18,1,0.11291,0.12732,0.287148,11
5071,12,1000,4,12,0.349182,560.88,0,0,36,0.3,0.939896,1.31027,3.52307,0
5071,12,1000,4,12,0.349182,560.88,0,0,36,0.6,0.197434,0.358132,1.31041,1
5071,12,1000,4,12,0.349182,560.88,0,0,36,1,0.0890974,0.115156,0.358556,5
5071,12,1000,4,12,0.349182,560.88,0,1,1,0.3,0.430462,0.483571,1.19887,35
5071,12,1000,4,12,0.349182,560.88,0,1,1,0.6,1.1005,1.21547,3.12866,42
5071,12,1000,4,12,0.349182,560.88,0,1,1,1,1.6863,1.88127,4.98373,41
5071,12,1000,4,12,0.349182,560.88,0,1,6,0.3,0.106096,0.119593,0.27557,11
5071,12,1000,4,12,0.349182,560.88,0,1,6,0.6,0.163828,0.183985,0.3543,23
5071,12,1000,4,12,0.349182,560.88,0,1,6,1,0.236475,0.263667,0.560143,27
5071,12,1000,4,12,0.349182,560.88,0,1,18,0.3,0.197433,0.358132,1.31041,1
5071,12,1000,4,12,0.349182,560.88,0,1,18,0.6,0.0867489,0.101193,0.252691,7
5071,12,1000,4,12,0.349182,560.88,0,1,18,1,0.11291,0.12732,0.287148,11
5071,12,1000,4,12,0.349182,560.88,0,1,36,0.3,0.939896,1.31027,3.52307,0
5071,12,1000,4,12,0.349182,560.88,0,1,36,0.6,0.197433,0.358132,1.31041,1
5071,12,1000,4,12,0.349182,560.88,0,1,36,1,0.0890974,0.115156,0.358556,5
5071,12,1000,4,12,0.349182,560.88,0,2,1,0.3,0.453183,0.509274,1.23044,37
5071,12,1000,4,12,0.349182,560.88,0,2,1,0.6,1.06611,1.18012,3.08199,42
5071,12,1000,4,12,0.349182,560.88,0,2,1,1,1.53203,1.67692,4.36222,41
5071,12,1000,4,12,0.349182,560.88,0,2,6,0.3,0.106008,0.119458,0.275064,11
5071,12,1000,4,12,0.349182,560.88,0,2,6,0.6,0.163828,0.183985,0.3543,23
5071,12,1000,4,12,0.349182,560.88,0,2,6,1,0.236472,0.263662,0.560144,27
5071,12,1000,4,12,0.349182,560.88,0,2,18,0.3,0.197434,0.358132,1.31041,1
5071,12,1000,4,12,0.349182,560.88,0,2,18,0.6,0.0867486,0.101193,0.25269,7
5071,12,1000,4,12,0.349182,560.88,0,2,18,1,0.11291,0.12732,0.287149,11
5071,12,1000,4,12,0.349182,560.88,0,2,36,0.3,0.939896,1.31027,3.52307,0
5071,12,1000,4,12,0.349182,560.88,0,2,36,0.6,0.197434,0.358132,1.31041,1
5071,12,1000,4,12,0.349182,560.88,0,2,36,1,0.0890974,0.115156,0.358556,5
5071,13,5000,11,11,0.428758,550.44,1,0,1,0.3,1.48284,1.54537,3.12616,121
5071,13,5000,11,11,0.428758,550.44,1,0,1,0.6,2.9899,3.01699,4.59335,122
5071,13,5000,11,11,0.428758,550.44,1,0,1,1,4.98538,5.01403,6.85272,122
5071,13,5000,11,11,0.428758,550.44,1,0,6,0.3,0.153101,0.170945,0.398101,45
5071,13,5000,11,11,0.428758,550.44,1,0,6,0.6,0.278729,0.315527,0.758134,91
5071,13,5000,11,11,0.428758,550.44,1,0,6,1,3.79259,4.22171,6.70034,122
5071,13,5000,11,11,0.428758,550.44,1,0,18,0.3,0.151537,0.165779,0.321494,4
5071,13,5000,11,11,0.428758,550.44,1,0,18,0.6,0.128186,0.144985,0.353451,19
5071,13,5000,11,11,0.428758,550.44,1,0,18,1,0.163778,0.182503,0.412988,45
5071,13,5000,11,11,0.428758,550.44,1,0,36,0.3,0.245397,0.264571,0.403472,2
5071,13,5000,11,11,0.428758,550.44,1,0,36,0.6,0.151537,0.165779,0.321494,4
5071,13,5000,11,11,0.428758,550.44,1,0,36,1,0.126108,0.14237,0.336421,14
5071,13,5000,11,11,0.428758,550.44,1,1,1,0.3,0.889754,0.966831,2.33665,123
5071,13,5000,11,11,0.428758,550.44,1,1,1,0.6,3.32319,3.37558,5.39962,122
5071,13,5000,11,11,0.428758,550.44,1,1,1,1,10.4362,10.6779,15.4079,121
5071,13,5000,11,11,0.428758,550.44,1,1,6,0.3,0.153101,0.170945,0.398101,45
5071,13,5000,11,11,0.428758,550.44,1,1,6,0.6,0.278729,0.315527,0.758146,91
5071,13,5000,11,11,0.428758,550.44,1,1,6,1,9.28086,10.3619,15.0907,122
5071,13,5000,11,11,0.428758,550.44,1,1,18,0.3,0.151537,0.165779,0.321494,4
5071,13,5000,11,11,0.428758,550.44,1,1,18,0.6,0.128185,0.144985,0.353451,19
5071,13,5000,11,11,0.428758,550.44,1,1,18,1,0.163778,0.182503,0.412988,45
5071,13,5000,11,11,0.428758,550.44,1,1,36,0.3,0.245397,0.264571,0.403472,2
5071,13,5000,11,11,0.428758,550.44,1,1,36,0.6,0.151537,0.165779,0.321494,4
5071,13,5000,11,11,0.428758,550.44,1,1,36,1,0.126108,0.14237,0.336421,14
5071,13,5000,11,11,0.428758,550.44,1,2,1,0.3,1.10866,1.18499,2.53305,120
5071,13,5000,11,11,0.428758,550.44,1,2,1,0.6,3.1916,3.23272,5.09411,122
5071,13,5000,11,11,0.428758,550.44,1,2,1,1,6.57745,6.62225,9.0086,122
5071,13,5000,11,11,0.428758,550.44,1,2,6,0.3,0.153101,0.170945,0.398099,45
5071,13,5000,11,11,0.428758,550.44,1,2,6,0.6,0.278729,0.315526,0.758134,91
5071,13,5000,11,11,0.428758,550.44,1,2,6,1,5.23216,5.83504,8.84441,122
5071,13,5000,11,11,0.428758,550.44,1,2,18,0.3,0.151537,0.16578,0.321495,4
5071,13,5000,11,11,0.428758,550.44,1,2,18,0.6,0.128186,0.144985,0.353451,19
5071,13,5000,11,11,0.428758,550.44,1,2,18,1,0.163778,0.182503,0.412987,45
5071,13,5000,11,11,0.428758,550.44,1,2,36,0.3,0.245397,0.264571,0.403472,2
5071,13,5000,11,11,0.428758,550.44,1,2,36,0.6,0.151537,0.16578,0.321495,4
5071,13,5000,11,11,0.428758,550.44,1,2,36,1,0.126108,0.14237,0.336421,14
5071,14,1000,15,11,0.370448,485.76,1,0,1,0.3,1.66474,1.72591,3.04896,19
5071,14,1000,15,11,0.370448,485.76,1,0,1,0.6,3.30953,3.34428,4.68207,20
5071,14,1000,15,11,0.370448,485.76,1,0,1,1,5.45908,5.5682,8.96278,20
5071,14,1000,15,11,0.370448,485.76,1,0,6,0.3,0.127262,0.143627,0.314551,6
5071,14,1000,15,11,0.370448,485.76,1,0,6,0.6,0.241184,0.273053,0.803139,16
5071,14,1000,15,11,0.370448,485.76,1,0,6,1,4.04386,4.48975,7.16871,20
5071,14,1000,15,11,0.370448,485.76,1,0,18,0.3,0.280578,0.438101,1.48494,0
5071,14,1000,15,11,0.370448,485.76,1,0,18,0.6,0.104588,0.117677,0.229589,3
5071,14,1000,15,11,0.370448,485.76,1,0,18,1,0.134623,0.15175,0.346726,8
5071,14,1000,15,11,0.370448,485.76,1,0,36,0.3,1.23683,1.59312,3.94412,0
5071,14,1000,15,11,0.370448,485.76,1,0,36,0.6,0.280578,0.438101,1.48494,0
5071,14,1000,15,11,0.370448,485.76,1,0,36,1,0.107479,0.126705,0.279537,3
5071,14,1000,15,11,0.370448,485.76,1,1,1,0.3,1.01634,1.0842,2.16213,20
5071,14,1000,15,11,0.370448,485.76,1,1,1,0.6,3.69875,3.76165,5.43603,20
5071,14,1000,15,11,0.370448,485.76,1,1,1,1,11.3376,11.6436,16.2488,21
5071,14,1000,15,11,0.370448,485.76,1,1,6,0.3,0.12741,0.143747,0.314562,6
5071,14,1000,15,11,0.370448,485.76,1,1,6,0.6,0.236645,0.267269,0.763068,16
5071,14,1000,15,11,0.370448,485.76,1,1,6,1,7.12164,7.9444,13.1933,21
5071,14,1000,15,11,0.370448,485.76,1,1,18,0.3,0.280578,0.438101,1.48494,0
5071,14,1000,15,11,0.370448,485.76,1,1,18,0.6,0.104587,0.117676,0.22958,3
5071,14,1000,15,11,0.370448,485.76,1,1,18,1,0.134623,0.15175,0.346727,8
5071,14,1000,15,11,0.370448,485.76,1,1,36,0.3,1.23683,1.59312,3.94412,0
5071,14,1000,15,11,0.370448,485.76,1,1,36,0.6,0.280578,0.438101,1.48494,0
5071,14,1000,15,11,0.370448,485.76,1,1,36,1,0.107478,0.126705,0.279537,3
5071,14,1000,15,11,0.370448,485.76,1,2,1,0.3,1.25438,1.33511,2.49774,20
5071,14,1000,15,11,0.370448,485.76,1,2,1,0.6,3.5468,3.59632,5.13624,20
5071,14,1000,15,11,0.370448,485.76,1,2,1,1,7.20357,7.28463,10.0092,21
5071,14,1000,15,11,0.370448,485.76,1,2,6,0.3,0.127532,0.144012,0.314558,6
5071,14,1000,15,11,0.370448,485.76,1,2,6,0.6,0.238586,0.269744,0.78556,16
5071,14,1000,15,11,0.370448,485.76,1,2,6,1,5.42689,6.03803,9.58113,21
5071,14,1000,15,11,0.370448,485.76,1,2,18,0.3,0.280579,0.438101,1.48494,0
5071,14,1000,15,11,0.370448,485.76,1,2,18,0.6,0.104588,0.117676,0.229589,3
5071,14,1000,15,11,0.370448,485.76,1,2,18,1,0.134623,0.15175,0.346727,8
5071,14,1000,15,11,0.370448,485.76,1,2,36,0.3,1.23683,1.59312,3.94412,0
5071,14,1000,15,11,0.370448,485.76,1,2,36,0.6,0.280579,0.438101,1.48494,0
5071,14,1000,15,11,0.370448,485.76,1,2,36,1,0.107479,0.126705,0.279537,3
5071,15,5000,20,6,0.60555,486.26,0,0,1,0.3,1.87931,1.92442,3.00119,89
5071,15,5000,20,6,0.60555,486.26,0,0,1,0.6,3.81751,3.83756,5.00106,87
5071,15,5000,20,6,0.60555,486.26,0,0,1,1,6.39032,6.41459,7.82944,87
5071,15,5000,20,6,0.60555,486.26,0,0,6,0.3,0.135694,0.153987,0.378483,54
5071,15,5000,20,6,0.60555,486.26,0,0,6,0.6,0.302641,0.341039,0.82858,86
5071,15,5000,20,6,0.60555,486.26,0,0,6,1,5.03761,5.63952,8.68666,87
5071,15,5000,20,6,0.60555,486.26,0,0,18,0.3,0.0661862,0.0745009,0.166588,12
5071,15,5000,20,6,0.60555,486.26,0,0,18,0.6,0.101454,0.114337,0.251713,36
5071,15,5000,20,6,0.60555,486.26,0,0,18,1,0.14849,0.168522,0.433401,58
5071,15,5000,20,6,0.60555,486.26,0,0,36,0.3,0.0534697,0.0646117,0.224888,0
5071,15,5000,20,6,0.60555,486.26,0,0,36,0.6,0.0661862,0.0745009,0.166588,12
5071,15,5000,20,6,0.60555,486.26,0,0,36,1,0.0904201,0.101681,0.223656,22
5071,15,5000,20,6,0.60555,486.26,0,1,1,0.3,1.12792,1.20733,2.36215,87
5071,15,5000,20,6,0.60555,486.26,0,1,1,0.6,4.25333,4.30807,5.82425,87
5071,15,5000,20,6,0.60555,486.26,0,1,1,1,13.3814,13.691,18.0294,87
5071,15,5000,20,6,0.60555,486.26,0,1,6,0.3,0.135694,0.153987,0.378483,54
5071,15,5000,20,6,0.60555,486.26,0,1,6,0.6,0.302641,0.341039,0.828579,86
5071,15,5000,20,6,0.60555,486.26,0,1,6,1,11.9392,13.3828,19.959,87
5071,15,5000,20,6,0.60555,486.26,0,1,18,0.3,0.0661861,0.0745009,0.166588,12
5071,15,5000,20,6,0.60555,486.26,0,1,18,0.6,0.101454,0.114337,0.251714,36
5071,15,5000,20,6,0.60555,486.26,0,1,18,1,0.14849,0.168522,0.433401,58
5071,15,5000,20,6,0.60555,486.26,0,1,36,0.3,0.0534697,0.0646117,0.224888,0
5071,15,5000,20,6,0.60555,486.26,0,1,36,0.6,0.0661861,0.0745009,0.166588,12
5071,15,5000,20,6,0.60555,486.26,0,1,36,1,0.0904201,0.101681,0.223656,22
5071,15,5000,20,6,0.60555,486.26,0,2,1,0.3,1.37891,1.44281,2.6469,89
5071,15,5000,20,6,0.60555,486.26,0,2,1,0.6,4.08031,4.11932,5.50464,87
5071,15,5000,20,6,0.60555,486.26,0,2,1,1,8.43338,8.48031,10.3866,87
5071,15,5000,20,6,0.60555,486.26,0,2,6,0.3,0.135694,0.153987,0.378483,54
5071,15,5000,20,6,0.60555,486.26,0,2,6,0.6,0.302641,0.341039,0.82858,86
5071,15,5000,20,6,0.60555,486.26,0,2,6,1,6.79242,7.60447,11.5827,87
5071,15,5000,20,6,0.60555,486.26,0,2,18,0.3,0.0661862,0.0745009,0.166588,12
5071,15,5000,20,6,0.60555,486.26,0,2,18,0.6,0.101454,0.114337,0.251713,36
5071,15,5000,20,6,0.60555,486.26,0,2,18,1,0.14849,0.168522,0.433402,58
5071,15,5000,20,6,0.60555,486.26,0,2,36,0.3,0.0534697,0.0646119,0.224891,0
5071,15,5000,20,6,0.60555,486.26,0,2,36,0.6,0.0661862,0.0745009,0.166588,12
5071,15,5000,20,6,0.60555,486.26,0,2,36,1,0.0904201,0.101681,0.223656,22
5071,16,1000,5,8,0.149066,441.3,1,0,1,0.3,0.135149,0.14909,0.340475,32
5071,16,1000,5,8,0.149066,441.3,1,0,1,0.6,0.35346,0.408106,1.09946,42
5071,16,1000,5,8,0.149066,441.3,1,0,1,1,0.404926,0.490372,1.34742,40
5071,16,1000,5,8,0.149066,441.3,1,0,6,0.3,0.0626213,0.0707677,0.191402,0
5071,16,1000,5,8,0.149066,441.3,1,0,6,0.6,0.0554925,0.0610166,0.138426,5
5071,16,1000,5,8,0.149066,441.3,1,0,6,1,0.0734824,0.0826012,0.181826,15
5071,16,1000,5,8,0.149066,441.3,1,0,18,0.3,0.492552,0.720889,2.23083,0
5071,16,1000,5,8,0.149066,441.3,1,0,18,0.6,0.107358,0.145565,0.52825,0
5071,16,1000,5,8,0.149066,441.3,1,0,18,1,0.0575512,0.0633411,0.134155,0
5071,16,1000,5,8,0.149066,441.3,1,0,36,0.3,1.70484,2.06012,4.60848,0
5071,16,1000,5,8,0.149066,441.3,1,0,36,0.6,0.492552,0.720889,2.23083,0
5071,16,1000,5,8,0.149066,441.3,1,0,36,1,0.156837,0.230455,0.843068,0
5071,16,1000,5,8,0.149066,441.3,1,1,1,0.3,0.134111,0.147215,0.340197,32
5071,16,1000,5,8,0.149066,441.3,1,1,1,0.6,0.386757,0.455837,1.04773,42
5071,16,1000,5,8,0.149066,441.3,1,1,1,1,0.32645,0.415011,1.3623,38
5071,16,1000,5,8,0.149066,441.3,1,1,6,0.3,0.0672998,0.0806219,0.289732,0
5071,16,1000,5,8,0.149066,441.3,1,1,6,0.6,0.0554926,0.061017,0.138428,5
5071,16,1000,5,8,0.149066,441.3,1,1,6,1,0.0734821,0.0826008,0.181823,15
5071,16,1000,5,8,0.149066,441.3,1,1,18,0.3,0.492552,0.720889,2.23083,0
5071,16,1000,5,8,0.149066,441.3,1,1,18,0.6,0.107358,0.145565,0.52825,0
5071,16,1000,5,8,0.149066,441.3,1,1,18,1,0.0575512,0.0633411,0.134155,0
5071,16,1000,5,8,0.149066,441.3,1,1,36,0.3,1.70484,2.06012,4.60848,0
5071,16,1000,5,8,0.149066,441.3,1,1,36,0.6,0.492552,0.720889,2.23083,0
5071,16,1000,5,8,0.149066,441.3,1,1,36,1,0.156838,0.230455,0.843068,0
5071,16,1000,5,8,0.149066,441.3,1,2,1,0.3,0.134938,0.148568,0.34044,32
5071,16,1000,5,8,0.149066,441.3,1,2,1,0.6,0.374292,0.437025,0.978633,42
5071,16,1000,5,8,0.149066,441.3,1,2,1,1,0.398355,0.482654,1.51711,40
5071,16,1000,5,8,0.149066,441.3,1,2,6,0.3,0.0644438,0.0743998,0.230267,0
5071,16,1000,5,8,0.149066,441.3,1,2,6,0.6,0.0554912,0.0610155,0.138436,5
5071,16,1000,5,8,0.149066,441.3,1,2,6,1,0.0734829,0.0826013,0.18182,15
5071,16,1000,5,8,0.149066,441.3,1,2,18,0.3,0.49255,0.720888,2.23083,0
5071,16,1000,5,8,0.149066,441.3,1,2,18,0.6,0.107358,0.145565,0.52825,0
5071,16,1000,5,8,0.149066,441.3,1,2,18,1,0.0575512,0.0633411,0.134155,0
5071,16,1000,5,8,0.149066,441.3,1,2,36,0.3,1.70484,2.06012,4.60848,0
5071,16,1000,5,8,0.149066,441.3,1,2,36,0.6,0.49255,0.720888,2.23083,0
5071,16,1000,5,8,0.149066,441.3,1,2,36,1,0.156839,0.230455,0.843069,0
5071,17,5000,8,10,0.137502,597.54,1,0,1,0.3,1.26257,1.29388,2.35234,152
5071,17,5000,8,10,0.137502,597.54,1,0,1,0.6,2.5794,2.59707,3.67971,152
5071,17,5000,8,10,0.137502,597.54,1,0,1,1,4.29366,4.31771,5.74638,152
5071,17,5000,8,10,0.137502,597.54,1,0,6,0.3,0.0723227,0.0798423,0.160361,2
5071,17,5000,8,10,0.137502,597.54,1,0,6,0.6,0.0792669,0.0887427,0.204485,60
5071,17,5000,8,10,0.137502,597.54,1,0,6,1,0.160072,0.184243,0.586668,124
5071,17,5000,8,10,0.137502,597.54,1,0,18,0.3,0.1871,0.199016,0.309951,2
5071,17,5000,8,10,0.137502,597.54,1,0,18,0.6,0.0976064,0.104928,0.184956,2
5071,17,5000,8,10,0.137502,597.54,1,0,18,1,0.0692747,0.0767609,0.160004,2
5071,17,5000,8,10,0.137502,597.54,1,0,36,0.3,0.3508,0.377109,0.552206,4
5071,17,5000,8,10,0.137502,597.54,1,0,36,0.6,0.1871,0.199016,0.309951,2
5071,17,5000,8,10,0.137502,597.54,1,0,36,1,0.115225,0.12304,0.209019,2
5071,17,5000,8,10,0.137502,597.54,1,1,1,0.3,0.783402,0.83311,1.70052,153
5071,17,5000,8,10,0.137502,597.54,1,1,1,0.6,2.87287,2.91476,4.47651,152
5071,17,5000,8,10,0.137502,597.54,1,1,1,1,8.99481,9.21994,13.7172,151
5071,17,5000,8,10,0.137502,597.54,1,1,6,0.3,0.0723227,0.0798423,0.160362,2
5071,17,5000,8,10,0.137502,597.54,1,1,6,0.6,0.0792667,0.0887426,0.204483,60
5071,17,5000,8,10,0.137502,597.54,1,1,6,1,0.160073,0.184244,0.586667,124
5071,17,5000,8,10,0.137502,597.54,1,1,18,0.3,0.1871,0.199016,0.309951,2
5071,17,5000,8,10,0.137502,597.54,1,1,18,0.6,0.0976064,0.104928,0.184956,2
5071,17,5000,8,10,0.137502,597.54,1,1,18,1,0.0692749,0.0767611,0.160004,2
5071,17,5000,8,10,0.137502,597.54,1,1,36,0.3,0.3508,0.377109,0.552206,4
5071,17,5000,8,10,0.137502,597.54,1,1,36,0.6,0.1871,0.199016,0.309951,2
5071,17,5000,8,10,0.137502,597.54,1,1,36,1,0.115225,0.12304,0.209024,2
5071,17,5000,8,10,0.137502,597.54,1,2,1,0.3,0.94407,0.995855,2.02961,151
5071,17,5000,8,10,0.137502,597.54,1,2,1,0.6,2.75564,2.78634,4.12838,152
5071,17,5000,8,10,0.137502,597.54,1,2,1,1,5.66512,5.70713,7.68259,151
5071,17,5000,8,10,0.137502,597.54,1,2,6,0.3,0.0723228,0.0798423,0.160363,2
5071,17,5000,8,10,0.137502,597.54,1,2,6,0.6,0.0792667,0.0887426,0.204479,60
5071,17,5000,8,10,0.137502,597.54,1,2,6,1,0.160073,0.184244,0.586667,124
5071,17,5000,8,10,0.137502,597.54,1,2,18,0.3,0.1871,0.199016,0.309951,2
5071,17,5000,8,10,0.137502,597.54,1,2,18,0.6,0.0976064,0.104928,0.184956,2
5071,17,5000,8,10,0.137502,597.54,1,2,18,1,0.0692748,0.076761,0.160004,2
5071,17,5000,8,10,0.137502,597.54,1,2,36,0.3,0.350799,0.377108,0.552206,4
5071,17,5000,8,10,0.137502,597.54,1,2,36,0.6,0.1871,0.199016,0.309951,2
5071,17,5000,8,10,0.137502,597.54,1,2,36,1,0.115225,0.12304,0.209019,2
5071,18,1000,5,9,0.659744,572.38,0,0,1,0.3,0.746032,0.821216,1.83397,37
5071,18,1000,5,9,0.659744,572.38,0,0,1,0.6,1.48509,1.60659,3.38167,40
5071,18,1000,5,9,0.659744,572.38,0,0,1,1,2.42742,2.58797,5.13694,42
5071,18,1000,5,9,0.659744,572.38,0,0,6,0.3,0.167814,0.184295,0.36338,11
5071,18,1000,5,9,0.659744,572.38,0,0,6,0.6,0.277089,0.307512,0.627196,23
5071,18,1000,5,9,0.659744,572.38,0,0,6,1,0.443956,0.49278,1.04758,31
5071,18,1000,5,9,0.659744,572.38,0,0,18,0.3,0.21275,0.351625,1.31496,3
5071,18,1000,5,9,0.659744,572.38,0,0,18,0.6,0.132935,0.146093,0.307714,11
5071,18,1000,5,9,0.659744,572.38,0,0,18,1,0.179482,0.197672,0.381091,11
5071,18,1000,5,9,0.659744,572.38,0,0,36,0.3,0.9174,1.2892,3.52348,0
5071,18,1000,5,9,0.659744,572.38,0,0,36,0.6,0.21275,0.351625,1.31496,3
5071,18,1000,5,9,0.659744,572.38,0,0,36,1,0.12616,0.144216,0.356035,5
5071,18,1000,5,9,0.659744,572.38,0,1,1,0.3,0.556922,0.621725,1.38474,39
5071,18,1000,5,9,0.659744,572.38,0,1,1,0.6,1.51721,1.65,3.54683,42
5071,18,1000,5,9,0.659744,572.38,0,1,1,1,5.98694,6.23177,11.9121,42
5071,18,1000,5,9,0.659744,572.38,0,1,6,0.3,0.167646,0.184086,0.363011,11
5071,18,1000,5,9,0.659744,572.38,0,1,6,0.6,0.277089,0.307512,0.627195,23
5071,18,1000,5,9,0.659744,572.38,0,1,6,1,0.443948,0.492775,1.04758,31
5071,18,1000,5,9,0.659744,572.38,0,1,18,0.3,0.21275,0.351626,1.31496,3
5071,18,1000,5,9,0.659744,572.38,0,1,18,0.6,0.132935,0.146093,0.307712,11
5071,18,1000,5,9,0.659744,572.38,0,1,18,1,0.179482,0.197672,0.381091,11
5071,18,1000,5,9,0.659744,572.38,0,1,36,0.3,0.9174,1.2892,3.52348,0
5071,18,1000,5,9,0.659744,572.38,0,1,36,0.6,0.21275,0.351626,1.31496,3
5071,18,1000,5,9,0.659744,572.38,0,1,36,1,0.12616,0.144216,0.356035,5
5071,18,1000,5,9,0.659744,572.38,0,2,1,0.3,0.61547,0.679547,1.48551,39
5071,18,1000,5,9,0.659744,572.38,0,2,1,0.6,1.52901,1.654,3.5134,42
5071,18,1000,5,9,0.659744,572.38,0,2,1,1,3.48743,3.63022,7.39111,42
5071,18,1000,5,9,0.659744,572.38,0,2,6,0.3,0.167749,0.184214,0.363235,11
5071,18,1000,5,9,0.659744,572.38,0,2,6,0.6,0.277089,0.307512,0.627194,23
5071,18,1000,5,9,0.659744,572.38,0,2,6,1,0.443951,0.492777,1.04758,31
5071,18,1000,5,9,0.659744,572.38,0,2,18,0.3,0.21275,0.351625,1.31496,3
5071,18,1000,5,9,0.659744,572.38,0,2,18,0.6,0.132935,0.146093,0.307714,11
5071,18,1000,5,9,0.659744,572.38,0,2,18,1,0.179482,0.197672,0.381091,11
5071,18,1000,5,9,0.659744,572.38,0,2,36,0.3,0.9174,1.2892,3.52349,0
5071,18,1000,5,9,0.659744,572.38,0,2,36,0.6,0.21275,0.351625,1.31496,3
5071,18,1000,5,9,0.659744,572.38,0,2,36,1,0.12616,0.144216,0.356035,5
5071,19,5000,5,9,0.259022,433.86,1,0,1,0.3,0.285852,0.327353,1.08969,183
5071,19,5000,5,9,0.259022,433.86,1,0,1,0.6,0.646879,0.717195,2.10772,203
5071,19,5000,5,9,0.259022,433.86,1,0,1,1,0.657033,0.735531,2.27516,207
5071,19,5000,5,9,0.259022,433.86,1,0,6,0.3,0.167822,0.179671,0.322993,5
5071,19,5000,5,9,0.259022,433.86,1,0,6,0.6,0.11909,0.13473,0.314481,33
5071,19,5000,5,9,0.259022,433.86,1,0,6,1,0.147593,0.166482,0.450967,100
5071,19,5000,5,9,0.259022,433.86,1,0,18,0.3,0.460056,0.482708,0.669545,3
5071,19,5000,5,9,0.259022,433.86,1,0,18,0.6,0.241211,0.253864,0.3951,3
5071,19,5000,5,9,0.259022,433.86,1,0,18,1,0.15407,0.166392,0.311247,5
5071,19,5000,5,9,0.259022,433.86,1,0,36,0.3,0.81078,0.856298,1.20105,3
5071,19,5000,5,9,0.259022,433.86,1,0,36,0.6,0.460056,0.482708,0.669545,3
5071,19,5000,5,9,0.259022,433.86,1,0,36,1,0.286049,0.300336,0.445086,3
5071,19,5000,5,9,0.259022,433.86,1,1,1,0.3,0.268654,0.306735,0.902511,177
5071,19,5000,5,9,0.259022,433.86,1,1,1,0.6,0.65188,0.725992,2.2641,205
5071,19,5000,5,9,0.259022,433.86,1,1,1,1,0.657301,0.735825,2.27516,205
5071,19,5000,5,9,0.259022,433.86,1,1,6,0.3,0.167822,0.17967,0.322993,5
5071,19,5000,5,9,0.259022,433.86,1,1,6,0.6,0.11909,0.13473,0.314482,33
5071,19,5000,5,9,0.259022,433.86,1,1,6,1,0.147593,0.166482,0.450967,100
5071,19,5000,5,9,0.259022,433.86,1,1,18,0.3,0.460053,0.482705,0.669545,3
5071,19,5000,5,9,0.259022,433.86,1,1,18,0.6,0.241212,0.253864,0.395102,3
5071,19,5000,5,9,0.259022,433.86,1,1,18,1,0.154069,0.166391,0.311247,5
5071,19,5000,5,9,0.259022,433.86,1,1,36,0.3,0.81078,0.856298,1.20105,3
5071,19,5000,5,9,0.259022,433.86,1,1,36,0.6,0.460056,0.482708,0.669545,3
5071,19,5000,5,9,0.259022,433.86,1,1,36,1,0.286048,0.300334,0.445087,3
5071,19,5000,5,9,0.259022,433.86,1,2,1,0.3,0.281341,0.321828,0.969852,181
5071,19,5000,5,9,0.259022,433.86,1,2,1,0.6,0.65031,0.722761,2.20559,203
5071,19,5000,5,9,0.259022,433.86,1,2,1,1,0.656646,0.735185,2.27516,207
5071,19,5000,5,9,0.259022,433.86,1,2,6,0.3,0.167822,0.179671,0.322993,5
5071,19,5000,5,9,0.259022,433.86,1,2,6,0.6,0.11909,0.13473,0.314482,33
5071,19,5000,5,9,0.259022,433.86,1,2,6,1,0.147593,0.166482,0.450968,100
5071,19,5000,5,9,0.259022,433.86,1,2,18,0.3,0.460056,0.482708,0.669545,3
5071,19,5000,5,9,0.259022,433.86,1,2,18,0.6,0.241212,0.253865,0.395101,3
5071,19,5000,5,9,0.259022,433.86,1,2,18,1,0.15407,0.166392,0.311247,5
5071,19,5000,5,9,0.259022,433.86,1,2,36,0.3,0.81078,0.856297,1.20105,3
5071,19,5000,5,9,0.259022,433.86,1,2,36,0.6,0.460056,0.482708,0.669545,3
5071,19,5000,5,9,0.259022,433.86,1,2,36,1,0.286048,0.300334,0.445086,3
90439,0,1000,15,5,0.104378,591.54,0,0,1,0.3,1.78341,1.80418,2.27058,24
90439,0,1000,15,5,0.104378,591.54,0,0,1,0.6,3.49212,3.54345,5.22449,24
90439,0,1000,15,5,0.104378,591.54,0,0,1,1,5.90309,5.92237,6.90799,23
90439,0,1000,15,5,0.104378,591.54,0,0,6,0.3,0.0249292,0.0281126,0.0639909,2
90439,0,1000,15,5,0.104378,591.54,0,0,6,0.6,0.0523909,0.0609697,0.20349,9
90439,0,1000,15,5,0.104378,591.54,0,0,6,1,4.54987,5.0829,7.42247,23
90439,0,1000,15,5,0.104378,591.54,0,0,18,0.3,0.117274,0.229149,0.950447,0
90439,0,1000,15,5,0.104378,591.54,0,0,18,0.6,0.0182493,0.0209317,0.0540963,1
90439,0,1000,15,5,0.104378,591.54,0,0,18,1,0.0269838,0.030441,0.06738,3
90439,0,1000,15,5,0.104378,591.54,0,0,36,0.3,0.788165,1.13387,3.21353,0
90439,0,1000,15,5,0.104378,591.54,0,0,36,0.6,0.117274,0.229149,0.950447,0
90439,0,1000,15,5,0.104378,591.54,0,0,36,1,0.0196768,0.0262132,0.119969,0
90439,0,1000,15,5,0.104378,591.54,0,1,1,0.3,1.13525,1.16173,1.55883,23
90439,0,1000,15,5,0.104378,591.54,0,1,1,0.6,3.90714,3.95431,4.85432,23
90439,0,1000,15,5,0.104378,591.54,0,1,1,1,12.3599,12.6399,17.2253,23
90439,0,1000,15,5,0.104378,591.54,0,1,6,0.3,0.0248778,0.0280481,0.0639909,2
90439,0,1000,15,5,0.104378,591.54,0,1,6,0.6,0.0530603,0.062655,0.247076,9
90439,0,1000,15,5,0.104378,591.54,0,1,6,1,10.7744,12.0473,17.583,23
90439,0,1000,15,5,0.104378,591.54,0,1,18,0.3,0.117274,0.229149,0.950447,0
90439,0,1000,15,5,0.104378,591.54,0,1,18,0.6,0.0182493,0.0209317,0.0540963,1
90439,0,1000,15,5,0.104378,591.54,0,1,18,1,0.0269834,0.0304407,0.06738,3
90439,0,1000,15,5,0.104378,591.54,0,1,36,0.3,0.788166,1.13387,3.21353,0
90439,0,1000,15,5,0.104378,591.54,0,1,36,0.6,0.117274,0.229149,0.950447,0
90439,0,1000,15,5,0.104378,591.54,0,1,36,1,0.0196767,0.0262133,0.11997,0
90439,0,1000,15,5,0.104378,591.54,0,2,1,0.3,1.34774,1.37656,1.87984,23
90439,0,1000,15,5,0.104378,591.54,0,2,1,0.6,3.74299,3.78027,4.8909,23
90439,0,1000,15,5,0.104378,591.54,0,2,1,1,7.80678,7.85453,11.2179,23
90439,0,1000,15,5,0.104378,591.54,0,2,6,0.3,0.0249092,0.0280873,0.06399,2
90439,0,1000,15,5,0.104378,591.54,0,2,6,0.6,0.0527546,0.0619042,0.230525,9
90439,0,1000,15,5,0.104378,591.54,0,2,6,1,6.17847,6.91154,10.0282,23
90439,0,1000,15,5,0.104378,591.54,0,2,18,0.3,0.117274,0.229149,0.950447,0
90439,0,1000,15,5,0.104378,591.54,0,2,18,0.6,0.0182494,0.0209319,0.0540963,1
90439,0,1000,15,5,0.104378,591.54,0,2,18,1,0.0269838,0.030441,0.06738,3
90439,0,1000,15,5,0.104378,591.54,0,2,36,0.3,0.788165,1.13387,3.21353,0
90439,0,1000,15,5,0.104378,591.54,0,2,36,0.6,0.117274,0.229149,0.950447,0
90439,0,1000,15,5,0.104378,591.54,0,2,36,1,0.0196768,0.0262132,0.119969,0
90439,1,5000,20,10,0.282542,450.34,1,0,1,0.3,1.9264,1.96766,3.1326,80
90439,1,5000,20,10,0.282542,450.34,1,0,1,0.6,3.82315,3.84721,5.11966,80
90439,1,5000,20,10,0.282542,450.34,1,0,1,1,6.36867,6.39601,7.85618,80
90439,1,5000,20,10,0.282542,450.34,1,0,6,0.3,0.098411,0.108713,0.237892,22
90439,1,5000,20,10,0.282542,450.34,1,0,6,0.6,0.186791,0.209592,0.494952,68
90439,1,5000,20,10,0.282542,450.34,1,0,6,1,5.10825,5.72167,9.27475,80
90439,1,5000,20,10,0.282542,450.34,1,0,18,0.3,0.150817,0.162165,0.27863,2
90439,1,5000,20,10,0.282542,450.34,1,0,18,0.6,0.0948362,0.10504,0.211738,10
90439,1,5000,20,10,0.282542,450.34,1,0,18,1,0.103558,0.114289,0.247068,26
90439,1,5000,20,10,0.282542,450.34,1,0,36,0.3,0.289346,0.307144,0.467157,2
90439,1,5000,20,10,0.282542,450.34,1,0,36,0.6,0.150817,0.162165,0.27863,2
90439,1,5000,20,10,0.282542,450.34,1,0,36,1,0.102156,0.112298,0.218491,4
90439,1,5000,20,10,0.282542,450.34,1,1,1,0.3,1.23964,1.29551,2.27825,78
90439,1,5000,20,10,0.282542,450.34,1,1,1,0.6,4.25615,4.31434,6.10803,80
90439,1,5000,20,10,0.282542,450.34,1,1,1,1,13.3564,13.6614,18.2915,81
90439,1,5000,20,10,0.282542,450.34,1,1,6,0.3,0.0984114,0.108713,0.237893,22
90439,1,5000,20,10,0.282542,450.34,1,1,6,0.6,0.18679,0.209589,0.494939,68
90439,1,5000,20,10,0.282542,450.34,1,1,6,1,12.076,13.5394,20.7704,80
90439,1,5000,20,10,0.282542,450.34,1,1,18,0.3,0.150817,0.162165,0.27863,2
90439,1,5000,20,10,0.282542,450.34,1,1,18,0.6,0.0948363,0.10504,0.211738,10
90439,1,5000,20,10,0.282542,450.34,1,1,18,1,0.103558,0.114289,0.24707,26
90439,1,5000,20,10,0.282542,450.34,1,1,36,0.3,0.289346,0.307143,0.467156,2
90439,1,5000,20,10,0.282542,450.34,1,1,36,0.6,0.150817,0.162165,0.27863,2
90439,1,5000,20,10,0.282542,450.34,1,1,36,1,0.102156,0.112298,0.218491,4
90439,1,5000,20,10,0.282542,450.34,1,2,1,0.3,1.45768,1.51595,2.75433,80
90439,1,5000,20,10,0.282542,450.34,1,2,1,0.6,4.08415,4.12669,5.71508,80
90439,1,5000,20,10,0.282542,450.34,1,2,1,1,8.40465,8.45375,10.47,80
90439,1,5000,20,10,0.282542,450.34,1,2,6,0.3,0.0984112,0.108712,0.237894,22
90439,1,5000,20,10,0.282542,450.34,1,2,6,0.6,0.186792,0.209591,0.494936,68
90439,1,5000,20,10,0.282542,450.34,1,2,6,1,6.88718,7.71837,12.2627,80
90439,1,5000,20,10,0.282542,450.34,1,2,18,0.3,0.150817,0.162165,0.27863,2
90439,1,5000,20,10,0.282542,450.34,1,2,18,0.6,0.0948363,0.10504,0.211739,10
90439,1,5000,20,10,0.282542,450.34,1,2,18,1,0.103558,0.114289,0.247068,26
90439,1,5000,20,10,0.282542,450.34,1,2,36,0.3,0.289348,0.307146,0.467157,2
90439,1,5000,20,10,0.282542,450.34,1,2,36,0.6,0.150817,0.162165,0.27863,2
90439,1,5000,20,10,0.282542,450.34,1,2,36,1,0.102156,0.112299,0.218491,4
90439,2,1000,23,5,0.085954,577.88,1,0,1,0.3,2.56854,2.62476,3.71727,15
90439,2,1000,23,5,0.085954,577.88,1,0,1,0.6,5.096,5.14401,8.03484,15
90439,2,1000,23,5,0.085954,577.88,1,0,1,1,8.37021,8.41873,10.9662,16
90439,2,1000,23,5,0.085954,577.88,1,0,6,0.3,0.0992684,0.107346,0.250445,1
90439,2,1000,23,5,0.085954,577.88,1,0,6,0.6,2.36862,2.64836,4.67747,15
90439,2,1000,23,5,0.085954,577.88,1,0,6,1,8.42283,8.54294,11.0654,16
90439,2,1000,23,5,0.085954,577.88,1,0,18,0.3,0.272168,0.275828,0.553889,1
90439,2,1000,23,5,0.085954,577.88,1,0,18,0.6,0.143083,0.144156,0.190379,1
90439,2,1000,23,5,0.085954,577.88,1,0,18,1,0.0871789,0.0966425,0.39709,3
90439,2,1000,23,5,0.085954,577.88,1,0,36,0.3,0.680393,0.889135,2.7582,1
90439,2,1000,23,5,0.085954,577.88,1,0,36,0.6,0.272168,0.275828,0.553889,1
90439,2,1000,23,5,0.085954,577.88,1,0,36,1,0.172443,0.173322,0.21658,1
90439,2,1000,23,5,0.085954,577.88,1,1,1,0.3,1.63697,1.70728,2.66419,16
90439,2,1000,23,5,0.085954,577.88,1,1,1,0.6,5.63423,5.76592,9.46428,15
90439,2,1000,23,5,0.085954,577.88,1,1,1,1,17.4721,17.8924,23.7404,16
90439,2,1000,23,5,0.085954,577.88,1,1,6,0.3,0.0945009,0.098917,0.193077,1
90439,2,1000,23,5,0.085954,577.88,1,1,6,0.6,2.57353,2.89051,5.27237,15
90439,2,1000,23,5,0.085954,577.88,1,1,6,1,18.0297,18.7522,25.7754,16
90439,2,1000,23,5,0.085954,577.88,1,1,18,0.3,0.272166,0.275826,0.553889,1
90439,2,1000,23,5,0.085954,577.88,1,1,18,0.6,0.143083,0.144156,0.19038,1
90439,2,1000,23,5,0.085954,577.88,1,1,18,1,0.0871789,0.0966425,0.39709,3
90439,2,1000,23,5,0.085954,577.88,1,1,36,0.3,0.680393,0.889135,2.7582,1
90439,2,1000,23,5,0.085954,577.88,1,1,36,0.6,0.272166,0.275826,0.553889,1
90439,2,1000,23,5,0.085954,577.88,1,1,36,1,0.172441,0.17332,0.21658,1
90439,2,1000,23,5,0.085954,577.88,1,2,1,0.3,1.9582,2.03073,3.16064,16
90439,2,1000,23,5,0.085954,577.88,1,2,1,0.6,5.42343,5.51254,9.05312,15
90439,2,1000,23,5,0.085954,577.88,1,2,1,1,11.0505,11.1248,13.5518,16
90439,2,1000,23,5,0.085954,577.88,1,2,6,0.3,0.0969136,0.102957,0.221009,1
90439,2,1000,23,5,0.085954,577.88,1,2,6,0.6,2.49312,2.79537,5.04339,15
90439,2,1000,23,5,0.085954,577.88,1,2,6,1,11.1497,11.3497,14.7752,16
90439,2,1000,23,5,0.085954,577.88,1,2,18,0.3,0.272168,0.275828,0.553889,1
90439,2,1000,23,5,0.085954,577.88,1,2,18,0.6,0.143083,0.144156,0.190379,1
90439,2,1000,23,5,0.085954,577.88,1,2,18,1,0.0871789,0.0966425,0.39709,3
90439,2,1000,23,5,0.085954,577.88,1,2,36,0.3,0.680393,0.889135,2.7582,1
90439,2,1000,23,5,0.085954,577.88,1,2,36,0.6,0.272168,0.275828,0.553889,1
90439,2,1000,23,5,0.085954,577.88,1,2,36,1,0.172443,0.173322,0.21658,1
90439,3,5000,11,8,0.698258,449.06,0,0,1,0.3,0.976313,1.06277,2.2705,130
90439,3,5000,11,8,0.698258,449.06,0,0,1,0.6,2.1654,2.22411,3.85261,135
90439,3,5000,11,8,0.698258,449.06,0,0,1,1,3.72771,3.75685,5.29402,135
90439,3,5000,11,8,0.698258,449.06,0,0,6,0.3,0.169331,0.192257,0.517313,51
90439,3,5000,11,8,0.698258,449.06,0,0,6,0.6,0.278431,0.312525,0.717361,91
90439,3,5000,11,8,0.698258,449.06,0,0,6,1,0.482019,0.544848,1.31938,121
90439,3,5000,11,8,0.698258,449.06,0,0,18,0.3,0.0940586,0.105566,0.270404,11
90439,3,5000,11,8,0.698258,449.06,0,0,18,0.6,0.134456,0.152868,0.415932,31
90439,3,5000,11,8,0.698258,449.06,0,0,18,1,0.180591,0.204978,0.544424,55
90439,3,5000,11,8,0.698258,449.06,0,0,36,0.3,0.0783794,0.0865066,0.276875,5
90439,3,5000,11,8,0.698258,449.06,0,0,36,0.6,0.0940586,0.105566,0.270404,11
90439,3,5000,11,8,0.698258,449.06,0,0,36,1,0.122064,0.138591,0.373436,23
90439,3,5000,11,8,0.698258,449.06,0,1,1,0.3,0.624337,0.696285,1.62452,124
90439,3,5000,11,8,0.698258,449.06,0,1,1,0.6,2.43794,2.50355,4.40719,135
90439,3,5000,11,8,0.698258,449.06,0,1,1,1,7.83051,8.01381,11.8899,135
90439,3,5000,11,8,0.698258,449.06,0,1,6,0.3,0.169331,0.192257,0.517313,51
90439,3,5000,11,8,0.698258,449.06,0,1,6,0.6,0.278431,0.312525,0.717361,91
90439,3,5000,11,8,0.698258,449.06,0,1,6,1,0.482019,0.544848,1.31938,121
90439,3,5000,11,8,0.698258,449.06,0,1,18,0.3,0.0940586,0.105566,0.270404,11
90439,3,5000,11,8,0.698258,449.06,0,1,18,0.6,0.134456,0.152868,0.415931,31
90439,3,5000,11,8,0.698258,449.06,0,1,18,1,0.180591,0.204978,0.544424,55
90439,3,5000,11,8,0.698258,449.06,0,1,36,0.3,0.0783796,0.0865066,0.276874,5
90439,3,5000,11,8,0.698258,449.06,0,1,36,0.6,0.0940586,0.105566,0.270404,11
90439,3,5000,11,8,0.698258,449.06,0,1,36,1,0.122064,0.138591,0.373436,23
90439,3,5000,11,8,0.698258,449.06,0,2,1,0.3,0.735722,0.817355,1.89176,130
90439,3,5000,11,8,0.698258,449.06,0,2,1,0.6,2.33598,2.39427,4.19927,135
90439,3,5000,11,8,0.698258,449.06,0,2,1,1,4.93086,4.96783,6.92953,135
90439,3,5000,11,8,0.698258,449.06,0,2,6,0.3,0.169331,0.192257,0.517313,51
90439,3,5000,11,8,0.698258,449.06,0,2,6,0.6,0.278431,0.312525,0.717361,91
90439,3,5000,11,8,0.698258,449.06,0,2,6,1,0.482019,0.544848,1.31938,121
90439,3,5000,11,8,0.698258,449.06,0,2,18,0.3,0.0940586,0.105566,0.270404,11
90439,3,5000,11,8,0.698258,449.06,0,2,18,0.6,0.134456,0.152868,0.415932,31
90439,3,5000,11,8,0.698258,449.06,0,2,18,1,0.180591,0.204978,0.544422,55
90439,3,5000,11,8,0.698258,449.06,0,2,36,0.3,0.0783794,0.0865066,0.276875,5
90439,3,5000,11,8,0.698258,449.06,0,2,36,0.6,0.0940586,0.105566,0.270404,11
90439,3,5000,11,8,0.698258,449.06,0,2,36,1,0.122064,0.138591,0.373436,23
90439,4,1000,11,5,0.265588,406,1,0,1,0.3,0.686797,0.760146,1.31015,30
90439,4,1000,11,5,0.265588,406,1,0,1,0.6,1.78416,1.82772,2.69662,30
90439,4,1000,11,5,0.265588,406,1,0,1,1,3.04895,3.09115,4.2357,31
90439,4,1000,11,5,0.265588,406,1,0,6,0.3,0.0837451,0.0897749,0.169975,0
90439,4,1000,11,5,0.265588,406,1,0,6,0.6,0.0733196,0.083849,0.211038,11
90439,4,1000,11,5,0.265588,406,1,0,6,1,0.111699,0.128259,0.357926,21
90439,4,1000,11,5,0.265588,406,1,0,18,0.3,0.627581,0.813809,2.39487,0
90439,4,1000,11,5,0.265588,406,1,0,18,0.6,0.151801,0.169148,0.529341,0
90439,4,1000,11,5,0.265588,406,1,0,18,1,0.0749207,0.0824113,0.171234,0
90439,4,1000,11,5,0.265588,406,1,0,36,0.3,2.00166,2.28885,4.82845,0
90439,4,1000,11,5,0.265588,406,1,0,36,0.6,0.627581,0.813809,2.39487,0
90439,4,1000,11,5,0.265588,406,1,0,36,1,0.217834,0.262627,0.884093,0
90439,4,1000,11,5,0.265588,406,1,1,1,0.3,0.443882,0.493032,0.942164,30
90439,4,1000,11,5,0.265588,406,1,1,1,0.6,2.0611,2.09717,2.94394,30
90439,4,1000,11,5,0.265588,406,1,1,1,1,6.31176,6.47553,8.88263,30
90439,4,1000,11,5,0.265588,406,1,1,6,0.3,0.0879519,0.0954408,0.240567,0
90439,4,1000,11,5,0.265588,406,1,1,6,0.6,0.0733207,0.0838502,0.211036,11
90439,4,1000,11,5,0.265588,406,1,1,6,1,0.112129,0.128598,0.357927,21
90439,4,1000,11,5,0.265588,406,1,1,18,0.3,0.627582,0.81381,2.39487,0
90439,4,1000,11,5,0.265588,406,1,1,18,0.6,0.151801,0.169147,0.529342,0
90439,4,1000,11,5,0.265588,406,1,1,18,1,0.0749198,0.0824101,0.171229,0
90439,4,1000,11,5,0.265588,406,1,1,36,0.3,2.00166,2.28885,4.82845,0
90439,4,1000,11,5,0.265588,406,1,1,36,0.6,0.627582,0.81381,2.39487,0
90439,4,1000,11,5,0.265588,406,1,1,36,1,0.217834,0.262627,0.884093,0
90439,4,1000,11,5,0.265588,406,1,2,1,0.3,0.515726,0.571737,1.13706,30
90439,4,1000,11,5,0.265588,406,1,2,1,0.6,1.96427,1.99919,2.8109,30
90439,4,1000,11,5,0.265588,406,1,2,1,1,3.89999,4.02229,5.86806,31
90439,4,1000,11,5,0.265588,406,1,2,6,0.3,0.0854515,0.0918632,0.187351,0
90439,4,1000,11,5,0.265588,406,1,2,6,0.6,0.0733207,0.0838502,0.211039,11
90439,4,1000,11,5,0.265588,406,1,2,6,1,0.112022,0.128511,0.357925,21
90439,4,1000,11,5,0.265588,406,1,2,18,0.3,0.627582,0.81381,2.39487,0
90439,4,1000,11,5,0.265588,406,1,2,18,0.6,0.151801,0.169148,0.529341,0
90439,4,1000,11,5,0.265588,406,1,2,18,1,0.0749204,0.0824109,0.171231,0
90439,4,1000,11,5,0.265588,406,1,2,36,0.3,2.00167,2.28885,4.82845,0
90439,4,1000,11,5,0.265588,406,1,2,36,0.6,0.627582,0.81381,2.39487,0
90439,4,1000,11,5,0.265588,406,1,2,36,1,0.217835,0.262627,0.884094,0
90439,5,5000,12,9,0.780676,535.7,1,0,1,0.3,1.39227,1.50991,3.12045,118
90439,5,5000,12,9,0.780676,535.7,1,0,1,0.6,2.90274,2.96978,5.26252,122
90439,5,5000,12,9,0.780676,535.7,1,0,1,1,4.88076,4.92979,7.37622,122
90439,5,5000,12,9,0.780676,535.7,1,0,6,0.3,0.269151,0.296742,0.641597,65
90439,5,5000,12,9,0.780676,535.7,1,0,6,0.6,0.507141,0.575056,1.46715,102
90439,5,5000,12,9,0.780676,535.7,1,0,6,1,1.4767,1.65889,4.1471,120
90439,5,5000,12,9,0.780676,535.7,1,0,18,0.3,0.243217,0.265015,0.490377,4
90439,5,5000,12,9,0.780676,535.7,1,0,18,0.6,0.213107,0.238458,0.493072,41
90439,5,5000,12,9,0.780676,535.7,1,0,18,1,0.290766,0.320532,0.698528,65
90439,5,5000,12,9,0.780676,535.7,1,0,36,0.3,0.41468,0.446786,0.684968,4
90439,5,5000,12,9,0.780676,535.7,1,0,36,0.6,0.243217,0.265015,0.490377,4
90439,5,5000,12,9,0.780676,535.7,1,0,36,1,0.204625,0.229122,0.47167,22
90439,5,5000,12,9,0.780676,535.7,1,1,1,0.3,0.879457,0.995134,2.38662,110
90439,5,5000,12,9,0.780676,535.7,1,1,1,0.6,3.24202,3.3334,5.71536,122
90439,5,5000,12,9,0.780676,535.7,1,1,1,1,10.2385,10.4877,15.6277,123
90439,5,5000,12,9,0.780676,535.7,1,1,6,0.3,0.269151,0.296742,0.641591,65
90439,5,5000,12,9,0.780676,535.7,1,1,6,0.6,0.507141,0.575056,1.46715,102
90439,5,5000,12,9,0.780676,535.7,1,1,6,1,1.4743,1.65619,4.14629,120
90439,5,5000,12,9,0.780676,535.7,1,1,18,0.3,0.243216,0.265014,0.490377,4
90439,5,5000,12,9,0.780676,535.7,1,1,18,0.6,0.213107,0.238459,0.493072,41
90439,5,5000,12,9,0.780676,535.7,1,1,18,1,0.290766,0.320532,0.698528,65
90439,5,5000,12,9,0.780676,535.7,1,1,36,0.3,0.414682,0.446788,0.684967,4
90439,5,5000,12,9,0.780676,535.7,1,1,36,0.6,0.243217,0.265015,0.490377,4
90439,5,5000,12,9,0.780676,535.7,1,1,36,1,0.204625,0.229121,0.471669,22
90439,5,5000,12,9,0.780676,535.7,1,2,1,0.3,1.05618,1.18306,2.98143,116
90439,5,5000,12,9,0.780676,535.7,1,2,1,0.6,3.10811,3.18715,5.75448,122
90439,5,5000,12,9,0.780676,535.7,1,2,1,1,6.44787,6.50669,9.42831,123
90439,5,5000,12,9,0.780676,535.7,1,2,6,0.3,0.26915,0.296741,0.64159,65
90439,5,5000,12,9,0.780676,535.7,1,2,6,0.6,0.507141,0.575056,1.46715,102
90439,5,5000,12,9,0.780676,535.7,1,2,6,1,1.47512,1.65712,4.14659,120
90439,5,5000,12,9,0.780676,535.7,1,2,18,0.3,0.243216,0.265014,0.490378,4
90439,5,5000,12,9,0.780676,535.7,1,2,18,0.6,0.213107,0.238458,0.493072,41
90439,5,5000,12,9,0.780676,535.7,1,2,18,1,0.290766,0.320532,0.698528,65
90439,5,5000,12,9,0.780676,535.7,1,2,36,0.3,0.41468,0.446786,0.684967,4
90439,5,5000,12,9,0.780676,535.7,1,2,36,0.6,0.243216,0.265014,0.490378,4
90439,5,5000,12,9,0.780676,535.7,1,2,36,1,0.204625,0.229122,0.47167,22
90439,6,1000,12,5,0.387402,441.8,0,0,1,0.3,0.871763,0.95368,1.6615,28
90439,6,1000,12,5,0.387402,441.8,0,0,1,0.6,2.16224,2.17202,2.74717,28
90439,6,1000,12,5,0.387402,441.8,0,0,1,1,3.64158,3.6551,4.59405,28
90439,6,1000,12,5,0.387402,441.8,0,0,6,0.3,0.0775608,0.0864845,0.193728,5
90439,6,1000,12,5,0.387402,441.8,0,0,6,0.6,0.121933,0.135626,0.267259,15
90439,6,1000,12,5,0.387402,441.8,0,0,6,1,0.193883,0.214264,0.535809,23
90439,6,1000,12,5,0.387402,441.8,0,0,18,0.3,0.306848,0.517071,1.847,1
90439,6,1000,12,5,0.387402,441.8,0,0,18,0.6,0.054725,0.0625833,0.206003,5
90439,6,1000,12,5,0.387402,441.8,0,0,18,1,0.0836775,0.0936807,0.213078,5
90439,6,1000,12,5,0.387402,441.8,0,0,36,0.3,1.36776,1.74493,4.24629,0
90439,6,1000,12,5,0.387402,441.8,0,0,36,0.6,0.306848,0.517071,1.847,1
90439,6,1000,12,5,0.387402,441.8,0,0,36,1,0.072193,0.101097,0.488016,3
90439,6,1000,12,5,0.387402,441.8,0,1,1,0.3,0.550215,0.605136,1.25128,28
90439,6,1000,12,5,0.387402,441.8,0,1,1,0.6,2.41019,2.43747,3.29762,28
90439,6,1000,12,5,0.387402,441.8,0,1,1,1,7.58218,7.76003,10.4265,29
90439,6,1000,12,5,0.387402,441.8,0,1,6,0.3,0.07642,0.0848593,0.184695,5
90439,6,1000,12,5,0.387402,441.8,0,1,6,0.6,0.121937,0.135635,0.26727,15
90439,6,1000,12,5,0.387402,441.8,0,1,6,1,0.193248,0.213813,0.532596,23
90439,6,1000,12,5,0.387402,441.8,0,1,18,0.3,0.306848,0.517071,1.847,1
90439,6,1000,12,5,0.387402,441.8,0,1,18,0.6,0.054725,0.0625833,0.206003,5
90439,6,1000,12,5,0.387402,441.8,0,1,18,1,0.0836778,0.0936809,0.213077,5
90439,6,1000,12,5,0.387402,441.8,0,1,36,0.3,1.36776,1.74493,4.24629,0
90439,6,1000,12,5,0.387402,441.8,0,1,36,0.6,0.306848,0.517071,1.847,1
90439,6,1000,12,5,0.387402,441.8,0,1,36,1,0.072193,0.101097,0.488016,3
90439,6,1000,12,5,0.387402,441.8,0,2,1,0.3,0.5883,0.647457,1.31147,29
90439,6,1000,12,5,0.387402,441.8,0,2,1,0.6,2.31132,2.33034,3.07656,28
90439,6,1000,12,5,0.387402,441.8,0,2,1,1,4.81323,4.84027,6.24418,29
90439,6,1000,12,5,0.387402,441.8,0,2,6,0.3,0.0770508,0.0857426,0.18975,5
90439,6,1000,12,5,0.387402,441.8,0,2,6,0.6,0.121936,0.135633,0.26727,15
90439,6,1000,12,5,0.387402,441.8,0,2,6,1,0.19337,0.213855,0.533685,23
90439,6,1000,12,5,0.387402,441.8,0,2,18,0.3,0.306848,0.517071,1.847,1
90439,6,1000,12,5,0.387402,441.8,0,2,18,0.6,0.0547251,0.0625835,0.206003,5
90439,6,1000,12,5,0.387402,441.8,0,2,18,1,0.0836775,0.0936807,0.213078,5
90439,6,1000,12,5,0.387402,441.8,0,2,36,0.3,1.36776,1.74493,4.24629,0
90439,6,1000,12,5,0.387402,441.8,0,2,36,0.6,0.306848,0.517071,1.847,1
90439,6,1000,12,5,0.387402,441.8,0,2,36,1,0.072193,0.101097,0.488016,3
90439,7,5000,18,10,0.122704,565.26,1,0,1,0.3,2.22041,2.2526,3.17435,88
90439,7,5000,18,10,0.122704,565.26,1,0,1,0.6,4.41459,4.43183,5.39473,86
90439,7,5000,18,10,0.122704,565.26,1,0,1,1,7.35357,7.37856,8.76926,86
90439,7,5000,18,10,0.122704,565.26,1,0,6,0.3,0.0494845,0.0575687,0.161382,9
90439,7,5000,18,10,0.122704,565.26,1,0,6,0.6,0.112138,0.127721,0.351473,69
90439,7,5000,18,10,0.122704,565.26,1,0,6,1,7.31588,7.42862,9.99956,87
90439,7,5000,18,10,0.122704,565.26,1,0,18,0.3,0.087683,0.0948741,0.165723,3
90439,7,5000,18,10,0.122704,565.26,1,0,18,0.6,0.0507296,0.0578541,0.131042,3
90439,7,5000,18,10,0.122704,565.26,1,0,18,1,0.0523267,0.0606611,0.179879,15
90439,7,5000,18,10,0.122704,565.26,1,0,36,0.3,0.162888,0.176392,0.25989,3
90439,7,5000,18,10,0.122704,565.26,1,0,36,0.6,0.087683,0.0948741,0.165723,3
90439,7,5000,18,10,0.122704,565.26,1,0,36,1,0.0567518,0.0634151,0.135109,1
90439,7,5000,18,10,0.122704,565.26,1,1,1,0.3,1.41526,1.453,2.22371,87
90439,7,5000,18,10,0.122704,565.26,1,1,1,0.6,4.91461,4.97103,6.40678,86
90439,7,5000,18,10,0.122704,565.26,1,1,1,1,15.3981,15.7496,20.7896,87
90439,7,5000,18,10,0.122704,565.26,1,1,6,0.3,0.0494847,0.0575687,0.161381,9
90439,7,5000,18,10,0.122704,565.26,1,1,6,0.6,0.112215,0.127793,0.351479,69
90439,7,5000,18,10,0.122704,565.26,1,1,6,1,15.7594,16.3756,23.194,87
90439,7,5000,18,10,0.122704,565.26,1,1,18,0.3,0.0876832,0.0948742,0.165723,3
90439,7,5000,18,10,0.122704,565.26,1,1,18,0.6,0.0507296,0.0578541,0.131042,3
90439,7,5000,18,10,0.122704,565.26,1,1,18,1,0.0523267,0.0606611,0.179879,15
90439,7,5000,18,10,0.122704,565.26,1,1,36,0.3,0.162889,0.176392,0.259889,3
90439,7,5000,18,10,0.122704,565.26,1,1,36,0.6,0.0876832,0.0948742,0.165723,3
90439,7,5000,18,10,0.122704,565.26,1,1,36,1,0.0567518,0.0634151,0.13511,1
90439,7,5000,18,10,0.122704,565.26,1,2,1,0.3,1.68285,1.7258,2.60314,87
90439,7,5000,18,10,0.122704,565.26,1,2,1,0.6,4.71572,4.75427,6.01201,86
90439,7,5000,18,10,0.122704,565.26,1,2,1,1,9.7036,9.75533,11.715,87
90439,7,5000,18,10,0.122704,565.26,1,2,6,0.3,0.0494847,0.0575687,0.161382,9
90439,7,5000,18,10,0.122704,565.26,1,2,6,0.6,0.112184,0.127764,0.351475,69
90439,7,5000,18,10,0.122704,565.26,1,2,6,1,9.71616,9.89409,13.2947,87
90439,7,5000,18,10,0.122704,565.26,1,2,18,0.3,0.0876832,0.0948742,0.165723,3
90439,7,5000,18,10,0.122704,565.26,1,2,18,0.6,0.0507296,0.0578541,0.131042,3
90439,7,5000,18,10,0.122704,565.26,1,2,18,1,0.0523267,0.0606611,0.179879,15
90439,7,5000,18,10,0.122704,565.26,1,2,36,0.3,0.162888,0.176392,0.25989,3
90439,7,5000,18,10,0.122704,565.26,1,2,36,0.6,0.0876832,0.0948742,0.165723,3
90439,7,5000,18,10,0.122704,565.26,1,2,36,1,0.0567518,0.0634151,0.135109,1
90439,8,1000,17,12,0.171998,554.06,1,0,1,0.3,2.1596,2.19253,3.04433,17
90439,8,1000,17,12,0.171998,554.06,1,0,1,0.6,4.18719,4.22252,5.6908,18
90439,8,1000,17,12,0.171998,554.06,1,0,1,1,7.08075,7.10998,8.66571,18
90439,8,1000,17,12,0.171998,554.06,1,0,6,0.3,0.0595613,0.0662778,0.147919,5
90439,8,1000,17,12,0.171998,554.06,1,0,6,0.6,0.299479,0.413792,1.60184,15
90439,8,1000,17,12,0.171998,554.06,1,0,6,1,6.21561,6.6575,10.1432,18
90439,8,1000,17,12,0.171998,554.06,1,0,18,0.3,0.159665,0.235403,0.954764,1
90439,8,1000,17,12,0.171998,554.06,1,0,18,0.6,0.052802,0.0588818,0.111775,1
90439,8,1000,17,12,0.171998,554.06,1,0,18,1,0.063363,0.0705485,0.153648,5
90439,8,1000,17,12,0.171998,554.06,1,0,36,0.3,0.762428,1.13685,3.28324,1
90439,8,1000,17,12,0.171998,554.06,1,0,36,0.6,0.159665,0.235403,0.954764,1
90439,8,1000,17,12,0.171998,554.06,1,0,36,1,0.0606549,0.0653868,0.12394,1
90439,8,1000,17,12,0.171998,554.06,1,1,1,0.3,1.36907,1.40782,2.18525,18
90439,8,1000,17,12,0.171998,554.06,1,1,1,0.6,4.68361,4.74237,6.30733,18
90439,8,1000,17,12,0.171998,554.06,1,1,1,1,14.7353,15.0657,20.7059,18
90439,8,1000,17,12,0.171998,554.06,1,1,6,0.3,0.0614293,0.0682754,0.157038,5
90439,8,1000,17,12,0.171998,554.06,1,1,6,0.6,0.312238,0.439973,1.76719,13
90439,8,1000,17,12,0.171998,554.06,1,1,6,1,14.3558,15.6548,23.7981,18
90439,8,1000,17,12,0.171998,554.06,1,1,18,0.3,0.159664,0.235402,0.954763,1
90439,8,1000,17,12,0.171998,554.06,1,1,18,0.6,0.0528019,0.0588817,0.111775,1
90439,8,1000,17,12,0.171998,554.06,1,1,18,1,0.0633641,0.070549,0.153636,5
90439,8,1000,17,12,0.171998,554.06,1,1,36,0.3,0.762428,1.13685,3.28324,1
90439,8,1000,17,12,0.171998,554.06,1,1,36,0.6,0.159664,0.235402,0.954763,1
90439,8,1000,17,12,0.171998,554.06,1,1,36,1,0.0606549,0.0653868,0.12394,1
90439,8,1000,17,12,0.171998,554.06,1,2,1,0.3,1.6335,1.68528,2.75565,19
90439,8,1000,17,12,0.171998,554.06,1,2,1,0.6,4.52239,4.56217,5.79292,18
90439,8,1000,17,12,0.171998,554.06,1,2,1,1,9.30946,9.37149,11.6773,18
90439,8,1000,17,12,0.171998,554.06,1,2,6,0.3,0.0605629,0.0672245,0.153068,5
90439,8,1000,17,12,0.171998,554.06,1,2,6,0.6,0.31168,0.438101,1.74901,13
90439,8,1000,17,12,0.171998,554.06,1,2,6,1,8.32028,8.96363,13.7,18
90439,8,1000,17,12,0.171998,554.06,1,2,18,0.3,0.159664,0.235403,0.954764,1
90439,8,1000,17,12,0.171998,554.06,1,2,18,0.6,0.0528019,0.0588817,0.111775,1
90439,8,1000,17,12,0.171998,554.06,1,2,18,1,0.0633632,0.0705486,0.153647,5
90439,8,1000,17,12,0.171998,554.06,1,2,36,0.3,0.762428,1.13685,3.28324,1
90439,8,1000,17,12,0.171998,554.06,1,2,36,0.6,0.159664,0.235403,0.954764,1
90439,8,1000,17,12,0.171998,554.06,1,2,36,1,0.0606549,0.0653868,0.12394,1
90439,9,5000,6,5,0.975598,576.72,0,0,1,0.3,0.719842,0.80279,1.941,208
90439,9,5000,6,5,0.975598,576.72,0,0,1,0.6,1.39744,1.50892,3.2872,228
90439,9,5000,6,5,0.975598,576.72,0,0,1,1,2.4137,2.52477,4.40296,238
90439,9,5000,6,5,0.975598,576.72,0,0,6,0.3,0.201121,0.224914,0.530507,77
90439,9,5000,6,5,0.975598,576.72,0,0,6,0.6,0.317959,0.356447,0.78968,126
90439,9,5000,6,5,0.975598,576.72,0,0,6,1,0.497891,0.556608,1.49553,174
90439,9,5000,6,5,0.975598,576.72,0,0,18,0.3,0.110969,0.123809,0.283826,33
90439,9,5000,6,5,0.975598,576.72,0,0,18,0.6,0.160707,0.179063,0.41208,55
90439,9,5000,6,5,0.975598,576.72,0,0,18,1,0.213965,0.239494,0.56712,81
90439,9,5000,6,5,0.975598,576.72,0,0,36,0.3,0.0741793,0.084004,0.203603,11
90439,9,5000,6,5,0.975598,576.72,0,0,36,0.6,0.110969,0.123809,0.283826,33
90439,9,5000,6,5,0.975598,576.72,0,0,36,1,0.145819,0.162333,0.368631,45
90439,9,5000,6,5,0.975598,576.72,0,1,1,0.3,0.549372,0.612425,1.51161,190
90439,9,5000,6,5,0.975598,576.72,0,1,1,0.6,1.54734,1.66648,3.58331,232
90439,9,5000,6,5,0.975598,576.72,0,1,1,1,5.48999,5.69965,9.55761,238
90439,9,5000,6,5,0.975598,576.72,0,1,6,0.3,0.201121,0.224914,0.530508,77
90439,9,5000,6,5,0.975598,576.72,0,1,6,0.6,0.317959,0.356447,0.78968,126
90439,9,5000,6,5,0.975598,576.72,0,1,6,1,0.497892,0.556608,1.49553,174
90439,9,5000,6,5,0.975598,576.72,0,1,18,0.3,0.110968,0.123809,0.283826,33
90439,9,5000,6,5,0.975598,576.72,0,1,18,0.6,0.160707,0.179063,0.41208,55
90439,9,5000,6,5,0.975598,576.72,0,1,18,1,0.213965,0.239494,0.56712,81
90439,9,5000,6,5,0.975598,576.72,0,1,36,0.3,0.0741795,0.0840041,0.203604,11
90439,9,5000,6,5,0.975598,576.72,0,1,36,0.6,0.110968,0.123809,0.283826,33
90439,9,5000,6,5,0.975598,576.72,0,1,36,1,0.145819,0.162333,0.368631,45
90439,9,5000,6,5,0.975598,576.72,0,2,1,0.3,0.606911,0.678371,1.64186,190
90439,9,5000,6,5,0.975598,576.72,0,2,1,0.6,1.49144,1.60647,3.46179,230
90439,9,5000,6,5,0.975598,576.72,0,2,1,1,3.24291,3.36661,5.96895,234
90439,9,5000,6,5,0.975598,576.72,0,2,6,0.3,0.201121,0.224914,0.530507,77
90439,9,5000,6,5,0.975598,576.72,0,2,6,0.6,0.317959,0.356447,0.78968,126
90439,9,5000,6,5,0.975598,576.72,0,2,6,1,0.497891,0.556608,1.49553,174
90439,9,5000,6,5,0.975598,576.72,0,2,18,0.3,0.110969,0.123809,0.283826,33
90439,9,5000,6,5,0.975598,576.72,0,2,18,0.6,0.160707,0.179063,0.41208,55
90439,9,5000,6,5,0.975598,576.72,0,2,18,1,0.213965,0.239494,0.56712,81
90439,9,5000,6,5,0.975598,576.72,0,2,36,0.3,0.0741793,0.084004,0.203603,11
90439,9,5000,6,5,0.975598,576.72,0,2,36,0.6,0.110969,0.123809,0.283826,33
90439,9,5000,6,5,0.975598,576.72,0,2,36,1,0.145819,0.162333,0.368631,45
90439,10,1000,7,7,0.8579,476.98,1,0,1,0.3,0.781624,0.874315,1.98079,34
90439,10,1000,7,7,0.8579,476.98,1,0,1,0.6,1.4819,1.60356,3.11469,38
90439,10,1000,7,7,0.8579,476.98,1,0,1,1,2.75091,2.81574,4.43146,38
90439,10,1000,7,7,0.8579,476.98,1,0,6,0.3,0.171472,0.194754,0.438772,19
90439,10,1000,7,7,0.8579,476.98,1,0,6,0.6,0.303126,0.339896,0.729213,26
90439,10,1000,7,7,0.8579,476.98,1,0,6,1,0.518742,0.573549,1.21636,32
90439,10,1000,7,7,0.8579,476.98,1,0,18,0.3,0.37436,0.567662,1.96447,0
90439,10,1000,7,7,0.8579,476.98,1,0,18,0.6,0.151125,0.168968,0.50637,7
90439,10,1000,7,7,0.8579,476.98,1,0,18,1,0.183875,0.20976,0.468193,21
90439,10,1000,7,7,0.8579,476.98,1,0,36,0.3,1.36108,1.74165,4.2515,0
90439,10,1000,7,7,0.8579,476.98,1,0,36,0.6,0.37436,0.567662,1.96447,0
90439,10,1000,7,7,0.8579,476.98,1,0,36,1,0.167396,0.200177,0.748417,7
90439,10,1000,7,7,0.8579,476.98,1,1,1,0.3,0.567853,0.639052,1.40237,28
90439,10,1000,7,7,0.8579,476.98,1,1,1,0.6,1.69455,1.81996,3.65576,38
90439,10,1000,7,7,0.8579,476.98,1,1,1,1,5.68023,5.82781,9.01337,38
90439,10,1000,7,7,0.8579,476.98,1,1,6,0.3,0.172135,0.195546,0.438771,19
90439,10,1000,7,7,0.8579,476.98,1,1,6,0.6,0.303125,0.339896,0.729217,26
90439,10,1000,7,7,0.8579,476.98,1,1,6,1,0.518739,0.573546,1.21636,32
90439,10,1000,7,7,0.8579,476.98,1,1,18,0.3,0.37436,0.567662,1.96447,0
90439,10,1000,7,7,0.8579,476.98,1,1,18,0.6,0.151125,0.168968,0.50637,7
90439,10,1000,7,7,0.8579,476.98,1,1,18,1,0.183876,0.209761,0.46819,21
90439,10,1000,7,7,0.8579,476.98,1,1,36,0.3,1.36108,1.74165,4.2515,0
90439,10,1000,7,7,0.8579,476.98,1,1,36,0.6,0.37436,0.567662,1.96447,0
90439,10,1000,7,7,0.8579,476.98,1,1,36,1,0.167396,0.200177,0.748417,7
90439,10,1000,7,7,0.8579,476.98,1,2,1,0.3,0.642138,0.723147,1.72468,32
90439,10,1000,7,7,0.8579,476.98,1,2,1,0.6,1.61557,1.73664,3.51469,38
90439,10,1000,7,7,0.8579,476.98,1,2,1,1,3.5861,3.63481,5.49904,39
90439,10,1000,7,7,0.8579,476.98,1,2,6,0.3,0.171708,0.195032,0.438773,19
90439,10,1000,7,7,0.8579,476.98,1,2,6,0.6,0.303125,0.339895,0.729215,26
90439,10,1000,7,7,0.8579,476.98,1,2,6,1,0.518738,0.573544,1.21636,32
90439,10,1000,7,7,0.8579,476.98,1,2,18,0.3,0.37436,0.567662,1.96447,0
90439,10,1000,7,7,0.8579,476.98,1,2,18,0.6,0.151125,0.168968,0.50637,7
90439,10,1000,7,7,0.8579,476.98,1,2,18,1,0.183876,0.20976,0.468196,21
90439,10,1000,7,7,0.8579,476.98,1,2,36,0.3,1.36107,1.74165,4.2515,0
90439,10,1000,7,7,0.8579,476.98,1,2,36,0.6,0.37436,0.567662,1.96447,0
90439,10,1000,7,7,0.8579,476.98,1,2,36,1,0.167396,0.200177,0.748417,7
90439,11,5000,16,8,0.956978,548.44,1,0,1,0.3,1.7557,1.87891,3.97654,99
90439,11,5000,16,8,0.956978,548.44,1,0,1,0.6,3.72594,3.78032,6.23197,100
90439,11,5000,16,8,0.956978,548.44,1,0,1,1,6.20332,6.25061,9.15516,101
90439,11,5000,16,8,0.956978,548.44,1,0,6,0.3,0.295199,0.333131,0.86625,69
90439,11,5000,16,8,0.956978,548.44,1,0,6,0.6,0.703568,0.803986,2.12765,101
90439,11,5000,16,8,0.956978,548.44,1,0,6,1,5.08097,5.59816,9.61132,101
90439,11,5000,16,8,0.956978,548.44,1,0,18,0.3,0.199172,0.228821,0.514254,12
90439,11,5000,16,8,0.956978,548.44,1,0,18,0.6,0.220978,0.247351,0.62764,41
90439,11,5000,16,8,0.956978,548.44,1,0,18,1,0.324512,0.366652,1.01857,75
90439,11,5000,16,8,0.956978,548.44,1,0,36,0.3,0.35847,0.390628,0.66368,3
90439,11,5000,16,8,0.956978,548.44,1,0,36,0.6,0.199172,0.228821,0.514254,12
90439,11,5000,16,8,0.956978,548.44,1,0,36,1,0.202316,0.226278,0.571453,39
90439,11,5000,16,8,0.956978,548.44,1,1,1,0.3,1.07529,1.1968,2.80461,107
90439,11,5000,16,8,0.956978,548.44,1,1,1,0.6,4.14397,4.22952,7.30598,100
90439,11,5000,16,8,0.956978,548.44,1,1,1,1,12.9899,13.2899,18.7049,99
90439,11,5000,16,8,0.956978,548.44,1,1,6,0.3,0.295199,0.333131,0.86625,69
90439,11,5000,16,8,0.956978,548.44,1,1,6,0.6,0.703567,0.803985,2.12764,101
90439,11,5000,16,8,0.956978,548.44,1,1,6,1,11.8231,13.1679,20.6726,101
90439,11,5000,16,8,0.956978,548.44,1,1,18,0.3,0.199172,0.228821,0.514253,12
90439,11,5000,16,8,0.956978,548.44,1,1,18,0.6,0.220978,0.247351,0.62764,41
90439,11,5000,16,8,0.956978,548.44,1,1,18,1,0.324512,0.366651,1.01857,75
90439,11,5000,16,8,0.956978,548.44,1,1,36,0.3,0.35847,0.390627,0.663673,3
90439,11,5000,16,8,0.956978,548.44,1,1,36,0.6,0.199172,0.228821,0.514253,12
90439,11,5000,16,8,0.956978,548.44,1,1,36,1,0.202316,0.226278,0.571454,39
90439,11,5000,16,8,0.956978,548.44,1,2,1,0.3,1.27285,1.41244,3.37455,101
90439,11,5000,16,8,0.956978,548.44,1,2,1,0.6,3.97684,4.04775,6.90159,100
90439,11,5000,16,8,0.956978,548.44,1,2,1,1,8.18431,8.24669,11.3293,101
90439,11,5000,16,8,0.956978,548.44,1,2,6,0.3,0.295199,0.333131,0.866252,69
90439,11,5000,16,8,0.956978,548.44,1,2,6,0.6,0.703566,0.803985,2.12764,101
90439,11,5000,16,8,0.956978,548.44,1,2,6,1,6.74525,7.49121,12.1228,101
90439,11,5000,16,8,0.956978,548.44,1,2,18,0.3,0.199172,0.228821,0.514254,12
90439,11,5000,16,8,0.956978,548.44,1,2,18,0.6,0.220978,0.247352,0.627639,41
90439,11,5000,16,8,0.956978,548.44,1,2,18,1,0.324512,0.366652,1.01857,75
90439,11,5000,16,8,0.956978,548.44,1,2,36,0.3,0.358469,0.390626,0.663669,3
90439,11,5000,16,8,0.956978,548.44,1,2,36,0.6,0.199172,0.228821,0.514254,12
90439,11,5000,16,8,0.956978,548.44,1,2,36,1,0.202316,0.226278,0.571453,39
90439,12,1000,17,11,0.274212,438.78,0,0,1,0.3,1.68371,1.71274,2.52256,17
90439,12,1000,17,11,0.274212,438.78,0,0,1,0.6,3.3163,3.33074,4.22575,18
90439,12,1000,17,11,0.274212,438.78,0,0,1,1,5.51845,5.53932,6.69595,19
90439,12,1000,17,11,0.274212,438.78,0,0,6,0.3,0.0910815,0.0997329,0.198085,8
90439,12,1000,17,11,0.274212,438.78,0,0,6,0.6,0.170535,0.1902,0.428305,12
90439,12,1000,17,11,0.274212,438.78,0,0,6,1,3.582,3.96827,6.26161,18
90439,12,1000,17,11,0.274212,438.78,0,0,18,0.3,0.298882,0.501715,1.78168,0
90439,12,1000,17,11,0.274212,438.78,0,0,18,0.6,0.0736277,0.0793537,0.199737,4
90439,12,1000,17,11,0.274212,438.78,0,0,18,1,0.098906,0.108627,0.216415,8
90439,12,1000,17,11,0.274212,438.78,0,0,36,0.3,1.36633,1.74178,4.2424,0
90439,12,1000,17,11,0.274212,438.78,0,0,36,0.6,0.298882,0.501715,1.78168,0
90439,12,1000,17,11,0.274212,438.78,0,0,36,1,0.0857417,0.108321,0.441207,4
90439,12,1000,17,11,0.274212,438.78,0,1,1,0.3,1.03453,1.07849,1.77923,19
90439,12,1000,17,11,0.274212,438.78,0,1,1,0.6,3.70008,3.74538,4.93306,18
90439,12,1000,17,11,0.274212,438.78,0,1,1,1,11.5211,11.7783,15.8558,19
90439,12,1000,17,11,0.274212,438.78,0,1,6,0.3,0.0908445,0.0996196,0.198088,6
90439,12,1000,17,11,0.274212,438.78,0,1,6,0.6,0.172553,0.192762,0.428298,12
90439,12,1000,17,11,0.274212,438.78,0,1,6,1,5.3846,5.95279,9.14671,18
90439,12,1000,17,11,0.274212,438.78,0,1,18,0.3,0.298882,0.501715,1.78168,0
90439,12,1000,17,11,0.274212,438.78,0,1,18,0.6,0.0736275,0.0793534,0.199732,4
90439,12,1000,17,11,0.274212,438.78,0,1,18,1,0.0989066,0.108628,0.216416,8
90439,12,1000,17,11,0.274212,438.78,0,1,36,0.3,1.36633,1.74178,4.2424,0
90439,12,1000,17,11,0.274212,438.78,0,1,36,0.6,0.298882,0.501715,1.78168,0
90439,12,1000,17,11,0.274212,438.78,0,1,36,1,0.0857417,0.108321,0.441208,4
90439,12,1000,17,11,0.274212,438.78,0,2,1,0.3,1.2605,1.30467,2.13119,19
90439,12,1000,17,11,0.274212,438.78,0,2,1,0.6,3.54646,3.5775,4.60855,18
90439,12,1000,17,11,0.274212,438.78,0,2,1,1,7.2631,7.30923,9.22515,19
90439,12,1000,17,11,0.274212,438.78,0,2,6,0.3,0.0909863,0.0996787,0.198086,8
90439,12,1000,17,11,0.274212,438.78,0,2,6,0.6,0.171725,0.191666,0.428298,12
90439,12,1000,17,11,0.274212,438.78,0,2,6,1,4.81844,5.32799,8.32224,18
90439,12,1000,17,11,0.274212,438.78,0,2,18,0.3,0.298884,0.501716,1.78169,0
90439,12,1000,17,11,0.274212,438.78,0,2,18,0.6,0.0736277,0.0793537,0.199735,4
90439,12,1000,17,11,0.274212,438.78,0,2,18,1,0.0989066,0.108628,0.216416,8
90439,12,1000,17,11,0.274212,438.78,0,2,36,0.3,1.36633,1.74178,4.2424,0
90439,12,1000,17,11,0.274212,438.78,0,2,36,0.6,0.298884,0.501716,1.78169,0
90439,12,1000,17,11,0.274212,438.78,0,2,36,1,0.0857417,0.108321,0.441207,4
90439,13,5000,22,9,0.55214,586.28,1,0,1,0.3,2.67406,2.72938,4.55837,75
90439,13,5000,22,9,0.55214,586.28,1,0,1,0.6,5.2793,5.30693,7.03627,77
90439,13,5000,22,9,0.55214,586.28,1,0,1,1,8.80844,8.84228,10.9403,77
90439,13,5000,22,9,0.55214,586.28,1,0,6,0.3,0.22672,0.254877,0.663121,53
90439,13,5000,22,9,0.55214,586.28,1,0,6,0.6,1.80438,2.11938,5.14219,76
90439,13,5000,22,9,0.55214,586.28,1,0,6,1,8.85842,8.9759,12.0429,77
90439,13,5000,22,9,0.55214,586.28,1,0,18,0.3,0.209698,0.230431,0.434061,3
90439,13,5000,22,9,0.55214,586.28,1,0,18,0.6,0.17941,0.199838,0.49475,31
90439,13,5000,22,9,0.55214,586.28,1,0,18,1,0.252155,0.284266,0.751705,61
90439,13,5000,22,9,0.55214,586.28,1,0,36,0.3,0.370566,0.398181,0.62136,3
90439,13,5000,22,9,0.55214,586.28,1,0,36,0.6,0.209698,0.230431,0.434061,3
90439,13,5000,22,9,0.55214,586.28,1,0,36,1,0.173479,0.193915,0.463,25
90439,13,5000,22,9,0.55214,586.28,1,1,1,0.3,1.66488,1.74103,3.38986,76
90439,13,5000,22,9,0.55214,586.28,1,1,1,0.6,5.87832,5.95257,8.30938,77
90439,13,5000,22,9,0.55214,586.28,1,1,1,1,18.5073,18.939,25.0012,75
90439,13,5000,22,9,0.55214,586.28,1,1,6,0.3,0.226719,0.254876,0.663121,53
90439,13,5000,22,9,0.55214,586.28,1,1,6,0.6,1.7777,2.08963,5.55987,77
90439,13,5000,22,9,0.55214,586.28,1,1,6,1,18.9398,19.6749,27.7728,77
90439,13,5000,22,9,0.55214,586.28,1,1,18,0.3,0.209698,0.230431,0.434063,3
90439,13,5000,22,9,0.55214,586.28,1,1,18,0.6,0.17941,0.199838,0.49475,31
90439,13,5000,22,9,0.55214,586.28,1,1,18,1,0.252155,0.284267,0.751705,61
90439,13,5000,22,9,0.55214,586.28,1,1,36,0.3,0.370567,0.398182,0.621363,3
90439,13,5000,22,9,0.55214,586.28,1,1,36,0.6,0.209698,0.230431,0.434063,3
90439,13,5000,22,9,0.55214,586.28,1,1,36,1,0.173479,0.193915,0.463,25
90439,13,5000,22,9,0.55214,586.28,1,2,1,0.3,2.01935,2.09867,3.6585,75
90439,13,5000,22,9,0.55214,586.28,1,2,1,0.6,5.64017,5.69305,7.82347,77
90439,13,5000,22,9,0.55214,586.28,1,2,1,1,11.6348,11.7008,14.4422,77
90439,13,5000,22,9,0.55214,586.28,1,2,6,0.3,0.226719,0.254876,0.663121,53
90439,13,5000,22,9,0.55214,586.28,1,2,6,0.6,1.7515,2.06468,5.40011,77
90439,13,5000,22,9,0.55214,586.28,1,2,6,1,11.7356,11.9269,15.9991,77
90439,13,5000,22,9,0.55214,586.28,1,2,18,0.3,0.209698,0.230431,0.434063,3
90439,13,5000,22,9,0.55214,586.28,1,2,18,0.6,0.17941,0.199837,0.49475,31
90439,13,5000,22,9,0.55214,586.28,1,2,18,1,0.252154,0.284266,0.751705,61
90439,13,5000,22,9,0.55214,586.28,1,2,36,0.3,0.370567,0.398182,0.621361,3
90439,13,5000,22,9,0.55214,586.28,1,2,36,0.6,0.209698,0.230431,0.434063,3
90439,13,5000,22,9,0.55214,586.28,1,2,36,1,0.173479,0.193915,0.463,25
90439,14,1000,23,8,0.78538,551.26,1,0,1,0.3,2.47873,2.54378,4.24746,16
90439,14,1000,23,8,0.78538,551.26,1,0,1,0.6,5.07753,5.11828,6.98699,14
90439,14,1000,23,8,0.78538,551.26,1,0,1,1,8.46709,8.51437,10.5985,15
90439,14,1000,23,8,0.78538,551.26,1,0,6,0.3,0.23576,0.268846,0.53741,15
90439,14,1000,23,8,0.78538,551.26,1,0,6,0.6,2.47402,2.73935,4.97143,14
90439,14,1000,23,8,0.78538,551.26,1,0,6,1,8.21988,8.45186,11.9644,15
90439,14,1000,23,8,0.78538,551.26,1,0,18,0.3,0.218409,0.237594,0.723199,1
90439,14,1000,23,8,0.78538,551.26,1,0,18,0.6,0.171992,0.194444,0.458702,9
90439,14,1000,23,8,0.78538,551.26,1,0,18,1,0.268052,0.30699,0.630487,17
90439,14,1000,23,8,0.78538,551.26,1,0,36,0.3,0.695624,0.970036,2.99927,1
90439,14,1000,23,8,0.78538,551.26,1,0,36,0.6,0.218409,0.237594,0.723199,1
90439,14,1000,23,8,0.78538,551.26,1,0,36,1,0.160845,0.179886,0.441558,3
90439,14,1000,23,8,0.78538,551.26,1,1,1,0.3,1.50742,1.62572,3.33523,15
90439,14,1000,23,8,0.78538,551.26,1,1,1,0.6,5.66035,5.7452,8.06926,14
90439,14,1000,23,8,0.78538,551.26,1,1,1,1,17.7393,18.1628,25.0168,15
90439,14,1000,23,8,0.78538,551.26,1,1,6,0.3,0.237017,0.268099,0.539311,15
90439,14,1000,23,8,0.78538,551.26,1,1,6,0.6,2.70271,3.0106,5.74699,14
90439,14,1000,23,8,0.78538,551.26,1,1,6,1,18.0254,18.7974,27.049,15
90439,14,1000,23,8,0.78538,551.26,1,1,18,0.3,0.218459,0.237695,0.724278,1
90439,14,1000,23,8,0.78538,551.26,1,1,18,0.6,0.171992,0.194444,0.458702,9
90439,14,1000,23,8,0.78538,551.26,1,1,18,1,0.26805,0.306987,0.630482,17
90439,14,1000,23,8,0.78538,551.26,1,1,36,0.3,0.695624,0.970038,2.99928,1
90439,14,1000,23,8,0.78538,551.26,1,1,36,0.6,0.218409,0.237594,0.723199,1
90439,14,1000,23,8,0.78538,551.26,1,1,36,1,0.160845,0.179886,0.441558,3
90439,14,1000,23,8,0.78538,551.26,1,2,1,0.3,1.75289,1.87387,3.74277,16
90439,14,1000,23,8,0.78538,551.26,1,2,1,0.6,5.42859,5.49288,7.63945,14
90439,14,1000,23,8,0.78538,551.26,1,2,1,1,11.1688,11.2423,13.7545,15
90439,14,1000,23,8,0.78538,551.26,1,2,6,0.3,0.236159,0.26841,0.540145,15
90439,14,1000,23,8,0.78538,551.26,1,2,6,0.6,2.63666,2.931,5.52444,14
90439,14,1000,23,8,0.78538,551.26,1,2,6,1,11.0876,11.3476,16.1768,15
90439,14,1000,23,8,0.78538,551.26,1,2,18,0.3,0.218409,0.237594,0.723199,1
90439,14,1000,23,8,0.78538,551.26,1,2,18,0.6,0.171992,0.194444,0.458702,9
90439,14,1000,23,8,0.78538,551.26,1,2,18,1,0.268052,0.30699,0.630489,17
90439,14,1000,23,8,0.78538,551.26,1,2,36,0.3,0.695624,0.970036,2.99927,1
90439,14,1000,23,8,0.78538,551.26,1,2,36,0.6,0.218409,0.237594,0.723199,1
90439,14,1000,23,8,0.78538,551.26,1,2,36,1,0.160846,0.179887,0.441558,3
90439,15,5000,15,12,0.242558,455.26,0,0,1,0.3,1.58748,1.6162,2.38312,97
90439,15,5000,15,12,0.242558,455.26,0,0,1,0.6,3.16386,3.17922,4.09081,95
90439,15,5000,15,12,0.242558,455.26,0,0,1,1,5.26943,5.28893,6.4597,96
90439,15,5000,15,12,0.242558,455.26,0,0,6,0.3,0.0806266,0.0893484,0.198071,24
90439,15,5000,15,12,0.242558,455.26,0,0,6,0.6,0.133538,0.148956,0.32885,57
90439,15,5000,15,12,0.242558,455.26,0,0,6,1,0.431798,0.520414,1.88103,97
90439,15,5000,15,12,0.242558,455.26,0,0,18,0.3,0.0430074,0.0481283,0.117767,6
90439,15,5000,15,12,0.242558,455.26,0,0,18,0.6,0.0633759,0.0704237,0.164239,18
90439,15,5000,15,12,0.242558,455.26,0,0,18,1,0.0859314,0.0952913,0.206499,26
90439,15,5000,15,12,0.242558,455.26,0,0,36,0.3,0.0440349,0.0608458,0.248692,1
90439,15,5000,15,12,0.242558,455.26,0,0,36,0.6,0.0430074,0.0481283,0.117767,6
90439,15,5000,15,12,0.242558,455.26,0,0,36,1,0.0569304,0.0634474,0.148608,16
90439,15,5000,15,12,0.242558,455.26,0,1,1,0.3,0.990766,1.02953,1.87839,97
90439,15,5000,15,12,0.242558,455.26,0,1,1,0.6,3.52268,3.56651,4.87938,96
90439,15,5000,15,12,0.242558,455.26,0,1,1,1,11.0407,11.2986,15.6364,96
90439,15,5000,15,12,0.242558,455.26,0,1,6,0.3,0.0806266,0.0893484,0.19807,24
90439,15,5000,15,12,0.242558,455.26,0,1,6,0.6,0.133538,0.148955,0.32885,57
90439,15,5000,15,12,0.242558,455.26,0,1,6,1,0.532251,0.689442,2.86626,95
90439,15,5000,15,12,0.242558,455.26,0,1,18,0.3,0.0430074,0.0481283,0.117767,6
90439,15,5000,15,12,0.242558,455.26,0,1,18,0.6,0.0633759,0.0704237,0.164239,18
90439,15,5000,15,12,0.242558,455.26,0,1,18,1,0.0859314,0.0952913,0.206499,26
90439,15,5000,15,12,0.242558,455.26,0,1,36,0.3,0.0440349,0.0608458,0.248692,1
90439,15,5000,15,12,0.242558,455.26,0,1,36,0.6,0.0430074,0.0481283,0.117767,6
90439,15,5000,15,12,0.242558,455.26,0,1,36,1,0.0569303,0.0634473,0.148608,16
90439,15,5000,15,12,0.242558,455.26,0,2,1,0.3,1.19086,1.22721,2.04593,97
90439,15,5000,15,12,0.242558,455.26,0,2,1,0.6,3.38015,3.41097,4.55156,95
90439,15,5000,15,12,0.242558,455.26,0,2,1,1,6.95549,6.99557,8.84816,96
90439,15,5000,15,12,0.242558,455.26,0,2,6,0.3,0.0806266,0.0893484,0.19807,24
90439,15,5000,15,12,0.242558,455.26,0,2,6,0.6,0.133538,0.148956,0.32885,57
90439,15,5000,15,12,0.242558,455.26,0,2,6,1,0.495738,0.626308,2.50932,95
90439,15,5000,15,12,0.242558,455.26,0,2,18,0.3,0.0430074,0.0481283,0.117767,6
90439,15,5000,15,12,0.242558,455.26,0,2,18,0.6,0.0633759,0.0704236,0.164238,18
90439,15,5000,15,12,0.242558,455.26,0,2,18,1,0.0859314,0.0952912,0.206497,26
90439,15,5000,15,12,0.242558,455.26,0,2,36,0.3,0.0440349,0.0608458,0.248692,1
90439,15,5000,15,12,0.242558,455.26,0,2,36,0.6,0.0430074,0.0481283,0.117767,6
90439,15,5000,15,12,0.242558,455.26,0,2,36,1,0.0569303,0.0634473,0.148608,16
90439,16,1000,18,7,0.133582,496.9,1,0,1,0.3,1.84942,1.88431,2.74754,18
90439,16,1000,18,7,0.133582,496.9,1,0,1,0.6,3.56022,3.63909,5.65255,19
90439,16,1000,18,7,0.133582,496.9,1,0,1,1,6.10657,6.13604,8.23412,19
90439,16,1000,18,7,0.133582,496.9,1,0,6,0.3,0.0401817,0.0443974,0.0849815,1
90439,16,1000,18,7,0.133582,496.9,1,0,6,0.6,0.102201,0.143003,0.714609,7
90439,16,1000,18,7,0.133582,496.9,1,0,6,1,4.81958,5.34247,8.01928,19
90439,16,1000,18,7,0.133582,496.9,1,0,18,0.3,0.226933,0.352576,1.3417,1
90439,16,1000,18,7,0.133582,496.9,1,0,18,0.6,0.0499786,0.0528474,0.0841274,1
90439,16,1000,18,7,0.133582,496.9,1,0,18,1,0.0403262,0.0449048,0.0877903,1
90439,16,1000,18,7,0.133582,496.9,1,0,36,0.3,1.00663,1.41107,3.7729,1
90439,16,1000,18,7,0.133582,496.9,1,0,36,0.6,0.226933,0.352576,1.3417,1
90439,16,1000,18,7,0.133582,496.9,1,0,36,1,0.0665168,0.0718679,0.22707,1
90439,16,1000,18,7,0.133582,496.9,1,1,1,0.3,1.16191,1.19908,1.89243,19
90439,16,1000,18,7,0.133582,496.9,1,1,1,0.6,4.0306,4.08751,5.48205,19
90439,16,1000,18,7,0.133582,496.9,1,1,1,1,12.8563,13.1954,21.687,19
90439,16,1000,18,7,0.133582,496.9,1,1,6,0.3,0.0404923,0.0445923,0.0849822,1
90439,16,1000,18,7,0.133582,496.9,1,1,6,0.6,0.105883,0.148681,0.71211,7
90439,16,1000,18,7,0.133582,496.9,1,1,6,1,11.1916,12.4978,18.5426,20
90439,16,1000,18,7,0.133582,496.9,1,1,18,0.3,0.226932,0.352576,1.3417,1
90439,16,1000,18,7,0.133582,496.9,1,1,18,0.6,0.0499786,0.0528474,0.0841274,1
90439,16,1000,18,7,0.133582,496.9,1,1,18,1,0.0403271,0.0449058,0.0877915,1
90439,16,1000,18,7,0.133582,496.9,1,1,36,0.3,1.00663,1.41107,3.7729,1
90439,16,1000,18,7,0.133582,496.9,1,1,36,0.6,0.226932,0.352576,1.3417,1
90439,16,1000,18,7,0.133582,496.9,1,1,36,1,0.0665156,0.0718669,0.227071,1
90439,16,1000,18,7,0.133582,496.9,1,2,1,0.3,1.40423,1.44506,2.28191,19
90439,16,1000,18,7,0.133582,496.9,1,2,1,0.6,3.83704,3.89546,5.37066,19
90439,16,1000,18,7,0.133582,496.9,1,2,1,1,8.07201,8.12785,11.4056,19
90439,16,1000,18,7,0.133582,496.9,1,2,6,0.3,0.0401994,0.0443887,0.0849783,1
90439,16,1000,18,7,0.133582,496.9,1,2,6,0.6,0.105494,0.148656,0.733327,7
90439,16,1000,18,7,0.133582,496.9,1,2,6,1,6.45668,7.17019,10.6884,19
90439,16,1000,18,7,0.133582,496.9,1,2,18,0.3,0.226933,0.352576,1.3417,1
90439,16,1000,18,7,0.133582,496.9,1,2,18,0.6,0.0499786,0.0528474,0.0841274,1
90439,16,1000,18,7,0.133582,496.9,1,2,18,1,0.0403271,0.0449056,0.0877931,1
90439,16,1000,18,7,0.133582,496.9,1,2,36,0.3,1.00663,1.41107,3.7729,1
90439,16,1000,18,7,0.133582,496.9,1,2,36,0.6,0.226933,0.352576,1.3417,1
90439,16,1000,18,7,0.133582,496.9,1,2,36,1,0.0665156,0.0718669,0.227071,1
90439,17,5000,17,5,0.521662,556.34,1,0,1,0.3,1.84428,1.89821,3.40639,102
90439,17,5000,17,5,0.521662,556.34,1,0,1,0.6,3.71548,3.74169,5.02104,102
90439,17,5000,17,5,0.521662,556.34,1,0,1,1,6.19276,6.22166,7.75978,102
90439,17,5000,17,5,0.521662,556.34,1,0,6,0.3,0.132345,0.151523,0.377633,59
90439,17,5000,17,5,0.521662,556.34,1,0,6,0.6,0.251707,0.2883,0.873636,105
90439,17,5000,17,5,0.521662,556.34,1,0,6,1,4.88547,5.44145,8.6361,102
90439,17,5000,17,5,0.521662,556.34,1,0,18,0.3,0.152181,0.165714,0.365524,4
90439,17,5000,17,5,0.521662,556.34,1,0,18,0.6,0.112151,0.127623,0.310956,25
90439,17,5000,17,5,0.521662,556.34,1,0,18,1,0.142,0.162548,0.404796,59
90439,17,5000,17,5,0.521662,556.34,1,0,36,0.3,0.287168,0.31145,0.52866,4
90439,17,5000,17,5,0.521662,556.34,1,0,36,0.6,0.152181,0.165714,0.365524,4
90439,17,5000,17,5,0.521662,556.34,1,0,36,1,0.112889,0.12723,0.319456,10
90439,17,5000,17,5,0.521662,556.34,1,1,1,0.3,1.10182,1.18899,2.57245,102
90439,17,5000,17,5,0.521662,556.34,1,1,1,0.6,4.13223,4.18991,6.05305,102
90439,17,5000,17,5,0.521662,556.34,1,1,1,1,12.9631,13.2629,17.5709,103
90439,17,5000,17,5,0.521662,556.34,1,1,6,0.3,0.132345,0.151523,0.377633,59
90439,17,5000,17,5,0.521662,556.34,1,1,6,0.6,0.251708,0.288301,0.873637,105
90439,17,5000,17,5,0.521662,556.34,1,1,6,1,11.5126,12.8863,19.4674,103
90439,17,5000,17,5,0.521662,556.34,1,1,18,0.3,0.152181,0.165714,0.365521,4
90439,17,5000,17,5,0.521662,556.34,1,1,18,0.6,0.112151,0.127623,0.310956,25
90439,17,5000,17,5,0.521662,556.34,1,1,18,1,0.142,0.162548,0.404796,59
90439,17,5000,17,5,0.521662,556.34,1,1,36,0.3,0.287168,0.31145,0.52866,4
90439,17,5000,17,5,0.521662,556.34,1,1,36,0.6,0.152181,0.165714,0.365521,4
90439,17,5000,17,5,0.521662,556.34,1,1,36,1,0.112889,0.12723,0.319456,10
90439,17,5000,17,5,0.521662,556.34,1,2,1,0.3,1.37225,1.45286,2.76051,102
90439,17,5000,17,5,0.521662,556.34,1,2,1,0.6,3.96576,4.00903,5.6665,102
90439,17,5000,17,5,0.521662,556.34,1,2,1,1,8.17576,8.2258,10.2428,102
90439,17,5000,17,5,0.521662,556.34,1,2,6,0.3,0.132345,0.151523,0.377633,59
90439,17,5000,17,5,0.521662,556.34,1,2,6,0.6,0.251707,0.2883,0.873636,105
90439,17,5000,17,5,0.521662,556.34,1,2,6,1,6.57568,7.34113,11.5162,102
90439,17,5000,17,5,0.521662,556.34,1,2,18,0.3,0.152181,0.165714,0.365524,4
90439,17,5000,17,5,0.521662,556.34,1,2,18,0.6,0.112151,0.127623,0.310956,25
90439,17,5000,17,5,0.521662,556.34,1,2,18,1,0.142,0.162548,0.404796,59
90439,17,5000,17,5,0.521662,556.34,1,2,36,0.3,0.287168,0.31145,0.52866,4
90439,17,5000,17,5,0.521662,556.34,1,2,36,0.6,0.152181,0.165714,0.365524,4
90439,17,5000,17,5,0.521662,556.34,1,2,36,1,0.112889,0.12723,0.319456,10
90439,18,1000,21,5,0.834478,562.82,0,0,1,0.3,2.23152,2.28662,3.40657,17
90439,18,1000,21,5,0.834478,562.82,0,0,1,0.6,4.52197,4.54081,5.42286,17
90439,18,1000,21,5,0.834478,562.82,0,0,1,1,7.55621,7.58614,8.99835,18
90439,18,1000,21,5,0.834478,562.82,0,0,6,0.3,0.228246,0.255447,0.519902,12
90439,18,1000,21,5,0.834478,562.82,0,0,6,0.6,0.605962,0.678793,1.53325,16
90439,18,1000,21,5,0.834478,562.82,0,0,6,1,7.41049,7.56655,10.3824,18
90439,18,1000,21,5,0.834478,562.82,0,0,18,0.3,0.201761,0.285128,0.9986,2
90439,18,1000,21,5,0.834478,562.82,0,0,18,0.6,0.168312,0.186354,0.379605,6
90439,18,1000,21,5,0.834478,562.82,0,0,18,1,0.253262,0.285267,0.595251,14
90439,18,1000,21,5,0.834478,562.82,0,0,36,0.3,0.88523,1.22854,3.34165,0
90439,18,1000,21,5,0.834478,562.82,0,0,36,0.6,0.201761,0.285128,0.9986,2
90439,18,1000,21,5,0.834478,562.82,0,0,36,1,0.149733,0.165871,0.335355,4
90439,18,1000,21,5,0.834478,562.82,0,1,1,0.3,1.31603,1.41191,2.49808,18
90439,18,1000,21,5,0.834478,562.82,0,1,1,0.6,5.04219,5.10285,6.5505,17
90439,18,1000,21,5,0.834478,562.82,0,1,1,1,15.7315,16.0794,21.3684,18
90439,18,1000,21,5,0.834478,562.82,0,1,6,0.3,0.22882,0.254998,0.509588,12
90439,18,1000,21,5,0.834478,562.82,0,1,6,0.6,0.652495,0.740515,1.73645,16
90439,18,1000,21,5,0.834478,562.82,0,1,6,1,16.0404,16.8134,24.0816,18
90439,18,1000,21,5,0.834478,562.82,0,1,18,0.3,0.201761,0.285128,0.9986,2
90439,18,1000,21,5,0.834478,562.82,0,1,18,0.6,0.168312,0.186354,0.379606,6
90439,18,1000,21,5,0.834478,562.82,0,1,18,1,0.253262,0.285267,0.595251,14
90439,18,1000,21,5,0.834478,562.82,0,1,36,0.3,0.88523,1.22854,3.34165,0
90439,18,1000,21,5,0.834478,562.82,0,1,36,0.6,0.201761,0.285128,0.9986,2
90439,18,1000,21,5,0.834478,562.82,0,1,36,1,0.149733,0.165871,0.335355,4
90439,18,1000,21,5,0.834478,562.82,0,2,1,0.3,1.60495,1.72838,3.25854,18
90439,18,1000,21,5,0.834478,562.82,0,2,1,0.6,4.83476,4.87633,6.11601,17
90439,18,1000,21,5,0.834478,562.82,0,2,1,1,9.90523,9.98467,13.7752,18
90439,18,1000,21,5,0.834478,562.82,0,2,6,0.3,0.228439,0.255112,0.514102,12
90439,18,1000,21,5,0.834478,562.82,0,2,6,0.6,0.634622,0.715817,1.66639,16
90439,18,1000,21,5,0.834478,562.82,0,2,6,1,9.82365,10.0813,13.8884,18
90439,18,1000,21,5,0.834478,562.82,0,2,18,0.3,0.201761,0.285128,0.9986,2
90439,18,1000,21,5,0.834478,562.82,0,2,18,0.6,0.168312,0.186354,0.379606,6
90439,18,1000,21,5,0.834478,562.82,0,2,18,1,0.253262,0.285267,0.595251,14
90439,18,1000,21,5,0.834478,562.82,0,2,36,0.3,0.885229,1.22854,3.34165,0
90439,18,1000,21,5,0.834478,562.82,0,2,36,0.6,0.201761,0.285128,0.9986,2
90439,18,1000,21,5,0.834478,562.82,0,2,36,1,0.149733,0.165871,0.335356,4
90439,19,5000,18,6,0.331444,467.88,1,0,1,0.3,1.6964,1.74787,3.0051,94
90439,19,5000,18,6,0.331444,467.88,1,0,1,0.6,3.36714,3.39682,4.61222,96
90439,19,5000,18,6,0.331444,467.88,1,0,1,1,5.60746,5.63715,7.11546,95
90439,19,5000,18,6,0.331444,467.88,1,0,6,0.3,0.0844854,0.0964494,0.263215,15
90439,19,5000,18,6,0.331444,467.88,1,0,6,0.6,0.138237,0.158734,0.479162,75
90439,19,5000,18,6,0.331444,467.88,1,0,6,1,4.27122,4.76632,7.44216,95
90439,19,5000,18,6,0.331444,467.88,1,0,18,0.3,0.156489,0.164936,0.279035,2
90439,19,5000,18,6,0.331444,467.88,1,0,18,0.6,0.0917999,0.100575,0.247913,4
90439,19,5000,18,6,0.331444,467.88,1,0,18,1,0.0867961,0.0995819,0.270048,25
90439,19,5000,18,6,0.331444,467.88,1,0,36,0.3,0.294567,0.309517,0.438021,2
90439,19,5000,18,6,0.331444,467.88,1,0,36,0.6,0.156489,0.164936,0.279035,2
90439,19,5000,18,6,0.331444,467.88,1,0,36,1,0.102758,0.110527,0.248853,2
90439,19,5000,18,6,0.331444,467.88,1,1,1,0.3,1.04449,1.11921,2.28017,94
90439,19,5000,18,6,0.331444,467.88,1,1,1,0.6,3.74743,3.80557,5.39183,96
90439,19,5000,18,6,0.331444,467.88,1,1,1,1,11.7382,12.008,16.1483,95
90439,19,5000,18,6,0.331444,467.88,1,1,6,0.3,0.0844852,0.0964493,0.263215,15
90439,19,5000,18,6,0.331444,467.88,1,1,6,0.6,0.138238,0.158734,0.479162,75
90439,19,5000,18,6,0.331444,467.88,1,1,6,1,10.124,11.2975,17.1413,95
90439,19,5000,18,6,0.331444,467.88,1,1,18,0.3,0.156489,0.164936,0.279035,2
90439,19,5000,18,6,0.331444,467.88,1,1,18,0.6,0.0917999,0.100575,0.247914,4
90439,19,5000,18,6,0.331444,467.88,1,1,18,1,0.0867961,0.0995818,0.270047,25
90439,19,5000,18,6,0.331444,467.88,1,1,36,0.3,0.294567,0.309517,0.438021,2
90439,19,5000,18,6,0.331444,467.88,1,1,36,0.6,0.156489,0.164936,0.279033,2
90439,19,5000,18,6,0.331444,467.88,1,1,36,1,0.102758,0.110527,0.248853,2
90439,19,5000,18,6,0.331444,467.88,1,2,1,0.3,1.27751,1.35214,2.7545,92
90439,19,5000,18,6,0.331444,467.88,1,2,1,0.6,3.5948,3.63922,5.01152,96
90439,19,5000,18,6,0.331444,467.88,1,2,1,1,7.39786,7.44466,9.31032,95
90439,19,5000,18,6,0.331444,467.88,1,2,6,0.3,0.0844854,0.0964495,0.263215,15
90439,19,5000,18,6,0.331444,467.88,1,2,6,0.6,0.138237,0.158734,0.479162,75
90439,19,5000,18,6,0.331444,467.88,1,2,6,1,5.73962,6.40336,9.99427,95
90439,19,5000,18,6,0.331444,467.88,1,2,18,0.3,0.156489,0.164936,0.279034,2
90439,19,5000,18,6,0.331444,467.88,1,2,18,0.6,0.0917997,0.100575,0.247913,4
90439,19,5000,18,6,0.331444,467.88,1,2,18,1,0.0867958,0.0995815,0.270047,25
90439,19,5000,18,6,0.331444,467.88,1,2,36,0.3,0.294565,0.309516,0.43802,2
90439,19,5000,18,6,0.331444,467.88,1,2,36,0.6,0.156489,0.164936,0.279034,2
90439,19,5000,18,6,0.331444,467.88,1,2,36,1,0.102758,0.110527,0.248852,2
